src_mac,node_position,node_instance,timestamp_us,message_type,accel_x,accel_y,accel_z,gyro_x,gyro_y,gyro_z,lat,lon,alt,speed_kts,heading,utc_time_year,utc_time_month,utc_time_day,utc_time_hours,utc_time_minutes,utc_time_seconds,utc_time_millis,magic,error
58:8C:81:40:BE:24,Center,1,124003,Imu,-0.025132,0.057827998,0.99112797,-1.68,38.64,-3.535,,,,,,,,,,,,,,
58:8C:81:40:BE:24,Center,1,155134,Imu,-0.02074,0.061732,1.029924,-1.855,38.99,-3.64,,,,,,,,,,,,,,
58:8C:81:40:BE:24,Center,1,186104,Imu,-0.024156,0.069052,0.98600405,-1.68,37.205,-3.605,,,,,,,,,,,,,,
58:8C:81:40:BE:1C,Center,0,217273,Imu,0.028792,0.032208,1.0535921,0.035,-1.89,-1.225,,,,,,,,,,,,,,
58:8C:81:40:BE:24,Center,1,248087,Heartbeat,,,,,,,,,,,,,,,,,,,66,
58:8C:81:40:BE:24,Center,1,279161,Gps,,,,,,,43.477665,-80.54597583333333,341.5,0.028,0,2026,3,8,21,30,6,0,,
58:8C:81:40:BE:24,Center,1,310385,Imu,-0.017812,0.066124,0.986736,-1.61,38.815,-3.5,,,,,,,,,,,,,,
58:8C:81:40:BE:24,Center,1,341113,Imu,-0.030256001,0.058560003,1.005524,-1.68,39.305,-3.465,,,,,,,,,,,,,,
58:8C:81:40:BE:24,Center,1,372176,Imu,-0.021960001,0.058072,0.990884,-1.715,36.33,-3.605,,,,,,,,,,,,,,
58:8C:81:40:BE:1C,Center,0,403260,Imu,0.038796,0.04514,1.064816,-0.84,0.035,-0.7,,,,,,,,,,,,,,
58:8C:81:40:BE:24,Center,1,434037,Imu,-0.030256001,0.07564,0.96672803,-1.645,39.025,-3.535,,,,,,,,,,,,,,
58:8C:81:40:BE:24,Center,1,465093,Imu,-0.022204,0.059536,1.031876,-1.575,35.28,-3.5,,,,,,,,,,,,,,
58:8C:81:40:BE:24,Center,1,501329,Imu,-0.021716,0.054412,0.951844,-1.645,38.36,-3.5,,,,,,,,,,,,,,
58:8C:81:40:BE:1C,Center,0,531697,Imu,0.033916,0.035624,1.056276,5.355,-0.945,-1.085,,,,,,,,,,,,,,
58:8C:81:40:BE:24,Center,1,562518,Imu,-0.0366,0.05734,1.037244,-1.645,39.165,-3.465,,,,,,,,,,,,,,
58:8C:81:40:BE:24,Center,1,593230,Imu,-0.027328001,0.065391995,0.979416,-1.61,39.48,-3.535,,,,,,,,,,,,,,
58:8C:81:40:BE:24,Center,1,623617,Imu,-0.02318,0.052704003,1.042124,-1.715,32.935,-3.5,,,,,,,,,,,,,,
58:8C:81:40:BE:1C,Center,0,654388,Imu,0.040504,0.045628004,1.0379759,1.19,-2.765,-0.91,,,,,,,,,,,,,,
58:8C:81:40:BE:24,Center,1,685471,Gps,,,,,,,43.477665,-80.54597583333333,341.5,0.024,0,2026,3,8,21,30,6,0,,
58:8C:81:40:BE:1C,Center,0,716689,Imu,0.032208,0.039772,1.03944,0.77,-2.205,-0.98,,,,,,,,,,,,,,
58:8C:81:40:BE:1C,Center,0,747486,Imu,0.029768,0.05734,1.016504,2.065,-0.595,-0.875,,,,,,,,,,,,,,
58:8C:81:40:BE:24,Center,1,778841,Gps,,,,,,,43.477665,-80.54597583333333,341.5,0.006,0,2026,3,8,21,30,6,0,,
58:8C:81:40:BE:1C,Center,0,809395,Imu,0.027816,0.049532,1.014796,2.1,-0.875,-0.91,,,,,,,,,,,,,,
58:8C:81:40:BE:1C,Center,0,840412,Imu,0.024644,0.041968003,1.059204,-0.49,-0.14,-0.84,,,,,,,,,,,,,,
58:8C:81:40:BE:1C,Center,0,871549,Imu,0.044652,0.048312,1.037244,-1.085,-2.45,-0.91,,,,,,,,,,,,,,
58:8C:81:40:BE:24,Center,1,902394,Gps,,,,,,,43.477665,-80.54597583333333,341.5,0.039,0,2026,3,8,21,30,6,0,,
58:8C:81:40:BE:1C,Center,0,933643,Imu,0.034404,0.040748,1.0309,0.63,-2.94,-1.12,,,,,,,,,,,,,,
58:8C:81:40:BE:1C,Center,0,964358,Imu,0.033916,0.049776003,0.999668,1.54,-0.385,-0.84,,,,,,,,,,,,,,
58:8C:81:40:BE:24,Center,1,1001822,Gps,,,,,,,43.477665,-80.54597583333333,341.5,0.039,0,2026,3,8,21,30,6,0,,
58:8C:81:40:BE:1C,Center,0,1032226,Imu,0.025864,0.04758,1.0111359,2.765,-0.175,-0.945,,,,,,,,,,,,,,
58:8C:81:40:BE:24,Center,1,1063102,Imu,-0.020008,0.070760004,1.007964,-1.75,38.99,-3.605,,,,,,,,,,,,,,
58:8C:81:40:BE:24,Center,1,1094317,Imu,-0.011224,0.064660005,1.016992,-1.68,38.99,-3.5,,,,,,,,,,,,,,
58:8C:81:40:BE:24,Center,1,1125244,Imu,-0.022691999,0.06807601,1.01748,-1.715,39.13,-3.605,,,,,,,,,,,,,,
58:8C:81:40:BE:24,Center,1,1155953,Imu,-0.022448,0.058804,0.993812,-1.82,39.06,-3.535,,,,,,,,,,,,,,
58:8C:81:40:BE:1C,Center,0,1186297,Imu,0.033428002,0.050508,1.00284,2.485,-0.42,-1.015,,,,,,,,,,,,,,
58:8C:81:40:BE:1C,Center,0,1217198,Imu,0.027816,0.039284002,1.062132,-0.455,-0.105,-0.805,,,,,,,,,,,,,,
58:8C:81:40:BE:1C,Center,0,1248312,Imu,0.025132,0.031964,0.992836,2.31,-0.63,-1.05,,,,,,,,,,,,,,
58:8C:81:40:BE:1C,Center,0,1279246,Heartbeat,,,,,,,,,,,,,,,,,,,66,
58:8C:81:40:BE:24,Center,1,1309889,Gps,,,,,,,43.47766516666667,-80.545976,341.5,0.014,0,2026,3,8,21,30,7,0,,
58:8C:81:40:BE:1C,Center,0,1340078,Imu,0.029768,0.041724,1.074576,0.035,-0.175,-1.155,,,,,,,,,,,,,,
58:8C:81:40:BE:24,Center,1,1371228,Imu,0.0073200003,0.031964,1.0457841,-1.645,38.745,-3.64,,,,,,,,,,,,,,
58:8C:81:40:BE:24,Center,1,1402240,Gps,,,,,,,43.47766516666667,-80.545976,341.5,0.036,0,2026,3,8,21,30,7,0,,
58:8C:81:40:BE:1C,Center,0,1415845,Imu,0.038064,0.052948,1.010404,2.765,-0.56,-0.77,,,,,,,,,,,,,,
58:8C:81:40:BE:1C,Center,0,1446180,Imu,0.023912001,0.039528,1.0438321,-0.35,-0.525,-1.05,,,,,,,,,,,,,,
58:8C:81:40:BE:1C,Center,0,1477280,Imu,0.03904,0.039772,1.0396839,-1.925,-1.645,-1.19,,,,,,,,,,,,,,
58:8C:81:40:BE:24,Center,1,1501414,Imu,-0.027816,0.070516,1.008208,-1.645,38.78,-3.43,,,,,,,,,,,,,,
58:8C:81:40:BE:24,Center,1,1531760,Imu,0.00024400001,0.067099996,1.045052,-1.82,36.75,-3.5,,,,,,,,,,,,,,
58:8C:81:40:BE:24,Center,1,1562654,Imu,-0.022448,0.058804,0.987956,-1.82,38.99,-3.535,,,,,,,,,,,,,,
58:8C:81:40:BE:24,Center,1,1593441,Gps,,,,,,,43.47766516666667,-80.545976,341.5,0.012,0,2026,3,8,21,30,7,0,,
58:8C:81:40:BE:24,Center,1,1624639,Imu,-0.021228,0.080276,0.98112404,-1.715,38.57,-3.605,,,,,,,,,,,,,,
58:8C:81:40:BE:24,Center,1,1655314,Imu,-0.019276,0.075152,0.97648805,-1.785,39.375,-3.64,,,,,,,,,,,,,,
58:8C:81:40:BE:24,Center,1,1685548,Gps,,,,,,,43.47766516666667,-80.545976,341.5,0.019,0,2026,3,8,21,30,7,0,,
58:8C:81:40:BE:24,Center,1,1716565,Imu,-0.025864,0.069052,1.026752,-1.68,30.8,-3.465,,,,,,,,,,,,,,
58:8C:81:40:BE:24,Center,1,1747342,Imu,-0.0034160002,0.063928,1.040904,-1.68,38.85,-3.605,,,,,,,,,,,,,,
58:8C:81:40:BE:24,Center,1,1777597,Imu,-0.02074,0.075396,1.010404,-1.82,38.675,-3.605,,,,,,,,,,,,,,
58:8C:81:40:BE:1C,Center,0,1808528,Imu,0.039772,0.060756,1.0282161,0.385,-2.485,-0.91,,,,,,,,,,,,,,
58:8C:81:40:BE:24,Center,1,1839743,Imu,-0.022691999,0.067832,0.981856,-1.715,39.13,-3.535,,,,,,,,,,,,,,
58:8C:81:40:BE:1C,Center,0,1870573,Imu,0.026352001,0.045383997,1.0538361,0.105,-0.805,-0.91,,,,,,,,,,,,,,
58:8C:81:40:BE:1C,Center,0,1901266,Imu,0.0244,0.044164002,1.036512,0.56,-1.015,-0.84,,,,,,,,,,,,,,
58:8C:81:40:BE:1C,Center,0,1931484,Imu,0.027328001,0.034404,1.051152,-0.56,0.175,-0.98,,,,,,,,,,,,,,
58:8C:81:40:BE:1C,Center,0,1962569,Imu,0.04758,0.060024,1.0604241,1.26,-1.715,-1.12,,,,,,,,,,,,,,
58:8C:81:40:BE:24,Center,1,2001520,Imu,-0.022936001,0.073444,1.0187,-1.68,35.595,-3.5,,,,,,,,,,,,,,
58:8C:81:40:BE:24,Center,1,2031809,Imu,-0.019764,0.055144,0.99308,-1.645,38.535,-3.535,,,,,,,,,,,,,,
58:8C:81:40:BE:1C,Center,0,2062338,Imu,0.022936001,0.052704003,1.0235801,3.185,-0.035,-0.805,,,,,,,,,,,,,,
58:8C:81:40:BE:24,Center,1,2093603,Gps,,,,,,,43.47766516666667,-80.545976,341.5,0.015,0,2026,3,8,21,30,7,0,,
58:8C:81:40:BE:24,Center,1,2124578,Imu,-0.027572,0.06344,0.975024,-1.68,37.31,-3.5,,,,,,,,,,,,,,
58:8C:81:40:BE:24,Center,1,2155406,Imu,-0.017812,0.057096,1.049932,-1.68,38.955,-3.57,,,,,,,,,,,,,,
58:8C:81:40:BE:24,Center,1,2186625,Imu,-0.002928,0.058316004,1.040416,-1.75,38.85,-3.605,,,,,,,,,,,,,,
58:8C:81:40:BE:24,Center,1,2217488,Gps,,,,,,,43.47766516666667,-80.545976,341.5,0.046,0,2026,3,8,21,30,8,0,,
58:8C:81:40:BE:24,Center,1,2248205,Imu,-0.021716,0.059779998,1.041636,-1.68,38.675,-3.465,,,,,,,,,,,,,,
58:8C:81:40:BE:1C,Center,0,2278410,Imu,0.028548,0.062708,1.020652,1.925,-0.84,-1.085,,,,,,,,,,,,,,
58:8C:81:40:BE:1C,Center,0,2309415,Imu,0.038552,0.044164002,1.049444,-0.805,-1.12,-1.085,,,,,,,,,,,,,,
58:8C:81:40:BE:1C,Center,0,2340532,Imu,0.031476,0.058072,1.005524,2.695,-0.98,-1.015,,,,,,,,,,,,,,
58:8C:81:40:BE:1C,Center,0,2371479,Imu,0.031232001,0.055388,1.0111359,3.29,-0.63,-0.98,,,,,,,,,,,,,,
58:8C:81:40:BE:24,Center,1,2402434,Imu,-0.019032,0.127368,0.952088,-1.715,37.975,-3.5,,,,,,,,,,,,,,
58:8C:81:40:BE:1C,Center,0,2433628,Imu,0.014152001,0.0915,1.037244,3.71,-1.785,-0.63,,,,,,,,,,,,,,
58:8C:81:40:BE:1C,Center,0,2464407,Imu,0.028548,0.030256001,1.0777481,-3.885,0.42,-0.49,,,,,,,,,,,,,,
58:8C:81:40:BE:24,Center,1,2502549,Gps,,,,,,,43.47766516666667,-80.545976,341.5,0.007,0,2026,3,8,21,30,8,0,,
58:8C:81:40:BE:24,Center,1,2532850,Imu,-0.009516,0.058072,1.05896,-1.68,35.63,-3.465,,,,,,,,,,,,,,
58:8C:81:40:BE:1C,Center,0,2563741,Imu,0.0305,0.047092,1.0557879,0.91,-3.675,-0.595,,,,,,,,,,,,,,
58:8C:81:40:BE:24,Center,1,2594569,Gps,,,,,,,43.47766516666667,-80.545976,341.5,0.035,0,2026,3,8,21,30,8,0,,
58:8C:81:40:BE:1C,Center,0,2625769,Imu,0.022691999,0.044896,1.003816,0.63,-1.89,-0.63,,,,,,,,,,,,,,
58:8C:81:40:BE:24,Center,1,2656750,Imu,-0.036844,0.05734,1.003816,-1.715,38.955,-3.57,,,,,,,,,,,,,,
58:8C:81:40:BE:1C,Center,0,2687426,Imu,0.051972,0.042212002,1.030656,0.805,-4.62,-1.33,,,,,,,,,,,,,,
58:8C:81:40:BE:24,Center,1,2717686,Gps,,,,,,,43.47766516666667,-80.545976,341.5,0.037,0,2026,3,8,21,30,8,0,,
58:8C:81:40:BE:24,Center,1,2748484,Imu,-0.0046360004,0.065148,1.026752,-1.715,39.2,-3.64,,,,,,,,,,,,,,
58:8C:81:40:BE:24,Center,1,2779696,Imu,-0.023424,0.061976,0.983808,-1.68,36.75,-3.57,,,,,,,,,,,,,,
58:8C:81:40:BE:24,Center,1,2810396,Imu,-0.0043920004,0.067099996,1.003572,-1.645,39.025,-3.465,,,,,,,,,,,,,,
58:8C:81:40:BE:1C,Center,0,2840513,Imu,0.026352001,0.046848,1.046516,2.1,-0.665,-1.05,,,,,,,,,,,,,,
58:8C:81:40:BE:24,Center,1,2871616,Imu,-0.02318,0.06954,1.006988,-1.75,37.45,-3.605,,,,,,,,,,,,,,
58:8C:81:40:BE:24,Center,1,2902812,Gps,,,,,,,43.47766516666667,-80.545976,341.5,0.014,0,2026,3,8,21,30,8,0,,
58:8C:81:40:BE:24,Center,1,2933655,Imu,-0.029280001,0.065391995,1.005036,-1.575,38.78,-3.57,,,,,,,,,,,,,,
58:8C:81:40:BE:1C,Center,0,2964521,Imu,0.033184003,0.044164002,1.04676,0.28,0.21,-1.05,,,,,,,,,,,,,,
58:8C:81:40:BE:24,Center,1,3001673,Gps,,,,,,,43.477665333333334,-80.545976,341.5,0.048,0,2026,3,8,21,30,8,0,,
58:8C:81:40:BE:1C,Center,0,3031858,Imu,0.047336,0.040748,1.048224,-1.96,-1.365,-1.12,,,,,,,,,,,,,,
58:8C:81:40:BE:1C,Center,0,3062629,Imu,0.044896,0.051728,1.0396839,-2.31,-2.94,-1.155,,,,,,,,,,,,,,
58:8C:81:40:BE:1C,Center,0,3093653,Imu,0.033672,0.042944,1.0265081,1.855,-1.26,-0.84,,,,,,,,,,,,,,
58:8C:81:40:BE:1C,Center,0,3124844,Imu,0.032208,0.04636,1.038952,0.42,-3.045,-1.085,,,,,,,,,,,,,,
58:8C:81:40:BE:24,Center,1,3155772,Imu,-0.0244,0.066124,1.005036,-1.715,40.25,-3.535,,,,,,,,,,,,,,
58:8C:81:40:BE:24,Center,1,3186888,Imu,-0.0068320003,0.061732,1.067256,-1.645,35.875,-3.5,,,,,,,,,,,,,,
58:8C:81:40:BE:24,Center,1,3217604,Imu,-0.028548,0.060268,0.97356,-1.645,38.29,-3.605,,,,,,,,,,,,,,
58:8C:81:40:BE:1C,Center,0,3247781,Imu,0.049043998,0.046604,1.0457841,-2.03,-1.225,-0.91,,,,,,,,,,,,,,
58:8C:81:40:BE:1C,Center,0,3278890,Imu,0.047824003,0.0549,1.033584,-1.435,-3.01,-1.05,,,,,,,,,,,,,,
58:8C:81:40:BE:24,Center,1,3309752,Gps,,,,,,,43.477665333333334,-80.545976,341.5,0.013,0,2026,3,8,21,30,9,0,,
58:8C:81:40:BE:24,Center,1,3340865,Imu,-0.028304001,0.057827998,0.979904,-1.89,39.095,-3.465,,,,,,,,,,,,,,
58:8C:81:40:BE:1C,Center,0,3371807,Imu,0.036112,0.05002,0.99942404,2.17,-0.63,-0.91,,,,,,,,,,,,,,
58:8C:81:40:BE:24,Center,1,3402750,Gps,,,,,,,43.477665333333334,-80.545976,341.5,0.013,0,2026,3,8,21,30,9,0,,
58:8C:81:40:BE:1C,Center,0,3433875,Imu,0.030988,0.049776003,1.010892,1.295,-0.805,-0.875,,,,,,,,,,,,,,
58:8C:81:40:BE:24,Center,1,3464639,Imu,-0.02806,0.059779998,1.037,-1.645,38.885,-3.57,,,,,,,,,,,,,,
58:8C:81:40:BE:24,Center,1,3501861,Gps,,,,,,,43.477665333333334,-80.545976,341.5,0.035,0,2026,3,8,21,30,9,0,,
58:8C:81:40:BE:24,Center,1,3532262,Imu,-0.023424,0.057584,1.048224,-1.785,33.18,-3.465,,,,,,,,,,,,,,
58:8C:81:40:BE:24,Center,1,3562869,Imu,-0.020008,0.058804,1.006256,-1.785,36.68,-3.605,,,,,,,,,,,,,,
58:8C:81:40:BE:24,Center,1,3593712,Imu,-0.018544002,0.075396,0.99478805,-1.645,38.115,-3.535,,,,,,,,,,,,,,
58:8C:81:40:BE:24,Center,1,3624886,Imu,-0.0068320003,0.063684,1.057008,-1.68,39.13,-3.5,,,,,,,,,,,,,,
58:8C:81:40:BE:24,Center,1,3655776,Imu,-0.019032,0.073688,0.993568,-1.785,39.27,-3.605,,,,,,,,,,,,,,
58:8C:81:40:BE:24,Center,1,3686834,Imu,-0.017812,0.057096,1.054568,-1.715,38.85,-3.605,,,,,,,,,,,,,,
58:8C:81:40:BE:24,Center,1,3717855,Gps,,,,,,,43.477665333333334,-80.54597616666666,341.5,0.041,0,2026,3,8,21,30,9,0,,
58:8C:81:40:BE:24,Center,1,3748842,Imu,-0.028792,0.062952,1.020896,-1.75,37.345,-3.465,,,,,,,,,,,,,,
58:8C:81:40:BE:1C,Center,0,3779942,Imu,0.045383997,0.04758,1.037488,-1.19,-3.01,-0.98,,,,,,,,,,,,,,
58:8C:81:40:BE:24,Center,1,3810828,Gps,,,,,,,43.477665333333334,-80.545976,341.5,0.03,0,2026,3,8,21,30,9,0,,
58:8C:81:40:BE:1C,Center,0,3842059,Imu,0.030256001,0.046604,1.049932,1.085,-2.835,-1.05,,,,,,,,,,,,,,
58:8C:81:40:BE:24,Center,1,3872765,Imu,-0.021716,0.075884,0.973316,-1.75,38.01,-3.535,,,,,,,,,,,,,,
58:8C:81:40:BE:1C,Center,0,3904004,Imu,0.03172,0.041724,1.067988,-2.275,0.385,-0.91,,,,,,,,,,,,,,
58:8C:81:40:BE:24,Center,1,3934786,Imu,-0.017812,0.07564,0.98942,-1.75,38.64,-3.57,,,,,,,,,,,,,,
58:8C:81:40:BE:24,Center,1,3965868,Imu,-0.016836,0.070272006,1.00528,-1.68,35.0,-3.535,,,,,,,,,,,,,,
58:8C:81:40:BE:1C,Center,0,4002471,Imu,0.044164002,0.055388,1.031632,-1.33,-2.87,-1.05,,,,,,,,,,,,,,
58:8C:81:40:BE:24,Center,1,4032721,Imu,-0.027328001,0.06344,1.017236,-1.645,39.305,-3.5,,,,,,,,,,,,,,
58:8C:81:40:BE:24,Center,1,4063936,Imu,-0.0043920004,0.066124,1.063596,-1.785,38.955,-3.535,,,,,,,,,,,,,,
58:8C:81:40:BE:24,Center,1,4094645,Imu,-0.026352001,0.064660005,0.967948,-1.645,38.745,-3.43,,,,,,,,,,,,,,
58:8C:81:40:BE:24,Center,1,4125709,Imu,-0.008052,0.068564005,1.04066,-1.715,29.575,-3.605,,,,,,,,,,,,,,
58:8C:81:40:BE:1C,Center,0,4156672,Imu,0.026596,0.05734,1.000156,3.745,-0.455,-1.015,,,,,,,,,,,,,,
58:8C:81:40:BE:1C,Center,0,4187791,Imu,0.038552,0.07808,1.018944,-1.015,-1.225,-1.33,,,,,,,,,,,,,,
58:8C:81:40:BE:24,Center,1,4219001,Imu,-0.011468001,0.064172,1.049688,-1.855,39.095,-3.64,,,,,,,,,,,,,,
58:8C:81:40:BE:1C,Center,0,4249819,Imu,0.030988,0.0427,1.025776,-0.105,-1.33,-0.98,,,,,,,,,,,,,,
58:8C:81:40:BE:1C,Center,0,4280602,Imu,0.02684,0.044164002,1.05164,-0.56,-0.525,-0.875,,,,,,,,,,,,,,
58:8C:81:40:BE:1C,Center,0,4310739,Heartbeat,,,,,,,,,,,,,,,,,,,66,
58:8C:81:40:BE:1C,Center,0,4341716,Imu,0.043432,0.054412,1.049444,-1.435,-2.03,-1.085,,,,,,,,,,,,,,
58:8C:81:40:BE:24,Center,1,4372885,Imu,-0.034647997,0.060756,0.970388,-1.61,39.305,-3.605,,,,,,,,,,,,,,
58:8C:81:40:BE:1C,Center,0,4403785,Imu,0.022448,0.043676,1.0614,-1.365,-0.245,-1.015,,,,,,,,,,,,,,
58:8C:81:40:BE:24,Center,1,4434856,Imu,-0.023912001,0.070028,0.979416,-1.82,39.41,-3.605,,,,,,,,,,,,,,
58:8C:81:40:BE:24,Center,1,4465580,Imu,-0.030744,0.061244,1.015528,-1.855,29.82,-3.43,,,,,,,,,,,,,,
58:8C:81:40:BE:1C,Center,0,4495864,Imu,0.041236,0.047336,1.050176,-1.47,-1.26,-0.875,,,,,,,,,,,,,,
58:8C:81:40:BE:24,Center,1,4502549,Imu,-0.01708,0.07564,1.000156,-1.75,37.415,-3.5,,,,,,,,,,,,,,
58:8C:81:40:BE:24,Center,1,4532688,Imu,-0.0043920004,0.069295995,1.0431,-1.47,37.135,-3.57,,,,,,,,,,,,,,
58:8C:81:40:BE:1C,Center,0,4563082,Imu,0.035868,0.044408,1.008696,1.505,-1.05,-0.98,,,,,,,,,,,,,,
58:8C:81:40:BE:24,Center,1,4594070,Gps,,,,,,,43.4776655,-80.54597616666666,341.5,0.032,0,2026,3,8,21,30,10,0,,
58:8C:81:40:BE:24,Center,1,4625081,Imu,-0.027328001,0.058804,0.985028,-1.785,39.025,-3.57,,,,,,,,,,,,,,
58:8C:81:40:BE:24,Center,1,4656042,Imu,-0.017812,0.070272006,1.003328,-1.645,33.88,-3.5,,,,,,,,,,,,,,
58:8C:81:40:BE:1C,Center,0,4686328,Imu,0.038064,0.051728,1.037732,-0.49,-3.045,-1.155,,,,,,,,,,,,,,
58:8C:81:40:BE:1C,Center,0,4717145,Imu,0.027572,0.045872003,1.051884,0.945,-0.665,-0.77,,,,,,,,,,,,,,
58:8C:81:40:BE:1C,Center,0,4748119,Imu,0.048312,0.044896,1.037,-1.47,-1.505,-1.085,,,,,,,,,,,,,,
58:8C:81:40:BE:1C,Center,0,4779088,Imu,0.020496,0.050996,1.03334,3.64,-0.77,-1.05,,,,,,,,,,,,,,
58:8C:81:40:BE:24,Center,1,4810203,Imu,-0.005124,0.069295995,1.049688,-1.75,39.06,-3.57,,,,,,,,,,,,,,
58:8C:81:40:BE:1C,Center,0,4841224,Imu,0.024888001,0.052704003,1.0111359,3.465,-0.42,-1.05,,,,,,,,,,,,,,
58:8C:81:40:BE:24,Center,1,4872201,Imu,-0.016836,0.054656003,1.047004,-1.68,37.52,-3.57,,,,,,,,,,,,,,
58:8C:81:40:BE:1C,Center,0,4903262,Imu,0.02562,0.04758,1.030656,3.01,-0.945,-0.91,,,,,,,,,,,,,,
58:8C:81:40:BE:1C,Center,0,4934238,Imu,0.030256001,0.044164002,1.037488,0.665,-0.63,-0.805,,,,,,,,,,,,,,
58:8C:81:40:BE:24,Center,1,4965439,Imu,-0.018056,0.05612,1.0616441,-1.61,39.025,-3.535,,,,,,,,,,,,,,
58:8C:81:40:BE:1C,Center,0,5002158,Imu,0.036112,0.04758,1.001376,2.415,-0.875,-0.91,,,,,,,,,,,,,,
58:8C:81:40:BE:24,Center,1,5032522,Imu,-0.005856,0.064416,1.067256,-1.715,38.395,-3.43,,,,,,,,,,,,,,
58:8C:81:40:BE:1C,Center,0,5063089,Imu,0.0305,0.04514,1.036512,1.05,-2.625,-1.085,,,,,,,,,,,,,,
58:8C:81:40:BE:24,Center,1,5094265,Gps,,,,,,,43.4776655,-80.54597616666666,341.5,0.032,0,2026,3,8,21,30,10,0,,
58:8C:81:40:BE:1C,Center,0,5125176,Imu,0.02318,0.046116002,1.030656,3.185,-1.015,-0.98,,,,,,,,,,,,,,
58:8C:81:40:BE:24,Center,1,5156095,Imu,-0.029036,0.060268,1.0282161,-1.645,39.795,-3.5,,,,,,,,,,,,,,
58:8C:81:40:BE:1C,Center,0,5187240,Imu,0.050996,0.046848,1.048468,-2.38,-1.82,-0.98,,,,,,,,,,,,,,
58:8C:81:40:BE:24,Center,1,5217703,Gps,,,,,,,43.4776655,-80.54597616666666,341.5,0.014,0,2026,3,8,21,30,11,0,,
58:8C:81:40:BE:1C,Center,0,5247937,Imu,0.0305,0.04514,1.0440761,0.595,-1.015,-0.735,,,,,,,,,,,,,,
58:8C:81:40:BE:1C,Center,0,5279087,Imu,0.028792,0.044896,1.039928,1.505,-2.87,-1.015,,,,,,,,,,,,,,
58:8C:81:40:BE:24,Center,1,5310171,Imu,-0.021960001,0.052948,1.042368,-1.61,39.34,-3.465,,,,,,,,,,,,,,
58:8C:81:40:BE:24,Center,1,5341100,Imu,-0.024644,0.070760004,0.967948,-1.575,37.38,-3.535,,,,,,,,,,,,,,
58:8C:81:40:BE:1C,Center,0,5372009,Imu,0.027816,0.04514,1.024312,-0.21,-0.56,-0.77,,,,,,,,,,,,,,
58:8C:81:40:BE:24,Center,1,5403081,Imu,-0.026108,0.057584,0.99015206,-1.575,32.34,-3.465,,,,,,,,,,,,,,
58:8C:81:40:BE:24,Center,1,5434292,Imu,-0.020008,0.075884,0.99405605,-1.785,38.185,-3.675,,,,,,,,,,,,,,
58:8C:81:40:BE:24,Center,1,5465024,Imu,-0.019032,0.056364004,1.057984,-1.89,39.025,-3.465,,,,,,,,,,,,,,
58:8C:81:40:BE:1C,Center,0,5502311,Imu,0.023424,0.052704003,1.016748,3.57,-0.315,-1.085,,,,,,,,,,,,,,
58:8C:81:40:BE:24,Center,1,5532440,Imu,-0.013176001,0.060268,1.054324,-1.68,34.755,-3.395,,,,,,,,,,,,,,
58:8C:81:40:BE:24,Center,1,5563274,Imu,-0.0075640003,0.062708,1.0477359,-1.715,37.31,-3.465,,,,,,,,,,,,,,
58:8C:81:40:BE:24,Center,1,5594427,Gps,,,,,,,43.4776655,-80.54597633333333,341.5,0.028,0,2026,3,8,21,30,11,0,,
58:8C:81:40:BE:24,Center,1,5625420,Imu,-0.0075640003,0.067344,1.038952,-1.785,37.66,-3.535,,,,,,,,,,,,,,
58:8C:81:40:BE:24,Center,1,5656579,Imu,-0.024888001,0.075396,0.974292,-1.75,39.34,-3.535,,,,,,,,,,,,,,
58:8C:81:40:BE:1C,Center,0,5687370,Imu,0.027572,0.041236,1.068964,-1.225,0.07,-0.91,,,,,,,,,,,,,,
58:8C:81:40:BE:24,Center,1,5718588,Imu,-0.016347999,0.07686,0.992348,-1.82,38.78,-3.57,,,,,,,,,,,,,,
58:8C:81:40:BE:1C,Center,0,5749394,Imu,0.044164002,0.042944,1.063596,-1.54,-0.805,-0.875,,,,,,,,,,,,,,
58:8C:81:40:BE:24,Center,1,5780574,Imu,-0.014396,0.061976,1.016748,-1.82,34.965,-3.675,,,,,,,,,,,,,,
58:8C:81:40:BE:1C,Center,0,5811400,Imu,0.026596,0.039284002,1.066768,-1.26,0.14,-0.875,,,,,,,,,,,,,,
58:8C:81:40:BE:24,Center,1,5842380,Imu,-0.024156,0.056852,0.997472,-1.715,39.2,-3.605,,,,,,,,,,,,,,
58:8C:81:40:BE:24,Center,1,5873617,Imu,-0.019032,0.07442,0.988688,-1.645,38.43,-3.535,,,,,,,,,,,,,,
58:8C:81:40:BE:24,Center,1,5904530,Imu,-0.0041480004,0.066612,1.046516,-1.61,39.025,-3.605,,,,,,,,,,,,,,
58:8C:81:40:BE:24,Center,1,5935451,Imu,-0.016347999,0.071003996,1.0057681,-1.61,33.355,-3.5,,,,,,,,,,,,,,
58:8C:81:40:BE:24,Center,1,5966316,Imu,-0.029280001,0.061488,1.027484,-1.68,38.045,-3.5,,,,,,,,,,,,,,
58:8C:81:40:BE:24,Center,1,6004150,Gps,,,,,,,43.47766566666667,-80.54597633333333,341.5,0.002,0,2026,3,8,21,30,11,0,,
58:8C:81:40:BE:1C,Center,0,6034523,Imu,0.019276,0.047336,1.082384,-1.82,-0.42,-1.015,,,,,,,,,,,,,,
58:8C:81:40:BE:24,Center,1,6065366,Imu,-0.023912001,0.055144,1.0640839,-1.715,37.135,-3.57,,,,,,,,,,,,,,
58:8C:81:40:BE:24,Center,1,6096546,Gps,,,,,,,43.47766566666667,-80.54597633333333,341.5,0.018,0,2026,3,8,21,30,11,0,,
58:8C:81:40:BE:1C,Center,0,6127344,Imu,0.048556,0.055632,1.042368,-1.785,-2.1,-0.945,,,,,,,,,,,,,,
58:8C:81:40:BE:1C,Center,0,6158419,Imu,0.03782,0.044652,1.008452,1.61,-1.015,-0.875,,,,,,,,,,,,,,
58:8C:81:40:BE:1C,Center,0,6189486,Imu,0.026352001,0.044408,1.05042,-0.21,-0.49,-0.84,,,,,,,,,,,,,,
58:8C:81:40:BE:24,Center,1,6220523,Gps,,,,,,,43.47766566666667,-80.54597633333333,341.5,0.01,0,2026,3,8,21,30,12,0,,
58:8C:81:40:BE:24,Center,1,6251503,Imu,-0.02562,0.066124,1.020408,-1.61,38.92,-3.605,,,,,,,,,,,,,,
58:8C:81:40:BE:1C,Center,0,6282763,Imu,0.039772,0.043188,1.0733559,-1.855,-0.385,-0.91,,,,,,,,,,,,,,
58:8C:81:40:BE:1C,Center,0,6313650,Imu,0.029036,0.044408,1.0440761,0.56,-0.7,-0.875,,,,,,,,,,,,,,
58:8C:81:40:BE:1C,Center,0,6344519,Imu,0.02562,0.047092,1.036756,1.645,-2.485,-1.12,,,,,,,,,,,,,,
58:8C:81:40:BE:1C,Center,0,6375479,Imu,0.021228,0.048312,1.035048,3.045,-0.805,-0.91,,,,,,,,,,,,,,
58:8C:81:40:BE:24,Center,1,6406482,Gps,,,,,,,43.47766566666667,-80.54597633333333,341.5,0.023,0,2026,3,8,21,30,12,0,,
58:8C:81:40:BE:1C,Center,0,6437557,Imu,0.02562,0.052216,1.003572,3.255,-0.245,-1.015,,,,,,,,,,,,,,
58:8C:81:40:BE:24,Center,1,6468259,Imu,-0.025132,0.067099996,1.012844,-1.68,37.1,-3.5,,,,,,,,,,,,,,
58:8C:81:40:BE:24,Center,1,6502524,Gps,,,,,,,43.47766566666667,-80.54597633333333,341.5,0.013,0,2026,3,8,21,30,12,0,,
58:8C:81:40:BE:24,Center,1,6532691,Imu,-0.028548,0.064904,1.041636,-1.575,39.585,-3.57,,,,,,,,,,,,,,
58:8C:81:40:BE:1C,Center,0,6563545,Imu,0.047336,0.0488,1.054812,-2.03,-1.225,-0.945,,,,,,,,,,,,,,
58:8C:81:40:BE:24,Center,1,6594736,Imu,-0.020984001,0.078812,0.982832,-1.785,39.13,-3.535,,,,,,,,,,,,,,
58:8C:81:40:BE:1C,Center,0,6625689,Imu,0.04514,0.057096,1.031632,-1.155,-2.765,-1.085,,,,,,,,,,,,,,
58:8C:81:40:BE:1C,Center,0,6656452,Imu,0.033184003,0.052948,1.00528,3.395,-0.35,-1.085,,,,,,,,,,,,,,
58:8C:81:40:BE:24,Center,1,6687634,Imu,-0.022936001,0.066856004,0.999668,-1.75,38.885,-3.605,,,,,,,,,,,,,,
58:8C:81:40:BE:1C,Center,0,6718436,Imu,0.025132,0.044408,1.025776,2.45,-1.225,-1.05,,,,,,,,,,,,,,
58:8C:81:40:BE:24,Center,1,6749442,Imu,-0.027328001,0.06222,1.019676,-1.715,35.455,-3.535,,,,,,,,,,,,,,
58:8C:81:40:BE:24,Center,1,6780625,Imu,-0.005368,0.071736,1.054324,-1.75,38.675,-3.57,,,,,,,,,,,,,,
58:8C:81:40:BE:1C,Center,0,6811511,Imu,0.035136003,0.045383997,1.008208,2.555,-0.84,-0.84,,,,,,,,,,,,,,
58:8C:81:40:BE:1C,Center,0,6842535,Imu,0.02074,0.04758,1.037732,3.395,-1.085,-1.015,,,,,,,,,,,,,,
58:8C:81:40:BE:1C,Center,0,6873546,Imu,0.030012,0.052216,1.007964,3.5,-0.455,-1.015,,,,,,,,,,,,,,
58:8C:81:40:BE:24,Center,1,6904718,Gps,,,,,,,43.47766566666667,-80.54597633333333,341.5,0.038,0,2026,3,8,21,30,12,0,,
58:8C:81:40:BE:24,Center,1,6935606,Imu,-0.028548,0.063928,0.96867996,-1.785,39.165,-3.57,,,,,,,,,,,,,,
58:8C:81:40:BE:1C,Center,0,6966690,Imu,0.027816,0.040748,1.0426121,1.47,-0.945,-0.805,,,,,,,,,,,,,,
58:8C:81:40:BE:24,Center,1,7002596,Imu,-0.001464,0.065391995,1.0628641,-1.645,34.825,-3.395,,,,,,,,,,,,,,
58:8C:81:40:BE:24,Center,1,7032735,Imu,-0.028548,0.063684,1.042856,-1.54,27.65,-3.605,,,,,,,,,,,,,,
58:8C:81:40:BE:24,Center,1,7063572,Imu,-0.01708,0.057827998,1.055544,-1.645,39.375,-3.465,,,,,,,,,,,,,,
58:8C:81:40:BE:1C,Center,0,7094587,Imu,0.026596,0.056852,1.00162,3.43,-0.56,-1.05,,,,,,,,,,,,,,
58:8C:81:40:BE:1C,Center,0,7125597,Imu,0.035136003,0.046848,1.0616441,-1.925,-0.525,-0.98,,,,,,,,,,,,,,
58:8C:81:40:BE:1C,Center,0,7156803,Imu,0.024644,0.04636,1.031876,2.905,-2.31,-1.015,,,,,,,,,,,,,,
58:8C:81:40:BE:24,Center,1,7187524,Imu,-0.028304001,0.062952,1.017724,-1.54,38.92,-3.535,,,,,,,,,,,,,,
58:8C:81:40:BE:24,Center,1,7218727,Imu,-0.008052,0.061976,1.059692,-1.575,38.955,-3.57,,,,,,,,,,,,,,
58:8C:81:40:BE:24,Center,1,7249574,Imu,-0.035868,0.064660005,1.038464,-1.61,38.64,-3.605,,,,,,,,,,,,,,
58:8C:81:40:BE:24,Center,1,7280707,Imu,-0.020008,0.063195996,1.04676,-1.645,39.375,-3.605,,,,,,,,,,,,,,
58:8C:81:40:BE:24,Center,1,7311639,Gps,,,,,,,43.47766566666667,-80.54597633333333,341.5,0.014,0,2026,3,8,21,30,13,0,,
58:8C:81:40:BE:24,Center,1,7342689,Imu,-0.00097600004,0.057584,1.0262641,-1.68,37.485,-3.605,,,,,,,,,,,,,,
58:8C:81:40:BE:24,Center,1,7373482,Imu,-0.030744,0.061488,1.010892,-1.645,35.98,-3.535,,,,,,,,,,,,,,
58:8C:81:40:BE:24,Center,1,7403650,Gps,,,,,,,43.47766566666667,-80.54597633333333,341.5,0.008,0,2026,3,8,21,30,13,0,,
58:8C:81:40:BE:1C,Center,0,7434878,Imu,0.023424,0.03294,1.0262641,1.75,-1.96,-1.12,,,,,,,,,,,,,,
58:8C:81:40:BE:24,Center,1,7465887,Imu,-0.033428002,0.06222,0.98576003,-1.75,38.745,-3.64,,,,,,,,,,,,,,
58:8C:81:40:BE:24,Center,1,7502854,Imu,-0.024156,0.060756,1.0345601,-1.75,39.305,-3.57,,,,,,,,,,,,,,
58:8C:81:40:BE:1C,Center,0,7533042,Imu,0.037332002,0.047336,0.99893606,2.485,-0.735,-0.945,,,,,,,,,,,,,,
58:8C:81:40:BE:24,Center,1,7563851,Imu,-0.026352001,0.057827998,1.057008,-1.75,38.815,-3.535,,,,,,,,,,,,,,
58:8C:81:40:BE:1C,Center,0,7594775,Imu,0.053192,0.047824003,1.0330961,-1.925,-3.325,-1.015,,,,,,,,,,,,,,
58:8C:81:40:BE:24,Center,1,7625460,Imu,-0.027572,0.058804,1.000644,-1.715,38.955,-3.57,,,,,,,,,,,,,,
58:8C:81:40:BE:1C,Center,0,7655670,Imu,0.041968003,0.044652,1.044808,-1.015,-3.815,-0.91,,,,,,,,,,,,,,
58:8C:81:40:BE:24,Center,1,7686725,Imu,-0.02806,0.059536,1.0140641,-1.75,39.235,-3.605,,,,,,,,,,,,,,
58:8C:81:40:BE:24,Center,1,7717739,Gps,,,,,,,43.47766566666667,-80.54597633333333,341.5,0.017,0,2026,3,8,21,30,13,0,,
58:8C:81:40:BE:24,Center,1,7748843,Imu,-0.020008,0.055875998,1.0248001,-1.715,39.13,-3.57,,,,,,,,,,,,,,
58:8C:81:40:BE:1C,Center,0,7779598,Imu,0.027084,0.059536,1.043344,3.22,-1.225,-0.84,,,,,,,,,,,,,,
58:8C:81:40:BE:24,Center,1,7810634,Imu,-0.018544002,0.07808,1.033584,-1.785,37.415,-3.535,,,,,,,,,,,,,,
58:8C:81:40:BE:1C,Center,0,7841603,Imu,0.03782,0.048556,1.0187,-0.28,-1.96,-1.19,,,,,,,,,,,,,,
58:8C:81:40:BE:24,Center,1,7872825,Imu,-0.017812,0.05124,1.0265081,-1.715,38.885,-3.43,,,,,,,,,,,,,,
58:8C:81:40:BE:24,Center,1,7903767,Imu,-0.016592002,0.078324,1.046516,-1.715,39.62,-3.57,,,,,,,,,,,,,,
58:8C:81:40:BE:24,Center,1,7934948,Imu,-0.016592002,0.083448,1.0506641,-1.645,39.2,-3.465,,,,,,,,,,,,,,
58:8C:81:40:BE:1C,Center,0,7965806,Imu,0.031476,0.057584,1.040416,0.84,-2.45,-0.91,,,,,,,,,,,,,,
58:8C:81:40:BE:24,Center,1,8002923,Imu,-0.020008,0.103212,1.0250441,-1.715,37.695,-3.57,,,,,,,,,,,,,,
58:8C:81:40:BE:24,Center,1,8033148,Gps,,,,,,,43.47766566666667,-80.54597633333333,341.5,0.052,0,2026,3,8,21,30,13,0,,
58:8C:81:40:BE:1C,Center,0,8064199,Imu,0.034647997,0.108336,1.016992,-0.665,-1.015,-0.91,,,,,,,,,,,,,,
58:8C:81:40:BE:24,Center,1,8094879,Imu,-0.010248,0.145912,1.0250441,-1.645,33.81,-3.57,,,,,,,,,,,,,,
58:8C:81:40:BE:24,Center,1,8125048,Gps,,,,,,,43.47766566666667,-80.54597633333333,341.5,0.059,0,2026,3,8,21,30,13,0,,
58:8C:81:40:BE:24,Center,1,8156127,Imu,-0.023424,0.160308,0.983564,-1.68,39.165,-3.5,,,,,,,,,,,,,,
58:8C:81:40:BE:1C,Center,0,8187174,Imu,0.05246,0.141032,0.993568,-1.155,-1.33,-1.155,,,,,,,,,,,,,,
58:8C:81:40:BE:24,Center,1,8218050,Imu,-0.021716,0.160064,0.982344,-1.75,35.77,-3.465,,,,,,,,,,,,,,
58:8C:81:40:BE:24,Center,1,8249070,Gps,,,,,,,43.47766566666667,-80.54597616666666,341.5,0.231,356,2026,3,8,21,30,14,0,,
58:8C:81:40:BE:1C,Center,0,8280309,Imu,0.023668,0.134688,1.031144,0.0,-0.315,-0.63,,,,,,,,,,,,,,
58:8C:81:40:BE:1C,Center,0,8311214,Imu,0.03904,0.14518,1.041636,1.68,-1.295,-0.91,,,,,,,,,,,,,,
58:8C:81:40:BE:1C,Center,0,8342251,Imu,0.035868,0.13834801,1.0262641,-1.015,-0.98,-0.7,,,,,,,,,,,,,,
58:8C:81:40:BE:1C,Center,0,8373179,Imu,0.048312,0.160064,1.043344,-0.945,-3.5,-0.7,,,,,,,,,,,,,,
58:8C:81:40:BE:24,Center,1,8404040,Imu,0.010248,0.19129601,0.99991196,-1.645,38.395,-3.535,,,,,,,,,,,,,,
58:8C:81:40:BE:24,Center,1,8435162,Imu,-0.053923998,0.151036,1.001864,-1.785,38.71,-3.535,,,,,,,,,,,,,,
58:8C:81:40:BE:1C,Center,0,8466185,Imu,0.017323999,0.13590801,1.042368,-1.61,-3.5,-0.07,,,,,,,,,,,,,,
58:8C:81:40:BE:24,Center,1,8497352,Imu,0.003172,0.22350399,1.021872,-1.715,38.99,-3.535,,,,,,,,,,,,,,
58:8C:81:40:BE:1C,Center,0,8503055,Imu,0.050508,0.194956,0.99942404,3.045,3.605,-0.455,,,,,,,,,,,,,,
58:8C:81:40:BE:1C,Center,0,8533234,Imu,0.073688,0.20862,0.96770406,2.065,-2.135,-0.42,,,,,,,,,,,,,,
58:8C:81:40:BE:24,Center,1,8563934,Imu,-0.060268,0.19642,0.97087604,-1.715,38.5,-3.5,,,,,,,,,,,,,,
58:8C:81:40:BE:24,Center,1,8595086,Gps,,,,,,,43.477666166666666,-80.54597466666667,341.5,0.892,69,2026,3,8,21,30,14,0,,
58:8C:81:40:BE:24,Center,1,8625825,Imu,-0.048312,0.210084,0.935008,-1.645,36.645,-3.43,,,,,,,,,,,,,,
58:8C:81:40:BE:24,Center,1,8657026,Imu,-0.043432,0.22814,1.031876,-1.575,34.37,-3.465,,,,,,,,,,,,,,
58:8C:81:40:BE:1C,Center,0,8687919,Imu,0.049288,0.213744,0.938912,1.435,-0.875,0.98,,,,,,,,,,,,,,
58:8C:81:40:BE:1C,Center,0,8719127,Imu,0.052704003,0.248636,0.918416,2.52,-2.24,0.455,,,,,,,,,,,,,,
58:8C:81:40:BE:24,Center,1,8750083,Imu,-0.030012,0.311344,1.031876,-1.645,39.06,-3.675,,,,,,,,,,,,,,
58:8C:81:40:BE:1C,Center,0,8780906,Imu,0.058560003,0.279868,0.95574796,5.6,-1.785,1.155,,,,,,,,,,,,,,
58:8C:81:40:BE:24,Center,1,8811842,Imu,-0.026108,0.304512,0.9943,-1.75,39.27,-3.605,,,,,,,,,,,,,,
58:8C:81:40:BE:1C,Center,0,8842869,Imu,0.024156,0.302316,1.07604,1.54,1.33,1.995,,,,,,,,,,,,,,
58:8C:81:40:BE:24,Center,1,8874027,Imu,-0.059292,0.345504,0.95989597,-1.575,36.54,-3.535,,,,,,,,,,,,,,
58:8C:81:40:BE:24,Center,1,8904849,Imu,-0.045872003,0.318176,0.96770406,-1.68,39.095,-3.5,,,,,,,,,,,,,,
58:8C:81:40:BE:24,Center,1,8936033,Imu,-0.071248,0.31695598,1.00894,-1.68,38.92,-3.64,,,,,,,,,,,,,,
58:8C:81:40:BE:24,Center,1,8966838,Imu,-0.035624,0.348676,1.001132,-1.645,38.745,-3.535,,,,,,,,,,,,,,
58:8C:81:40:BE:24,Center,1,9004288,Gps,,,,,,,43.477667333333336,-80.54597066666666,341.5,2.319,67,2026,3,8,21,30,14,0,,
58:8C:81:40:BE:24,Center,1,9034672,Imu,-0.081496,0.380884,0.99869204,-1.61,37.38,-3.535,,,,,,,,,,,,,,
58:8C:81:40:BE:24,Center,1,9065074,Imu,-0.065391995,0.308904,0.960872,-1.75,39.235,-3.57,,,,,,,,,,,,,,
58:8C:81:40:BE:24,Center,1,9096258,Gps,,,,,,,43.477667833333335,-80.545969,341.5,2.848,68,2026,3,8,21,30,14,0,,
58:8C:81:40:BE:1C,Center,0,9127090,Imu,0.066612,0.423828,0.943792,2.345,-4.445,4.27,,,,,,,,,,,,,,
58:8C:81:40:BE:24,Center,1,9158168,Imu,-0.088571995,0.404064,1.060668,-1.645,36.12,-3.43,,,,,,,,,,,,,,
58:8C:81:40:BE:24,Center,1,9189370,Imu,-0.059292,0.406504,1.008208,-1.715,39.165,-3.535,,,,,,,,,,,,,,
58:8C:81:40:BE:24,Center,1,9220060,Gps,,,,,,,43.4776685,-80.545967,341.5,3.413,66,2026,3,8,21,30,15,0,,
58:8C:81:40:BE:1C,Center,0,9251309,Imu,0.021472,0.42870802,0.94306,-4.13,-1.26,5.04,,,,,,,,,,,,,,
58:8C:81:40:BE:24,Center,1,9282096,Gps,,,,,,,43.47766933333333,-80.54596466666666,341.5,4.018,66,2026,3,8,21,30,15,0,,
58:8C:81:40:BE:1C,Center,0,9313160,Imu,-0.014152001,0.40870002,1.056764,-6.265,-1.855,5.81,,,,,,,,,,,,,,
58:8C:81:40:BE:1C,Center,0,9344251,Imu,0.023912001,0.34038,0.8967,7.98,2.94,7.105,,,,,,,,,,,,,,
58:8C:81:40:BE:24,Center,1,9375210,Imu,-0.032695998,0.378932,0.94696397,-1.645,36.61,-3.535,,,,,,,,,,,,,,
58:8C:81:40:BE:24,Center,1,9406428,Gps,,,,,,,43.47767016666667,-80.545962,341.5,4.658,65,2026,3,8,21,30,15,0,,
58:8C:81:40:BE:24,Center,1,9437170,Imu,0.050752,0.453108,0.873276,-1.61,39.025,-3.5,,,,,,,,,,,,,,
58:8C:81:40:BE:1C,Center,0,9468015,Imu,-0.016836,0.43578398,1.020164,4.515,11.025,8.785,,,,,,,,,,,,,,
58:8C:81:40:BE:24,Center,1,9504208,Imu,-0.121512,0.35502,1.0440761,-1.645,37.555,-3.57,,,,,,,,,,,,,,
58:8C:81:40:BE:1C,Center,0,9534436,Imu,-0.047092,0.404796,1.018456,0.56,2.45,8.575,,,,,,,,,,,,,,
58:8C:81:40:BE:24,Center,1,9565306,Imu,-0.15054801,0.45506,0.99405605,-1.715,38.815,-3.605,,,,,,,,,,,,,,
58:8C:81:40:BE:24,Center,1,9596520,Gps,,,,,,,43.4776725,-80.54595566666667,341.5,5.865,64,2026,3,8,21,30,15,0,,
58:8C:81:40:BE:1C,Center,0,9627396,Imu,-0.065636,0.326716,0.996496,4.83,-2.59,8.575,,,,,,,,,,,,,,
58:8C:81:40:BE:24,Center,1,9658546,Imu,-0.16958,0.416752,0.954284,-1.68,39.27,-3.535,,,,,,,,,,,,,,
58:8C:81:40:BE:24,Center,1,9689376,Imu,-0.04636,0.461892,0.95940804,-1.89,38.99,-3.57,,,,,,,,,,,,,,
58:8C:81:40:BE:24,Center,1,9720405,Imu,-0.13176,0.49556398,1.01992,-1.75,35.735,-3.5,,,,,,,,,,,,,,
58:8C:81:40:BE:24,Center,1,9751331,Imu,-0.113216005,0.45774403,0.94842803,-1.855,38.92,-3.64,,,,,,,,,,,,,,
58:8C:81:40:BE:24,Center,1,9782612,Imu,-0.117364,0.389912,0.88572,-1.575,39.095,-3.605,,,,,,,,,,,,,,
58:8C:81:40:BE:1C,Center,0,9813510,Imu,-0.0305,0.367952,0.975512,2.835,-3.15,9.415,,,,,,,,,,,,,,
58:8C:81:40:BE:1C,Center,0,9844461,Imu,-0.021472,0.418704,0.87352,0.84,6.125,10.5,,,,,,,,,,,,,,
58:8C:81:40:BE:24,Center,1,9875170,Imu,-0.027328001,0.33916,0.84302,-1.75,39.2,-3.535,,,,,,,,,,,,,,
58:8C:81:40:BE:24,Center,1,9905370,Gps,,,,,,,43.477677166666666,-80.54594383333334,341.5,7.665,61,2026,3,8,21,30,15,0,,
58:8C:81:40:BE:24,Center,1,9936350,Imu,-0.10614,0.379176,0.99015206,-1.645,39.27,-3.605,,,,,,,,,,,,,,
58:8C:81:40:BE:1C,Center,0,9967411,Imu,-0.040016,0.245464,1.069208,-7.945,-2.8,10.955,,,,,,,,,,,,,,
58:8C:81:40:BE:24,Center,1,10003492,Gps,,,,,,,43.477679,-80.54593933333334,341.5,8.272,60,2026,3,8,21,30,15,0,,
58:8C:81:40:BE:1C,Center,0,10033896,Imu,-0.037332002,0.27669603,0.969656,1.575,5.32,10.92,,,,,,,,,,,,,,
58:8C:81:40:BE:1C,Center,0,10064469,Imu,-0.021472,0.269376,0.992348,-1.33,3.045,11.76,,,,,,,,,,,,,,
58:8C:81:40:BE:1C,Center,0,10095300,Imu,-0.09272,0.285968,0.94184005,0.35,3.64,11.97,,,,,,,,,,,,,,
58:8C:81:40:BE:1C,Center,0,10126307,Imu,-0.111996,0.26156798,1.010892,-0.07,2.94,12.075,,,,,,,,,,,,,,
58:8C:81:40:BE:24,Center,1,10157498,Imu,-0.1159,0.263276,0.922808,-1.75,39.165,-3.675,,,,,,,,,,,,,,
58:8C:81:40:BE:24,Center,1,10188206,Imu,-0.08418,0.227408,1.00162,-1.75,38.675,-3.57,,,,,,,,,,,,,,
58:8C:81:40:BE:24,Center,1,10195068,Imu,-0.145424,0.246684,0.979172,-1.68,39.095,-3.5,,,,,,,,,,,,,,
58:8C:81:40:BE:24,Center,1,10225418,Gps,,,,,,,43.47768333333333,-80.54592966666667,341.5,9.06,58,2026,3,8,21,30,16,0,,
58:8C:81:40:BE:1C,Center,0,10237070,Imu,-0.056852,0.197152,1.077016,-6.405,-0.525,11.515,,,,,,,,,,,,,,
58:8C:81:40:BE:1C,Center,0,10267380,Imu,-0.057827998,0.19788401,0.975268,2.975,-4.13,10.78,,,,,,,,,,,,,,
58:8C:81:40:BE:24,Center,1,10298530,Gps,,,,,,,43.47768583333333,-80.54592483333333,341.5,9.417,56,2026,3,8,21,30,16,0,,
58:8C:81:40:BE:24,Center,1,10329423,Imu,-0.13517599,0.17348401,0.99552,-1.785,31.465,-3.535,,,,,,,,,,,,,,
58:8C:81:40:BE:1C,Center,0,10360674,Imu,0.00244,0.208864,1.0521281,-2.415,-1.295,10.92,,,,,,,,,,,,,,
58:8C:81:40:BE:24,Center,1,10391519,Imu,-0.118828006,0.191784,0.977708,-1.645,38.885,-3.535,,,,,,,,,,,,,,
58:8C:81:40:BE:1C,Center,0,10422372,Imu,-0.0068320003,0.151768,0.952088,-4.34,-1.155,10.605,,,,,,,,,,,,,,
58:8C:81:40:BE:24,Center,1,10453399,Imu,-0.079056,0.14713201,1.01748,-1.68,38.43,-3.5,,,,,,,,,,,,,,
58:8C:81:40:BE:1C,Center,0,10484505,Imu,-0.002928,0.12932001,1.0521281,0.28,-5.39,8.225,,,,,,,,,,,,,,
58:8C:81:40:BE:1C,Center,0,10503624,Imu,-0.026108,0.193736,0.992836,4.305,0.56,8.575,,,,,,,,,,,,,,
58:8C:81:40:BE:24,Center,1,10533983,Imu,-0.09735601,0.155428,0.97746396,-1.61,38.885,-3.57,,,,,,,,,,,,,,
58:8C:81:40:BE:24,Center,1,10564721,Imu,-0.113704,0.16226,1.0411481,-1.715,38.57,-3.465,,,,,,,,,,,,,,
58:8C:81:40:BE:1C,Center,0,10595938,Imu,-0.033916,0.216916,1.000888,6.65,-1.505,7.98,,,,,,,,,,,,,,
58:8C:81:40:BE:24,Center,1,10626766,Imu,-0.015128001,0.179828,0.99796003,-1.715,39.025,-3.64,,,,,,,,,,,,,,
58:8C:81:40:BE:24,Center,1,10657668,Imu,-0.05002,0.189832,0.937448,-1.68,35.105,-3.535,,,,,,,,,,,,,,
58:8C:81:40:BE:1C,Center,0,10688490,Imu,-0.0488,0.17494799,1.066524,-7.98,1.925,6.23,,,,,,,,,,,,,,
58:8C:81:40:BE:1C,Center,0,10718881,Imu,0.041968003,0.17006801,1.049932,11.9,-2.135,5.565,,,,,,,,,,,,,,
58:8C:81:40:BE:1C,Center,0,10749788,Imu,0.017568002,0.191784,1.038952,-7.525,-0.49,6.02,,,,,,,,,,,,,,
58:8C:81:40:BE:1C,Center,0,10780597,Imu,0.066856004,0.170556,1.037244,8.785,-2.135,4.725,,,,,,,,,,,,,,
58:8C:81:40:BE:1C,Center,0,10811651,Imu,0.03172,0.131272,0.99503195,-7.105,-3.325,4.55,,,,,,,,,,,,,,
58:8C:81:40:BE:1C,Center,0,10842635,Imu,0.016836,0.20496,1.0631081,2.625,1.155,3.885,,,,,,,,,,,,,,
58:8C:81:40:BE:24,Center,1,10873597,Imu,-0.062708,0.17933999,0.943792,-1.75,39.165,-3.64,,,,,,,,,,,,,,
58:8C:81:40:BE:24,Center,1,10904797,Imu,0.064904,0.1708,0.984784,-1.715,38.92,-3.535,,,,,,,,,,,,,,
58:8C:81:40:BE:24,Center,1,10935664,Imu,-0.036356,0.16836,0.89182,-1.645,37.485,-3.465,,,,,,,,,,,,,,
58:8C:81:40:BE:24,Center,1,10966822,Imu,-0.012932,0.21594,1.1102,-1.715,38.99,-3.535,,,,,,,,,,,,,,
58:8C:81:40:BE:24,Center,1,11003687,Gps,,,,,,,43.477706,-80.54588883333334,341.4,10.785,50,2026,3,8,21,30,16,0,,
58:8C:81:40:BE:1C,Center,0,11033897,Imu,0.066124,0.127856,0.9394,-1.435,-3.36,1.05,,,,,,,,,,,,,,
58:8C:81:40:BE:1C,Center,0,11064735,Imu,0.132492,0.111751996,1.036512,4.515,-3.185,0.455,,,,,,,,,,,,,,
58:8C:81:40:BE:24,Center,1,11095924,Gps,,,,,,,43.47770916666666,-80.5458835,341.4,10.986,50,2026,3,8,21,30,16,0,,
58:8C:81:40:BE:24,Center,1,11126835,Imu,0.072956,0.17568001,1.060912,-1.715,37.66,-3.57,,,,,,,,,,,,,,
58:8C:81:40:BE:1C,Center,0,11158009,Imu,0.129076,0.152012,0.942572,2.52,-5.005,-2.17,,,,,,,,,,,,,,
58:8C:81:40:BE:24,Center,1,11188847,Imu,0.044408,0.189344,0.97966003,-1.82,39.095,-3.675,,,,,,,,,,,,,,
58:8C:81:40:BE:1C,Center,0,11219876,Imu,0.127856,0.1525,1.060668,1.295,-3.78,-4.025,,,,,,,,,,,,,,
58:8C:81:40:BE:24,Center,1,11250696,Imu,0.09735601,0.17714399,0.983076,-1.68,38.605,-3.465,,,,,,,,,,,,,,
58:8C:81:40:BE:1C,Center,0,11281975,Imu,0.165188,0.10126,1.138504,-2.17,0.525,-5.18,,,,,,,,,,,,,,
58:8C:81:40:BE:24,Center,1,11312883,Heartbeat,,,,,,,,,,,,,,,,,,,66,
58:8C:81:40:BE:24,Center,1,11343656,Imu,0.152012,0.102236,0.99405605,-1.82,39.13,-3.5,,,,,,,,,,,,,,
58:8C:81:40:BE:24,Center,1,11373833,Imu,0.178852,0.120536,0.917196,-1.61,34.125,-3.57,,,,,,,,,,,,,,
58:8C:81:40:BE:24,Center,1,11404857,Imu,0.121512,0.089304,1.049688,-1.715,31.57,-3.5,,,,,,,,,,,,,,
58:8C:81:40:BE:24,Center,1,11436032,Imu,0.13859199,0.092232004,1.032364,-1.61,35.7,-3.5,,,,,,,,,,,,,,
58:8C:81:40:BE:24,Center,1,11466816,Imu,0.19642,0.158356,1.021384,-1.61,38.395,-3.605,,,,,,,,,,,,,,
58:8C:81:40:BE:24,Center,1,11505009,Gps,,,,,,,43.47772233333333,-80.54586066666667,341.4,11.575,52,2026,3,8,21,30,17,0,,
58:8C:81:40:BE:1C,Center,0,11535289,Imu,0.20959601,0.08906,1.021628,4.445,2.555,-11.83,,,,,,,,,,,,,,
58:8C:81:40:BE:24,Center,1,11565815,Imu,0.29402,0.06222,1.0618881,-1.715,38.745,-3.5,,,,,,,,,,,,,,
58:8C:81:40:BE:24,Center,1,11596720,Gps,,,,,,,43.4777255,-80.54585466666667,341.4,11.743,53,2026,3,8,21,30,17,0,,
58:8C:81:40:BE:1C,Center,0,11627803,Imu,0.30524403,-0.020984001,0.99991196,-3.08,-2.31,-15.05,,,,,,,,,,,,,,
58:8C:81:40:BE:1C,Center,0,11658585,Imu,0.29597202,0.035380002,0.990884,-0.105,-3.57,-15.61,,,,,,,,,,,,,,
58:8C:81:40:BE:1C,Center,0,11689643,Imu,0.32086003,0.010248,1.045052,-6.02,-6.265,-16.065,,,,,,,,,,,,,,
58:8C:81:40:BE:1C,Center,0,11720620,Imu,0.304024,-0.04148,1.01138,1.365,-7.42,-17.22,,,,,,,,,,,,,,
58:8C:81:40:BE:24,Center,1,11751765,Imu,0.208376,0.046604,1.131672,-1.715,39.025,-3.64,,,,,,,,,,,,,,
58:8C:81:40:BE:1C,Center,0,11782585,Imu,0.302316,-0.013908,1.0452961,1.575,-6.79,-18.69,,,,,,,,,,,,,,
58:8C:81:40:BE:24,Center,1,11813708,Imu,0.26791203,0.079788,1.025532,-1.715,37.59,-3.465,,,,,,,,,,,,,,
58:8C:81:40:BE:1C,Center,0,11844907,Imu,0.364292,-0.042456,1.00284,-1.085,-4.97,-18.55,,,,,,,,,,,,,,
58:8C:81:40:BE:24,Center,1,11875671,Imu,0.222528,0.061976,0.97722006,-1.75,38.815,-3.535,,,,,,,,,,,,,,
58:8C:81:40:BE:24,Center,1,11906872,Gps,,,,,,,43.477734166666664,-80.54583583333333,341.3,11.654,59,2026,3,8,21,30,17,0,,
58:8C:81:40:BE:24,Center,1,11937745,Imu,0.264984,0.077104,1.092144,-1.575,36.225,-3.465,,,,,,,,,,,,,,
58:8C:81:40:BE:24,Center,1,11968725,Imu,0.29158002,0.020496,0.938424,-1.82,39.165,-3.43,,,,,,,,,,,,,,
58:8C:81:40:BE:24,Center,1,12003931,Gps,,,,,,,43.477736666666665,-80.54582916666666,341.3,11.75,61,2026,3,8,21,30,17,0,,
58:8C:81:40:BE:24,Center,1,12034298,Imu,0.338916,0.029280001,1.0182121,-1.82,38.36,-3.5,,,,,,,,,,,,,,
58:8C:81:40:BE:24,Center,1,12064696,Imu,0.327692,0.050508,1.00528,-1.645,38.57,-3.535,,,,,,,,,,,,,,
58:8C:81:40:BE:24,Center,1,12094998,Imu,0.354776,0.01708,0.961116,-1.89,39.445,-3.605,,,,,,,,,,,,,,
58:8C:81:40:BE:24,Center,1,12125680,Imu,0.34379598,0.014152001,1.0462719,-1.715,38.535,-3.5,,,,,,,,,,,,,,
58:8C:81:40:BE:1C,Center,0,12155969,Imu,0.420168,-0.06807601,1.05774,0.63,-9.765,-27.37,,,,,,,,,,,,,,
58:8C:81:40:BE:24,Center,1,12186844,Imu,0.398696,0.051972,1.2287841,-1.645,36.75,-3.57,,,,,,,,,,,,,,
58:8C:81:40:BE:1C,Center,0,12217867,Imu,0.474824,-0.009028,1.00528,6.65,-10.185,-28.385,,,,,,,,,,,,,,
58:8C:81:40:BE:1C,Center,0,12248828,Imu,0.45335203,-0.089304,0.959164,-3.43,-14.21,-28.7,,,,,,,,,,,,,,
58:8C:81:40:BE:24,Center,1,12280061,Imu,0.47823998,-0.022691999,0.902068,-1.715,38.535,-3.605,,,,,,,,,,,,,,
58:8C:81:40:BE:1C,Center,0,12310884,Imu,0.51484,0.00122,1.0187,-6.44,-3.395,-31.255,,,,,,,,,,,,,,
58:8C:81:40:BE:24,Center,1,12341988,Imu,0.439444,0.019032,1.04188,-1.785,38.71,-3.57,,,,,,,,,,,,,,
58:8C:81:40:BE:1C,Center,0,12372943,Imu,0.46238,0.050508,1.046516,-7.77,0.49,-31.815,,,,,,,,,,,,,,
58:8C:81:40:BE:24,Center,1,12404024,Gps,,,,,,,43.477744666666666,-80.54580133333333,341.3,11.822,71,2026,3,8,21,30,18,0,,
58:8C:81:40:BE:1C,Center,0,12434844,Imu,0.40382,-0.037088003,0.868152,-3.29,-3.535,-31.71,,,,,,,,,,,,,,
58:8C:81:40:BE:24,Center,1,12466049,Imu,0.454084,0.030256001,1.04188,-1.68,38.955,-3.57,,,,,,,,,,,,,,
58:8C:81:40:BE:24,Center,1,12504031,Gps,,,,,,,43.477746,-80.545794,341.3,11.894,75,2026,3,8,21,30,18,0,,
58:8C:81:40:BE:24,Center,1,12534424,Imu,0.46482,0.00024400001,1.1041,-1.61,39.34,-3.5,,,,,,,,,,,,,,
58:8C:81:40:BE:24,Center,1,12565025,Imu,0.40699202,-0.072712,1.009672,-1.68,38.815,-3.535,,,,,,,,,,,,,,
58:8C:81:40:BE:24,Center,1,12595738,Imu,0.52313596,-0.005368,1.083848,-1.75,39.095,-3.605,,,,,,,,,,,,,,
58:8C:81:40:BE:24,Center,1,12625963,Imu,0.528992,-0.016347999,0.964776,-1.68,39.305,-3.5,,,,,,,,,,,,,,
58:8C:81:40:BE:24,Center,1,12657144,Imu,0.368196,-0.002684,1.198284,-1.855,37.24,-3.675,,,,,,,,,,,,,,
58:8C:81:40:BE:24,Center,1,12687947,Imu,0.466284,0.05734,0.94306,-1.75,37.73,-3.535,,,,,,,,,,,,,,
58:8C:81:40:BE:24,Center,1,12719146,Gps,,,,,,,43.477747666666666,-80.545779,341.2,11.897,82,2026,3,8,21,30,18,0,,
58:8C:81:40:BE:24,Center,1,12750029,Imu,0.405284,-0.039284002,1.0045481,-1.82,39.55,-3.57,,,,,,,,,,,,,,
58:8C:81:40:BE:1C,Center,0,12780942,Imu,0.516792,-0.069295995,1.011624,-6.09,5.32,-38.185,,,,,,,,,,,,,,
58:8C:81:40:BE:24,Center,1,12811983,Gps,,,,,,,43.477748,-80.5457715,341.2,11.905,86,2026,3,8,21,30,18,0,,
58:8C:81:40:BE:1C,Center,0,12843100,Imu,0.59536,-0.088328004,0.91134,-5.215,-12.67,-38.15,,,,,,,,,,,,,,
58:8C:81:40:BE:24,Center,1,12874051,Imu,0.31890798,-0.019764,0.83179605,-1.61,38.92,-3.5,,,,,,,,,,,,,,
58:8C:81:40:BE:24,Center,1,12904980,Gps,,,,,,,43.47774783333333,-80.54576383333334,341.2,11.956,89,2026,3,8,21,30,18,0,,
58:8C:81:40:BE:24,Center,1,12936227,Imu,0.442128,0.003172,0.913536,-1.68,33.705,-3.5,,,,,,,,,,,,,,
58:8C:81:40:BE:1C,Center,0,12967063,Imu,0.656604,-0.14078799,1.120692,-11.34,-11.76,-39.48,,,,,,,,,,,,,,
58:8C:81:40:BE:24,Center,1,13004106,Imu,0.56729996,-0.002928,0.945256,-1.68,38.36,-3.5,,,,,,,,,,,,,,
58:8C:81:40:BE:24,Center,1,13034321,Imu,0.600484,-0.056608003,1.208776,-1.75,37.94,-3.675,,,,,,,,,,,,,,
58:8C:81:40:BE:24,Center,1,13065018,Imu,0.49995598,-0.055632,1.0057681,-1.715,39.375,-3.5,,,,,,,,,,,,,,
58:8C:81:40:BE:24,Center,1,13095131,Imu,0.454572,-0.032208,1.047248,-1.68,37.835,-3.535,,,,,,,,,,,,,,
58:8C:81:40:BE:24,Center,1,13126367,Imu,0.468724,-0.00854,1.037732,-1.715,38.71,-3.535,,,,,,,,,,,,,,
58:8C:81:40:BE:24,Center,1,13157269,Imu,0.396012,-0.071003996,0.779336,-1.715,39.165,-3.605,,,,,,,,,,,,,,
58:8C:81:40:BE:24,Center,1,13187947,Imu,0.43798,-0.085888,1.162904,-1.54,38.955,-3.535,,,,,,,,,,,,,,
58:8C:81:40:BE:1C,Center,0,13218103,Imu,0.349408,-0.13419999,0.781776,6.65,-2.31,-35.805,,,,,,,,,,,,,,
58:8C:81:40:BE:1C,Center,0,13249230,Imu,0.436272,-0.066368006,1.0379759,-15.54,-8.19,-38.045,,,,,,,,,,,,,,
58:8C:81:40:BE:24,Center,1,13280100,Imu,0.43480802,-0.027084,0.907436,-1.645,37.695,-3.535,,,,,,,,,,,,,,
58:8C:81:40:BE:24,Center,1,13311145,Gps,,,,,,,43.477743833333335,-80.545734,341.2,12.004,105,2026,3,8,21,30,19,0,,
58:8C:81:40:BE:24,Center,1,13342316,Imu,0.310368,-0.038796,0.881328,-1.645,39.34,-3.5,,,,,,,,,,,,,,
58:8C:81:40:BE:24,Center,1,13373185,Imu,0.32525203,-0.020984001,0.894748,-1.68,38.99,-3.465,,,,,,,,,,,,,,
58:8C:81:40:BE:24,Center,1,13404220,Imu,0.34648,0.041968003,0.943548,-1.61,36.26,-3.465,,,,,,,,,,,,,,
58:8C:81:40:BE:24,Center,1,13435249,Imu,0.48433998,-0.069052,1.118984,-1.855,38.885,-3.57,,,,,,,,,,,,,,
58:8C:81:40:BE:1C,Center,0,13466206,Imu,0.36112,-0.005124,1.02968,11.095,7.105,-32.69,,,,,,,,,,,,,,
58:8C:81:40:BE:1C,Center,0,13504625,Imu,0.405528,-0.028304001,1.224148,-14.07,2.59,-30.415,,,,,,,,,,,,,,
58:8C:81:40:BE:24,Center,1,13534868,Imu,0.269376,0.02318,1.140944,-1.75,39.06,-3.535,,,,,,,,,,,,,,
58:8C:81:40:BE:1C,Center,0,13565478,Imu,0.29231203,-0.049288,1.000156,0.595,0.63,-28.805,,,,,,,,,,,,,,
58:8C:81:40:BE:24,Center,1,13596304,Imu,0.154696,0.093940005,0.966972,-1.715,37.73,-3.57,,,,,,,,,,,,,,
58:8C:81:40:BE:24,Center,1,13627486,Gps,,,,,,,43.477737166666664,-80.54571283333334,341.2,12.197,116,2026,3,8,21,30,19,0,,
58:8C:81:40:BE:24,Center,1,13658404,Imu,0.101748005,0.04758,1.168272,-1.645,39.655,-3.5,,,,,,,,,,,,,,
58:8C:81:40:BE:1C,Center,0,13689114,Imu,0.194224,0.00488,0.89352804,0.175,-2.17,-24.535,,,,,,,,,,,,,,
58:8C:81:40:BE:1C,Center,0,13719329,Imu,0.18788001,0.059048,1.070672,-0.035,-0.56,-23.31,,,,,,,,,,,,,,
58:8C:81:40:BE:24,Center,1,13750522,Imu,0.13419999,0.044408,0.933788,-1.715,38.85,-3.605,,,,,,,,,,,,,,
58:8C:81:40:BE:24,Center,1,13781454,Imu,0.105896,0.124196,0.94842803,-1.715,39.13,-3.57,,,,,,,,,,,,,,
58:8C:81:40:BE:24,Center,1,13812371,Imu,0.247416,0.098332,1.072624,-1.715,35.91,-3.395,,,,,,,,,,,,,,
58:8C:81:40:BE:1C,Center,0,13843297,Imu,0.244,0.073444,1.0284599,3.71,0.7,-19.985,,,,,,,,,,,,,,
58:8C:81:40:BE:24,Center,1,13874350,Imu,0.13054001,0.111264,1.029436,-1.715,39.445,-3.605,,,,,,,,,,,,,,
58:8C:81:40:BE:1C,Center,0,13905262,Imu,0.13834801,0.105408005,0.986736,6.055,-0.91,-15.89,,,,,,,,,,,,,,
58:8C:81:40:BE:24,Center,1,13936257,Imu,0.066368006,0.126636,1.016016,-1.61,36.365,-3.535,,,,,,,,,,,,,,
58:8C:81:40:BE:1C,Center,0,13967293,Imu,0.090767995,0.071003996,1.057984,-3.745,-2.03,-13.65,,,,,,,,,,,,,,
58:8C:81:40:BE:24,Center,1,13998386,Imu,-0.017812,0.149084,1.064816,-1.75,34.86,-3.605,,,,,,,,,,,,,,
58:8C:81:40:BE:24,Center,1,14004439,Imu,-0.033184003,0.162748,1.0714041,-1.75,38.85,-3.535,,,,,,,,,,,,,,
58:8C:81:40:BE:24,Center,1,14034641,Imu,-0.045872003,0.194956,1.006744,-1.715,36.715,-3.43,,,,,,,,,,,,,,
58:8C:81:40:BE:24,Center,1,14065737,Imu,-0.008052,0.114924006,1.038464,-1.785,38.5,-3.605,,,,,,,,,,,,,,
58:8C:81:40:BE:24,Center,1,14096637,Gps,,,,,,,43.477722166666666,-80.5456795,341.2,12.559,123,2026,3,8,21,30,19,0,,
58:8C:81:40:BE:1C,Center,0,14127758,Imu,-0.030012,0.20130001,1.037488,1.61,-0.245,-6.65,,,,,,,,,,,,,,
58:8C:81:40:BE:24,Center,1,14158588,Imu,-0.010980001,0.18910001,0.93329996,-1.61,31.85,-3.5,,,,,,,,,,,,,,
58:8C:81:40:BE:1C,Center,0,14189600,Imu,-0.024888001,0.19788401,0.96843606,8.82,3.92,-3.57,,,,,,,,,,,,,,
58:8C:81:40:BE:24,Center,1,14220752,Gps,,,,,,,43.477718833333334,-80.54567283333333,341.2,12.78,124,2026,3,8,21,30,20,0,,
58:8C:81:40:BE:1C,Center,0,14251714,Imu,-0.14493601,0.1952,0.956968,-4.41,7.035,-1.05,,,,,,,,,,,,,,
58:8C:81:40:BE:1C,Center,0,14282476,Imu,-0.239364,0.164944,1.04188,1.995,3.01,2.31,,,,,,,,,,,,,,
58:8C:81:40:BE:24,Center,1,14312688,Heartbeat,,,,,,,,,,,,,,,,,,,66,
58:8C:81:40:BE:24,Center,1,14343410,Imu,-0.311344,0.200324,1.136308,-1.715,34.09,-3.57,,,,,,,,,,,,,,
58:8C:81:40:BE:1C,Center,0,14373811,Imu,-0.21716,0.170556,1.072868,-4.515,0.595,4.935,,,,,,,,,,,,,,
58:8C:81:40:BE:24,Center,1,14404697,Imu,-0.318176,0.205936,1.17974,-1.61,38.955,-3.43,,,,,,,,,,,,,,
58:8C:81:40:BE:24,Center,1,14435459,Imu,-0.237168,0.206912,0.951112,-1.61,39.48,-3.605,,,,,,,,,,,,,,
58:8C:81:40:BE:24,Center,1,14465669,Imu,-0.193736,0.204716,1.164124,-1.715,39.2,-3.605,,,,,,,,,,,,,,
58:8C:81:40:BE:24,Center,1,14504983,Imu,-0.238876,0.229604,0.92744404,-1.75,39.48,-3.64,,,,,,,,,,,,,,
58:8C:81:40:BE:1C,Center,0,14535288,Imu,-0.171532,0.17714399,0.907924,4.795,1.015,8.855,,,,,,,,,,,,,,
58:8C:81:40:BE:24,Center,1,14566425,Imu,-0.18007201,0.2135,0.93549603,-1.575,39.025,-3.57,,,,,,,,,,,,,,
58:8C:81:40:BE:24,Center,1,14597340,Gps,,,,,,,43.477705666666665,-80.54564466666666,341.2,13.409,120,2026,3,8,21,30,20,0,,
58:8C:81:40:BE:1C,Center,0,14628440,Imu,-0.113704,0.055144,1.095804,-7.7,-5.285,11.095,,,,,,,,,,,,,,
58:8C:81:40:BE:24,Center,1,14659204,Imu,-0.276452,0.126636,1.1712,-1.75,35.91,-3.465,,,,,,,,,,,,,,
58:8C:81:40:BE:24,Center,1,14690226,Imu,-0.294508,0.1464,1.020408,-1.82,38.85,-3.5,,,,,,,,,,,,,,
58:8C:81:40:BE:1C,Center,0,14721328,Imu,-0.172996,0.158356,0.98698,7.77,0.245,12.81,,,,,,,,,,,,,,
58:8C:81:40:BE:1C,Center,0,14752353,Imu,-0.17202,0.13639599,0.97722006,1.61,3.045,12.95,,,,,,,,,,,,,,
58:8C:81:40:BE:1C,Center,0,14783449,Imu,-0.200324,0.213256,0.931836,6.16,1.155,13.23,,,,,,,,,,,,,,
58:8C:81:40:BE:1C,Center,0,14814162,Imu,-0.119072,0.201056,1.047248,-1.015,-4.06,13.58,,,,,,,,,,,,,,
58:8C:81:40:BE:1C,Center,0,14844323,Imu,-0.126636,0.128344,0.87132406,3.465,-0.28,14.07,,,,,,,,,,,,,,
58:8C:81:40:BE:1C,Center,0,14875526,Imu,-0.162992,0.13297999,1.08214,-3.29,-1.505,13.44,,,,,,,,,,,,,,
58:8C:81:40:BE:24,Center,1,14906310,Gps,,,,,,,43.4776965,-80.54562183333333,341.2,13.796,116,2026,3,8,21,30,20,0,,
58:8C:81:40:BE:24,Center,1,14937471,Imu,-0.271572,0.13395602,0.99503195,-1.75,31.815,-3.5,,,,,,,,,,,,,,
58:8C:81:40:BE:24,Center,1,14968249,Imu,-0.331108,0.136884,0.97722006,-1.715,39.305,-3.57,,,,,,,,,,,,,,
58:8C:81:40:BE:24,Center,1,15005410,Gps,,,,,,,43.47769366666667,-80.54561366666667,341.2,14.14,115,2026,3,8,21,30,20,0,,
58:8C:81:40:BE:24,Center,1,15035750,Imu,-0.27084,0.18544,1.119716,-1.715,38.36,-3.535,,,,,,,,,,,,,,
58:8C:81:40:BE:24,Center,1,15066695,Imu,-0.327936,0.14274001,0.994544,-1.68,38.85,-3.395,,,,,,,,,,,,,,
58:8C:81:40:BE:24,Center,1,15097618,Imu,-0.339648,0.16226,1.123376,-1.645,38.99,-3.535,,,,,,,,,,,,,,
58:8C:81:40:BE:1C,Center,0,15128484,Imu,-0.22984801,0.127368,1.10898,-1.75,-1.19,17.57,,,,,,,,,,,,,,
58:8C:81:40:BE:24,Center,1,15159669,Imu,-0.351848,0.117852,0.961848,-1.68,38.815,-3.605,,,,,,,,,,,,,,
58:8C:81:40:BE:24,Center,1,15190484,Imu,-0.42334,0.171044,0.940132,-1.68,39.025,-3.465,,,,,,,,,,,,,,
58:8C:81:40:BE:24,Center,1,15221624,Gps,,,,,,,43.477688666666666,-80.545597,341.2,14.366,111,2026,3,8,21,30,21,0,,
58:8C:81:40:BE:24,Center,1,15252442,Imu,-0.372832,0.078324,0.94598806,-1.68,39.55,-3.535,,,,,,,,,,,,,,
58:8C:81:40:BE:24,Center,1,15283507,Imu,-0.36356,0.096624,0.888404,-1.715,39.025,-3.395,,,,,,,,,,,,,,
58:8C:81:40:BE:1C,Center,0,15314577,Imu,-0.37136802,0.176412,1.0631081,5.495,14.455,22.715,,,,,,,,,,,,,,
58:8C:81:40:BE:1C,Center,0,15345363,Heartbeat,,,,,,,,,,,,,,,,,,,66,
58:8C:81:40:BE:1C,Center,0,15375516,Imu,-0.415044,0.155916,1.156316,-2.345,7.595,23.345,,,,,,,,,,,,,,
58:8C:81:40:BE:24,Center,1,15406516,Gps,,,,,,,43.477684333333336,-80.5455795,341.3,14.597,107,2026,3,8,21,30,21,0,,
58:8C:81:40:BE:1C,Center,0,15437719,Imu,-0.344284,0.157624,1.211704,0.0,6.405,23.485,,,,,,,,,,,,,,
58:8C:81:40:BE:24,Center,1,15468645,Imu,-0.482388,0.113216005,0.94916004,-1.715,35.735,-3.535,,,,,,,,,,,,,,
58:8C:81:40:BE:24,Center,1,15504667,Gps,,,,,,,43.47768266666667,-80.5455705,341.3,14.739,105,2026,3,8,21,30,21,0,,
58:8C:81:40:BE:24,Center,1,15534960,Imu,-0.47726402,0.120048,0.820572,-1.715,39.27,-3.5,,,,,,,,,,,,,,
58:8C:81:40:BE:1C,Center,0,15565861,Imu,-0.46701598,0.1159,1.078236,-9.66,-4.2,25.34,,,,,,,,,,,,,,
58:8C:81:40:BE:24,Center,1,15596550,Imu,-0.483608,0.15054801,0.82716006,-1.75,35.315,-3.64,,,,,,,,,,,,,,
58:8C:81:40:BE:1C,Center,0,15626896,Imu,-0.382348,0.138836,0.87986404,-6.195,-1.19,25.83,,,,,,,,,,,,,,
58:8C:81:40:BE:1C,Center,0,15657600,Imu,-0.36722,0.05368,0.972096,-5.145,-5.425,25.69,,,,,,,,,,,,,,
58:8C:81:40:BE:1C,Center,0,15687959,Imu,-0.4453,0.14420399,1.0057681,2.31,7.63,26.53,,,,,,,,,,,,,,
58:8C:81:40:BE:24,Center,1,15718876,Gps,,,,,,,43.477680166666666,-80.54555183333333,341.3,15.059,98,2026,3,8,21,30,21,0,,
58:8C:81:40:BE:24,Center,1,15749671,Imu,-0.419436,0.086132005,1.069452,-1.61,33.32,-3.57,,,,,,,,,,,,,,
58:8C:81:40:BE:1C,Center,0,15780628,Imu,-0.348188,0.13078399,1.062132,-2.345,0.385,27.09,,,,,,,,,,,,,,
58:8C:81:40:BE:24,Center,1,15811791,Gps,,,,,,,43.4776795,-80.54554233333333,341.3,15.121,96,2026,3,8,21,30,21,0,,
58:8C:81:40:BE:1C,Center,0,15843003,Imu,-0.426268,0.142496,1.0126001,-2.52,-4.585,26.285,,,,,,,,,,,,,,
58:8C:81:40:BE:24,Center,1,15873772,Imu,-0.437004,0.06832,0.76372004,-1.785,39.165,-3.395,,,,,,,,,,,,,,
58:8C:81:40:BE:24,Center,1,15904968,Imu,-0.441396,0.165676,0.94306,-1.645,38.99,-3.5,,,,,,,,,,,,,,
58:8C:81:40:BE:24,Center,1,15936039,Imu,-0.207156,-0.027816,1.541104,-1.715,38.92,-3.605,,,,,,,,,,,,,,
58:8C:81:40:BE:1C,Center,0,15966742,Imu,-0.44408002,0.065148,0.864004,5.845,4.06,25.13,,,,,,,,,,,,,,
58:8C:81:40:BE:24,Center,1,16004724,Imu,-0.246684,-0.111751996,1.515728,-1.715,37.905,-3.5,,,,,,,,,,,,,,
58:8C:81:40:BE:24,Center,1,16034921,Imu,-0.345992,0.079544,1.115568,-1.715,38.36,-3.535,,,,,,,,,,,,,,
58:8C:81:40:BE:1C,Center,0,16065815,Imu,-0.471896,0.013908,0.898896,4.55,-4.165,25.76,,,,,,,,,,,,,,
58:8C:81:40:BE:1C,Center,0,16096499,Imu,-0.396012,0.068564005,0.74664,11.165,8.68,28.14,,,,,,,,,,,,,,
58:8C:81:40:BE:24,Center,1,16126666,Gps,,,,,,,43.477679333333334,-80.54551333333333,341.2,15.302,88,2026,3,8,21,30,21,0,,
58:8C:81:40:BE:24,Center,1,16157710,Imu,-0.264008,0.076372005,1.1597321,-1.715,37.555,-3.43,,,,,,,,,,,,,,
58:8C:81:40:BE:1C,Center,0,16188883,Imu,-0.277428,0.100284,0.92036796,1.015,-0.455,26.705,,,,,,,,,,,,,,
58:8C:81:40:BE:24,Center,1,16219606,Imu,-0.377224,0.056852,1.236348,-1.715,35.315,-3.535,,,,,,,,,,,,,,
58:8C:81:40:BE:24,Center,1,16250759,Gps,,,,,,,43.47767983333333,-80.54550366666666,341.2,15.206,85,2026,3,8,21,30,22,0,,
58:8C:81:40:BE:24,Center,1,16281833,Imu,-0.39381602,0.15616,1.803892,-1.61,38.78,-3.5,,,,,,,,,,,,,,
58:8C:81:40:BE:24,Center,1,16312543,Imu,-0.506788,0.0488,0.698328,-1.75,38.85,-3.535,,,,,,,,,,,,,,
58:8C:81:40:BE:24,Center,1,16342731,Heartbeat,,,,,,,,,,,,,,,,,,,66,
58:8C:81:40:BE:1C,Center,0,16373857,Imu,-0.437492,0.104432,0.91134,4.9,6.93,27.475,,,,,,,,,,,,,,
58:8C:81:40:BE:24,Center,1,16404790,Imu,-0.528992,0.015616001,1.122156,-1.68,30.905,-3.5,,,,,,,,,,,,,,
58:8C:81:40:BE:24,Center,1,16435636,Imu,-0.504836,0.02684,0.920612,-1.75,38.815,-3.535,,,,,,,,,,,,,,
58:8C:81:40:BE:24,Center,1,16466770,Imu,-0.42944,-0.03294,0.898652,-1.68,39.095,-3.465,,,,,,,,,,,,,,
58:8C:81:40:BE:1C,Center,0,16504859,Imu,-0.425536,-0.0021960002,0.985516,1.785,6.825,27.055,,,,,,,,,,,,,,
58:8C:81:40:BE:24,Center,1,16535024,Gps,,,,,,,43.47768383333333,-80.54547483333333,341.2,15.46,77,2026,3,8,21,30,22,0,,
58:8C:81:40:BE:24,Center,1,16566142,Imu,-0.416264,0.018544002,1.014308,-1.715,39.06,-3.5,,,,,,,,,,,,,,
58:8C:81:40:BE:24,Center,1,16596822,Imu,-0.381616,0.0732,1.1065401,-1.68,37.38,-3.57,,,,,,,,,,,,,,
58:8C:81:40:BE:24,Center,1,16626980,Gps,,,,,,,43.47768583333333,-80.5454655,341.2,15.42,74,2026,3,8,21,30,22,0,,
58:8C:81:40:BE:1C,Center,0,16658009,Imu,-0.355996,-0.008052,0.84448403,-0.595,2.765,27.895,,,,,,,,,,,,,,
58:8C:81:40:BE:1C,Center,0,16689185,Imu,-0.416264,0.132004,1.029192,17.99,8.785,27.265,,,,,,,,,,,,,,
58:8C:81:40:BE:24,Center,1,16720111,Imu,-0.38430002,0.049776003,0.887672,-1.715,35.945,-3.465,,,,,,,,,,,,,,
58:8C:81:40:BE:1C,Center,0,16750978,Imu,-0.335012,0.165188,0.987468,-3.22,1.645,26.985,,,,,,,,,,,,,,
58:8C:81:40:BE:24,Center,1,16782087,Imu,-0.427732,0.056364004,0.87108004,-1.75,38.92,-3.605,,,,,,,,,,,,,,
58:8C:81:40:BE:1C,Center,0,16813276,Imu,-0.401624,0.0976,1.022604,-1.575,2.8,26.67,,,,,,,,,,,,,,
58:8C:81:40:BE:1C,Center,0,16844062,Imu,-0.344772,0.108824,1.05896,2.03,1.295,26.95,,,,,,,,,,,,,,
58:8C:81:40:BE:24,Center,1,16875075,Imu,-0.45286402,0.02806,1.013332,-1.785,39.095,-3.465,,,,,,,,,,,,,,
58:8C:81:40:BE:1C,Center,0,16906223,Imu,-0.427244,0.061976,1.087752,-6.93,-2.555,25.9,,,,,,,,,,,,,,
58:8C:81:40:BE:1C,Center,0,16937087,Imu,-0.390156,0.018788,1.10776,3.85,6.02,26.355,,,,,,,,,,,,,,
58:8C:81:40:BE:1C,Center,0,16968125,Imu,-0.454328,0.020496,1.13582,-10.255,-2.835,26.81,,,,,,,,,,,,,,
58:8C:81:40:BE:1C,Center,0,16998873,Imu,-0.376248,0.00976,1.0343161,0.42,-2.345,26.95,,,,,,,,,,,,,,
58:8C:81:40:BE:24,Center,1,17004935,Gps,,,,,,,43.477697,-80.54542966666666,341.2,15.403,62,2026,3,8,21,30,22,0,,
58:8C:81:40:BE:24,Center,1,17035260,Imu,-0.38869202,-0.0366,0.88938,-1.68,39.375,-3.57,,,,,,,,,,,,,,
58:8C:81:40:BE:1C,Center,0,17065923,Imu,-0.430904,-0.00097600004,0.98990804,-0.49,2.835,27.755,,,,,,,,,,,,,,
58:8C:81:40:BE:24,Center,1,17096819,Gps,,,,,,,43.477700666666664,-80.54542133333334,341.2,15.252,60,2026,3,8,21,30,22,0,,
58:8C:81:40:BE:1C,Center,0,17128056,Imu,-0.376736,-0.019764,0.939156,-4.165,3.675,28.805,,,,,,,,,,,,,,
58:8C:81:40:BE:24,Center,1,17158788,Imu,-0.4636,-0.052216,1.03212,-1.61,39.165,-3.57,,,,,,,,,,,,,,
58:8C:81:40:BE:1C,Center,0,17189963,Imu,-0.449692,0.036356,0.975756,-5.46,-0.875,28.7,,,,,,,,,,,,,,
58:8C:81:40:BE:24,Center,1,17220866,Imu,-0.51435196,-0.071003996,1.048956,-1.575,38.92,-3.57,,,,,,,,,,,,,,
58:8C:81:40:BE:24,Center,1,17251907,Imu,-0.530456,-0.022691999,1.060912,-1.61,39.55,-3.605,,,,,,,,,,,,,,
58:8C:81:40:BE:24,Center,1,17282990,Imu,-0.514596,-0.017812,1.1692481,-1.645,38.885,-3.465,,,,,,,,,,,,,,
58:8C:81:40:BE:1C,Center,0,17313815,Imu,-0.479216,-0.030988,0.96746004,12.005,5.425,30.24,,,,,,,,,,,,,,
58:8C:81:40:BE:24,Center,1,17344894,Imu,-0.49995598,-0.011224,1.0287039,-1.61,37.275,-3.535,,,,,,,,,,,,,,
58:8C:81:40:BE:24,Center,1,17376034,Imu,-0.370148,-0.02318,0.840824,-1.68,39.41,-3.535,,,,,,,,,,,,,,
58:8C:81:40:BE:1C,Center,0,17406965,Imu,-0.37380803,-0.08954801,1.035292,-7.28,-8.96,28.105,,,,,,,,,,,,,,
58:8C:81:40:BE:24,Center,1,17437856,Imu,-0.453108,0.009272001,0.92036796,-1.68,33.81,-3.465,,,,,,,,,,,,,,
58:8C:81:40:BE:24,Center,1,17468940,Imu,-0.519232,-0.086864,1.025776,-1.645,38.745,-3.5,,,,,,,,,,,,,,
58:8C:81:40:BE:24,Center,1,17505078,Gps,,,,,,,43.47771783333334,-80.5453915,341.1,14.84,47,2026,3,8,21,30,23,0,,
58:8C:81:40:BE:1C,Center,0,17535470,Imu,-0.500688,0.016347999,0.804956,2.8,3.01,31.5,,,,,,,,,,,,,,
58:8C:81:40:BE:24,Center,1,17566255,Imu,-0.533384,-0.013664001,1.081896,-1.715,35.7,-3.465,,,,,,,,,,,,,,
58:8C:81:40:BE:1C,Center,0,17597410,Imu,-0.556808,-0.036356,0.80471206,-3.885,16.135,32.585,,,,,,,,,,,,,,
58:8C:81:40:BE:24,Center,1,17628353,Imu,-0.528504,-0.029280001,1.171932,-1.75,38.99,-3.57,,,,,,,,,,,,,,
58:8C:81:40:BE:1C,Center,0,17659089,Imu,-0.43188,-0.082716,1.0462719,-3.64,10.57,34.23,,,,,,,,,,,,,,
58:8C:81:40:BE:1C,Center,0,17689203,Imu,-0.46701598,-0.09882,1.261236,18.41,20.475,32.62,,,,,,,,,,,,,,
58:8C:81:40:BE:24,Center,1,17720374,Imu,-0.55729604,-0.028304001,1.2146319,-1.785,39.515,-3.5,,,,,,,,,,,,,,
58:8C:81:40:BE:24,Center,1,17751334,Imu,-0.54436404,-0.058560003,1.259284,-1.715,39.165,-3.5,,,,,,,,,,,,,,
58:8C:81:40:BE:1C,Center,0,17782563,Imu,-0.599752,-0.053923998,0.89279604,0.945,12.635,37.24,,,,,,,,,,,,,,
58:8C:81:40:BE:1C,Center,0,17813464,Imu,-0.43066,-0.060268,1.08336,-3.85,-23.905,36.015,,,,,,,,,,,,,,
58:8C:81:40:BE:24,Center,1,17844288,Imu,-0.555832,-0.0068320003,0.68905604,-1.68,38.92,-3.5,,,,,,,,,,,,,,
58:8C:81:40:BE:24,Center,1,17875495,Imu,-0.497272,-0.092964,1.0733559,-1.785,34.93,-3.5,,,,,,,,,,,,,,
58:8C:81:40:BE:1C,Center,0,17906426,Imu,-0.62586,0.038552,0.872056,2.975,-2.205,36.995,,,,,,,,,,,,,,
58:8C:81:40:BE:1C,Center,0,17936960,Imu,-0.370392,-0.04148,1.006744,2.17,-4.865,37.59,,,,,,,,,,,,,,
58:8C:81:40:BE:24,Center,1,17967150,Imu,-0.64489204,-0.23326401,0.87962,-1.75,38.115,-3.395,,,,,,,,,,,,,,
58:8C:81:40:BE:24,Center,1,18005132,Gps,,,,,,,43.47774416666667,-80.5453635,341.1,14.014,30,2026,3,8,21,30,23,0,,
58:8C:81:40:BE:24,Center,1,18035368,Imu,-0.700036,0.010248,0.714432,-1.82,39.34,-3.43,,,,,,,,,,,,,,
58:8C:81:40:BE:1C,Center,0,18066165,Imu,-0.630252,-0.10248,1.07238,12.075,27.72,36.645,,,,,,,,,,,,,,
58:8C:81:40:BE:24,Center,1,18097176,Imu,-0.616344,-0.012444001,0.72834,-1.75,38.92,-3.64,,,,,,,,,,,,,,
58:8C:81:40:BE:1C,Center,0,18128174,Imu,-0.50703204,-0.105652,1.1245961,-18.025,-23.03,37.695,,,,,,,,,,,,,,
58:8C:81:40:BE:24,Center,1,18159372,Imu,-0.629276,-0.091012,0.781044,-1.715,39.655,-3.5,,,,,,,,,,,,,,
58:8C:81:40:BE:24,Center,1,18190101,Imu,-0.64342797,-0.11224,1.139724,-1.715,38.71,-3.535,,,,,,,,,,,,,,
58:8C:81:40:BE:24,Center,1,18221202,Imu,-0.736148,-0.105164,0.942572,-1.785,39.515,-3.535,,,,,,,,,,,,,,
58:8C:81:40:BE:24,Center,1,18252417,Imu,-0.66441196,-0.160796,1.0779921,-1.68,39.06,-3.605,,,,,,,,,,,,,,
58:8C:81:40:BE:24,Center,1,18283366,Imu,-0.67954,-0.066368006,1.001132,-1.645,38.885,-3.535,,,,,,,,,,,,,,
58:8C:81:40:BE:24,Center,1,18314211,Imu,-0.612684,-0.058072,0.9638,-1.785,39.725,-3.5,,,,,,,,,,,,,,
58:8C:81:40:BE:1C,Center,0,18345369,Imu,-0.58779603,-0.043432,1.051152,4.97,2.66,41.37,,,,,,,,,,,,,,
58:8C:81:40:BE:24,Center,1,18376126,Imu,-0.577792,-0.07442,0.9211,-1.61,35.315,-3.465,,,,,,,,,,,,,,
58:8C:81:40:BE:24,Center,1,18407362,Imu,-0.52704,-0.13151601,0.944768,-1.75,39.06,-3.64,,,,,,,,,,,,,,
58:8C:81:40:BE:1C,Center,0,18438182,Imu,-0.585844,-0.024644,0.890112,-11.06,-1.855,40.67,,,,,,,,,,,,,,
58:8C:81:40:BE:1C,Center,0,18469169,Imu,-0.54070395,-0.07564,1.004304,-3.115,-3.955,40.355,,,,,,,,,,,,,,
58:8C:81:40:BE:1C,Center,0,18505282,Imu,-0.578036,0.031232001,0.868884,11.375,6.65,40.075,,,,,,,,,,,,,,
58:8C:81:40:BE:1C,Center,0,18535569,Imu,-0.55656403,-0.145668,1.0443201,-14.385,-19.6,39.515,,,,,,,,,,,,,,
58:8C:81:40:BE:24,Center,1,18566124,Imu,-0.669292,-0.112484,0.76567197,-1.785,39.305,-3.43,,,,,,,,,,,,,,
58:8C:81:40:BE:24,Center,1,18597294,Imu,-0.679296,-0.042212002,1.155584,-1.575,39.725,-3.675,,,,,,,,,,,,,,
58:8C:81:40:BE:1C,Center,0,18628209,Imu,-0.684664,-0.040260002,1.07482,3.78,1.925,40.04,,,,,,,,,,,,,,
58:8C:81:40:BE:1C,Center,0,18659336,Imu,-0.585356,-0.110288,1.0777481,-13.72,-11.34,40.145,,,,,,,,,,,,,,
58:8C:81:40:BE:1C,Center,0,18690104,Imu,-0.498248,0.11443601,1.015772,-0.56,-2.8,41.545,,,,,,,,,,,,,,
58:8C:81:40:BE:24,Center,1,18721119,Gps,,,,,,,43.477786333333334,-80.54534933333333,341.0,13.091,1,2026,3,8,21,30,24,0,,
58:8C:81:40:BE:1C,Center,0,18752281,Imu,-0.52679604,-0.063195996,1.0431,3.29,17.71,41.79,,,,,,,,,,,,,,
58:8C:81:40:BE:1C,Center,0,18783096,Imu,-0.48824403,-0.056364004,1.072624,-2.695,-2.59,41.37,,,,,,,,,,,,,,
58:8C:81:40:BE:1C,Center,0,18814097,Imu,-0.526308,-0.02684,0.918904,3.71,7.07,41.965,,,,,,,,,,,,,,
58:8C:81:40:BE:1C,Center,0,18845293,Imu,-0.49556398,-0.036112,0.990396,-3.92,-8.12,41.615,,,,,,,,,,,,,,
58:8C:81:40:BE:24,Center,1,18876214,Imu,-0.664168,-0.09735601,0.85156,-1.89,38.605,-3.57,,,,,,,,,,,,,,
58:8C:81:40:BE:1C,Center,0,18907451,Imu,-0.64074403,-0.001464,1.044564,-2.59,1.61,42.14,,,,,,,,,,,,,,
58:8C:81:40:BE:24,Center,1,18938326,Imu,-0.652944,-0.055632,0.842532,-1.61,38.64,-3.57,,,,,,,,,,,,,,
58:8C:81:40:BE:1C,Center,0,18969095,Imu,-0.372344,-0.156404,1.108492,5.215,-6.475,41.37,,,,,,,,,,,,,,
58:8C:81:40:BE:24,Center,1,19005380,Imu,-0.610732,-0.050264,0.708332,-1.68,39.445,-3.57,,,,,,,,,,,,,,
58:8C:81:40:BE:1C,Center,0,19035559,Imu,-0.565348,0.09735601,1.0262641,-4.165,-4.445,39.445,,,,,,,,,,,,,,
58:8C:81:40:BE:24,Center,1,19066306,Imu,-0.670756,-0.06344,1.018944,-1.855,39.095,-3.57,,,,,,,,,,,,,,
58:8C:81:40:BE:1C,Center,0,19097462,Imu,-0.4636,-0.06832,0.98112404,-3.36,-2.345,40.985,,,,,,,,,,,,,,
58:8C:81:40:BE:24,Center,1,19128261,Imu,-0.624884,-0.03904,1.170712,-1.75,39.375,-3.535,,,,,,,,,,,,,,
58:8C:81:40:BE:1C,Center,0,19159250,Imu,-0.59194404,0.040748,1.1565601,6.195,10.29,41.79,,,,,,,,,,,,,,
58:8C:81:40:BE:24,Center,1,19190457,Imu,-0.627812,-0.039528,1.12362,-1.75,35.805,-3.535,,,,,,,,,,,,,,
58:8C:81:40:BE:24,Center,1,19221157,Imu,-0.608536,0.062708,0.969168,-1.68,35.63,-3.57,,,,,,,,,,,,,,
58:8C:81:40:BE:24,Center,1,19251289,Gps,,,,,,,43.47781533333333,-80.54535783333333,341.0,12.856,339,2026,3,8,21,30,25,0,,
58:8C:81:40:BE:24,Center,1,19282431,Imu,-0.59267604,0.050508,1.09312,-1.715,36.96,-3.605,,,,,,,,,,,,,,
58:8C:81:40:BE:1C,Center,0,19313116,Imu,-0.52606404,0.123708,0.892308,-0.77,6.09,40.95,,,,,,,,,,,,,,
58:8C:81:40:BE:24,Center,1,19343488,Heartbeat,,,,,,,,,,,,,,,,,,,66,
58:8C:81:40:BE:24,Center,1,19374282,Imu,-0.704672,-0.108336,0.922076,-1.715,38.815,-3.605,,,,,,,,,,,,,,
58:8C:81:40:BE:24,Center,1,19405501,Imu,-0.47897202,-0.027328001,1.016748,-1.785,33.74,-3.675,,,,,,,,,,,,,,
58:8C:81:40:BE:24,Center,1,19436437,Imu,-0.50703204,0.020496,0.852292,-1.575,36.82,-3.57,,,,,,,,,,,,,,
58:8C:81:40:BE:24,Center,1,19467177,Imu,-0.56705606,-0.101748005,1.303936,-1.68,39.095,-3.5,,,,,,,,,,,,,,
58:8C:81:40:BE:1C,Center,0,19505490,Imu,-0.469456,0.072468005,0.825696,1.05,2.8,41.755,,,,,,,,,,,,,,
58:8C:81:40:BE:1C,Center,0,19535708,Imu,-0.531188,0.014152001,0.920612,-7.28,5.495,40.25,,,,,,,,,,,,,,
58:8C:81:40:BE:24,Center,1,19566454,Imu,-0.59731203,0.09125601,0.808128,-1.645,38.92,-3.5,,,,,,,,,,,,,,
58:8C:81:40:BE:24,Center,1,19597644,Imu,-0.50874,0.116876,1.0426121,-1.785,39.025,-3.5,,,,,,,,,,,,,,
58:8C:81:40:BE:24,Center,1,19628466,Gps,,,,,,,43.47783533333333,-80.54537433333333,341.0,12.53,323,2026,3,8,21,30,25,0,,
58:8C:81:40:BE:24,Center,1,19659499,Imu,-0.604632,0.0075640003,0.981856,-1.785,39.025,-3.605,,,,,,,,,,,,,,
58:8C:81:40:BE:24,Center,1,19690563,Imu,-0.731268,0.094184,0.939156,-1.715,34.405,-3.395,,,,,,,,,,,,,,
58:8C:81:40:BE:24,Center,1,19721511,Gps,,,,,,,43.47783966666667,-80.54537966666666,341.0,12.668,319,2026,3,8,21,30,25,0,,
58:8C:81:40:BE:24,Center,1,19752640,Imu,-0.47458002,0.047092,1.054568,-1.715,38.99,-3.57,,,,,,,,,,,,,,
58:8C:81:40:BE:24,Center,1,19783599,Imu,-0.616344,0.120292,0.927688,-1.61,39.095,-3.57,,,,,,,,,,,,,,
58:8C:81:40:BE:24,Center,1,19814327,Imu,-0.562908,0.099308,1.019188,-1.645,37.31,-3.675,,,,,,,,,,,,,,
58:8C:81:40:BE:1C,Center,0,19844551,Imu,-0.58072,0.15713601,0.93622804,-0.105,14.42,40.845,,,,,,,,,,,,,,
58:8C:81:40:BE:24,Center,1,19875277,Imu,-0.580232,0.077836,1.035292,-1.68,39.095,-3.535,,,,,,,,,,,,,,
58:8C:81:40:BE:1C,Center,0,19905445,Imu,-0.52533203,0.160796,0.958188,0.525,5.74,40.53,,,,,,,,,,,,,,
58:8C:81:40:BE:24,Center,1,19936573,Gps,,,,,,,43.47784766666667,-80.545392,341.0,12.989,310,2026,3,8,21,30,25,0,,
58:8C:81:40:BE:1C,Center,0,19967310,Imu,-0.551684,0.033672,1.138748,4.62,6.545,39.69,,,,,,,,,,,,,,
58:8C:81:40:BE:1C,Center,0,19997671,Imu,-0.427732,0.039772,1.191452,-3.325,0.455,40.145,,,,,,,,,,,,,,
58:8C:81:40:BE:24,Center,1,20005550,Gps,,,,,,,43.47785116666667,-80.54539883333334,341.0,13.091,306,2026,3,8,21,30,25,0,,
58:8C:81:40:BE:24,Center,1,20035861,Imu,-0.516792,-0.034892,1.292224,-1.54,39.025,-3.465,,,,,,,,,,,,,,
58:8C:81:40:BE:24,Center,1,20066325,Imu,-0.556076,0.069784,0.79568404,-1.75,39.725,-3.57,,,,,,,,,,,,,,
58:8C:81:40:BE:24,Center,1,20096707,Gps,,,,,,,43.4778545,-80.54540583333333,341.0,13.173,302,2026,3,8,21,30,25,0,,
58:8C:81:40:BE:24,Center,1,20127655,Imu,-0.49629602,0.06954,0.91256,-1.645,38.955,-3.64,,,,,,,,,,,,,,
58:8C:81:40:BE:24,Center,1,20158587,Imu,-0.46726,0.014396,0.845948,-1.715,39.095,-3.535,,,,,,,,,,,,,,
58:8C:81:40:BE:24,Center,1,20189447,Imu,-0.498492,0.044652,0.867664,-1.715,39.165,-3.57,,,,,,,,,,,,,,
58:8C:81:40:BE:24,Center,1,20220642,Gps,,,,,,,43.477857166666666,-80.54541316666666,341.0,13.003,298,2026,3,8,21,30,26,0,,
58:8C:81:40:BE:1C,Center,0,20251507,Imu,-0.58804,0.14371601,0.958432,-0.315,12.215,37.835,,,,,,,,,,,,,,
58:8C:81:40:BE:1C,Center,0,20282743,Imu,-0.39772,0.15616,1.0572519,-6.3,-6.44,37.835,,,,,,,,,,,,,,
58:8C:81:40:BE:1C,Center,0,20313654,Imu,-0.439444,0.143228,0.93574,3.255,3.92,37.975,,,,,,,,,,,,,,
58:8C:81:40:BE:1C,Center,0,20344555,Imu,-0.484584,0.122,1.02236,-4.76,-3.605,37.17,,,,,,,,,,,,,,
58:8C:81:40:BE:24,Center,1,20375601,Imu,-0.593164,0.13419999,0.938912,-1.61,34.545,-3.605,,,,,,,,,,,,,,
58:8C:81:40:BE:24,Center,1,20406539,Gps,,,,,,,43.477862,-80.54542883333333,341.0,13.53,291,2026,3,8,21,30,26,0,,
58:8C:81:40:BE:24,Center,1,20437716,Imu,-0.57681596,0.0070760003,1.02724,-1.75,39.9,-3.535,,,,,,,,,,,,,,
58:8C:81:40:BE:1C,Center,0,20468426,Imu,-0.578036,0.206424,0.934764,-10.675,-0.98,36.33,,,,,,,,,,,,,,
58:8C:81:40:BE:24,Center,1,20505689,Imu,-0.594872,0.008052,1.02114,-1.68,37.87,-3.535,,,,,,,,,,,,,,
58:8C:81:40:BE:1C,Center,0,20535953,Imu,-0.469456,0.073932,1.033584,-0.455,-8.61,35.735,,,,,,,,,,,,,,
58:8C:81:40:BE:24,Center,1,20566706,Imu,-0.45774403,0.12078,0.95965207,-1.645,38.36,-3.535,,,,,,,,,,,,,,
58:8C:81:40:BE:1C,Center,0,20597979,Imu,-0.37698,0.03782,1.059204,-7.21,-3.15,34.895,,,,,,,,,,,,,,
58:8C:81:40:BE:1C,Center,0,20628919,Imu,-0.54631597,0.00122,1.06506,8.155,8.155,35.91,,,,,,,,,,,,,,
58:8C:81:40:BE:24,Center,1,20659793,Imu,-0.528504,0.230336,1.014552,-1.75,39.235,-3.605,,,,,,,,,,,,,,
58:8C:81:40:BE:1C,Center,0,20690878,Imu,-0.246684,0.193736,1.028948,-5.635,-21.735,35.49,,,,,,,,,,,,,,
58:8C:81:40:BE:24,Center,1,20721583,Imu,-0.41480002,0.176168,0.97087604,-1.75,34.685,-3.605,,,,,,,,,,,,,,
58:8C:81:40:BE:1C,Center,0,20752581,Imu,-0.38064,0.240096,0.825208,5.985,-5.74,35.28,,,,,,,,,,,,,,
58:8C:81:40:BE:24,Center,1,20783588,Imu,-0.40870002,0.22301601,0.91988003,-1.785,39.06,-3.57,,,,,,,,,,,,,,
58:8C:81:40:BE:24,Center,1,20814626,Gps,,,,,,,43.47786683333333,-80.54546333333333,341.0,13.974,277,2026,3,8,21,30,26,0,,
58:8C:81:40:BE:24,Center,1,20845631,Imu,-0.415288,0.209108,0.970144,-1.785,38.815,-3.605,,,,,,,,,,,,,,
58:8C:81:40:BE:1C,Center,0,20876829,Imu,-0.343552,0.34404,0.873276,5.425,-8.26,30.03,,,,,,,,,,,,,,
58:8C:81:40:BE:24,Center,1,20907511,Gps,,,,,,,43.47786716666667,-80.54547266666667,341.0,14.536,272,2026,3,8,21,30,26,0,,
58:8C:81:40:BE:1C,Center,0,20937860,Imu,-0.397232,0.316224,1.1343559,4.095,4.2,29.785,,,,,,,,,,,,,,
58:8C:81:40:BE:24,Center,1,20968547,Imu,-0.585356,0.19398,0.948916,-1.715,38.78,-3.57,,,,,,,,,,,,,,
58:8C:81:40:BE:24,Center,1,21006357,Gps,,,,,,,43.47786683333333,-80.54548216666667,341.0,14.97,269,2026,3,8,21,30,26,0,,
58:8C:81:40:BE:24,Center,1,21036683,Imu,-0.301828,0.21789199,1.105564,-1.645,37.135,-3.535,,,,,,,,,,,,,,
58:8C:81:40:BE:24,Center,1,21067058,Imu,-0.59536,0.124196,1.1245961,-1.61,34.23,-3.5,,,,,,,,,,,,,,
58:8C:81:40:BE:24,Center,1,21097947,Imu,-0.31842002,0.30573198,1.130696,-1.75,39.375,-3.64,,,,,,,,,,,,,,
58:8C:81:40:BE:24,Center,1,21129057,Imu,-0.426512,0.163724,0.6283,-1.715,38.955,-3.57,,,,,,,,,,,,,,
58:8C:81:40:BE:24,Center,1,21159962,Imu,-0.44652003,0.253272,1.0379759,-1.68,39.515,-3.465,,,,,,,,,,,,,,
58:8C:81:40:BE:1C,Center,0,21191112,Imu,-0.36478,0.20349601,0.898164,15.575,-1.47,30.1,,,,,,,,,,,,,,
58:8C:81:40:BE:24,Center,1,21222003,Imu,-0.52191603,0.25010002,0.916708,-1.75,37.94,-3.535,,,,,,,,,,,,,,
58:8C:81:40:BE:1C,Center,0,21252784,Imu,-0.456036,0.179828,1.0396839,-5.915,-1.33,29.575,,,,,,,,,,,,,,
58:8C:81:40:BE:1C,Center,0,21283001,Imu,-0.350628,0.300852,0.909632,9.17,9.275,31.045,,,,,,,,,,,,,,
58:8C:81:40:BE:1C,Center,0,21313780,Imu,-0.44164002,0.300852,1.175104,6.545,4.865,28.805,,,,,,,,,,,,,,
58:8C:81:40:BE:24,Center,1,21344113,Heartbeat,,,,,,,,,,,,,,,,,,,66,
58:8C:81:40:BE:24,Center,1,21374841,Imu,-0.478484,0.245708,1.1324041,-1.785,39.2,-3.465,,,,,,,,,,,,,,
58:8C:81:40:BE:24,Center,1,21406049,Imu,-0.532408,0.26742402,0.877668,-1.645,38.92,-3.5,,,,,,,,,,,,,,
58:8C:81:40:BE:1C,Center,0,21436947,Imu,-0.375272,0.290848,0.97966003,-12.32,-6.195,29.995,,,,,,,,,,,,,,
58:8C:81:40:BE:24,Center,1,21467978,Imu,-0.396012,0.232532,1.011868,-1.75,38.885,-3.605,,,,,,,,,,,,,,
58:8C:81:40:BE:1C,Center,0,21505884,Imu,-0.26547202,0.23204401,1.012844,-4.06,-9.555,27.405,,,,,,,,,,,,,,
58:8C:81:40:BE:24,Center,1,21536219,Imu,-0.376004,0.29231203,1.0989759,-1.61,38.885,-3.5,,,,,,,,,,,,,,
58:8C:81:40:BE:1C,Center,0,21566797,Imu,-0.38918,0.28474802,0.87156796,-2.975,10.955,27.405,,,,,,,,,,,,,,
58:8C:81:40:BE:24,Center,1,21597765,Imu,-0.40016,0.15616,1.2404959,-1.68,38.78,-3.5,,,,,,,,,,,,,,
58:8C:81:40:BE:24,Center,1,21628755,Gps,,,,,,,43.477858,-80.54554233333333,341.1,17.001,251,2026,3,8,21,30,27,0,,
58:8C:81:40:BE:24,Center,1,21659966,Imu,-0.508984,0.203008,0.938668,-1.75,38.99,-3.57,,,,,,,,,,,,,,
58:8C:81:40:BE:1C,Center,0,21690729,Imu,-0.313296,0.225944,0.803248,11.55,8.33,27.44,,,,,,,,,,,,,,
58:8C:81:40:BE:24,Center,1,21721772,Gps,,,,,,,43.477855166666664,-80.5455525,341.1,17.257,249,2026,3,8,21,30,27,0,,
58:8C:81:40:BE:24,Center,1,21752989,Imu,-0.47946,0.18251202,1.032608,-1.75,38.815,-3.605,,,,,,,,,,,,,,
58:8C:81:40:BE:24,Center,1,21783827,Imu,-0.403332,0.107847996,1.067988,-1.645,38.85,-3.57,,,,,,,,,,,,,,
58:8C:81:40:BE:24,Center,1,21814824,Gps,,,,,,,43.47785183333333,-80.54556266666667,341.1,17.386,246,2026,3,8,21,30,27,0,,
58:8C:81:40:BE:1C,Center,0,21845923,Imu,-0.36697602,0.205936,0.99674,14.805,-4.655,25.27,,,,,,,,,,,,,,
58:8C:81:40:BE:1C,Center,0,21876858,Imu,-0.30280402,0.223748,0.97234005,6.37,-2.415,24.78,,,,,,,,,,,,,,
58:8C:81:40:BE:1C,Center,0,21907928,Imu,-0.33916,0.21642801,0.864492,11.795,-1.575,25.165,,,,,,,,,,,,,,
58:8C:81:40:BE:24,Center,1,21938633,Imu,-0.415044,0.128832,0.916952,-1.715,38.605,-3.64,,,,,,,,,,,,,,
58:8C:81:40:BE:24,Center,1,21968960,Imu,-0.482632,0.173728,0.87913203,-1.925,40.32,-3.64,,,,,,,,,,,,,,
58:8C:81:40:BE:24,Center,1,22007223,Imu,-0.39820802,0.13297999,0.886696,-1.645,38.255,-3.64,,,,,,,,,,,,,,
58:8C:81:40:BE:24,Center,1,22037579,Imu,-0.379664,0.212036,0.848388,-1.785,38.675,-3.57,,,,,,,,,,,,,,
58:8C:81:40:BE:1C,Center,0,22068087,Imu,-0.393328,0.14200799,1.0831159,-4.025,3.675,21.875,,,,,,,,,,,,,,
58:8C:81:40:BE:1C,Center,0,22099438,Imu,-0.46408802,0.203984,1.000644,-1.925,-9.135,21.455,,,,,,,,,,,,,,
58:8C:81:40:BE:24,Center,1,22129947,Imu,-0.300608,0.048312,1.023824,-1.75,37.345,-3.57,,,,,,,,,,,,,,
58:8C:81:40:BE:1C,Center,0,22160165,Imu,-0.27352402,0.144448,1.130696,-6.545,3.185,21.735,,,,,,,,,,,,,,
58:8C:81:40:BE:1C,Center,0,22190897,Imu,-0.375272,0.089304,1.138504,-11.515,-7.77,20.72,,,,,,,,,,,,,,
58:8C:81:40:BE:24,Center,1,22221180,Imu,-0.399428,-0.055388,0.865468,-1.645,38.92,-3.5,,,,,,,,,,,,,,
58:8C:81:40:BE:24,Center,1,22252034,Gps,,,,,,,43.477835666666664,-80.54560183333334,341.2,17.997,236,2026,3,8,21,30,28,0,,
58:8C:81:40:BE:1C,Center,0,22283091,Imu,-0.29865602,0.043188,0.839604,-9.135,-1.295,24.29,,,,,,,,,,,,,,
58:8C:81:40:BE:24,Center,1,22314080,Gps,,,,,,,43.477830833333336,-80.54561116666666,341.2,17.955,235,2026,3,8,21,30,28,0,,
58:8C:81:40:BE:24,Center,1,22345283,Imu,-0.399428,-0.035380002,0.83033204,-1.68,39.095,-3.675,,,,,,,,,,,,,,
58:8C:81:40:BE:1C,Center,0,22376292,Imu,-0.415044,0.061,0.99405605,1.645,5.705,23.1,,,,,,,,,,,,,,
58:8C:81:40:BE:24,Center,1,22406977,Imu,-0.48678,0.057827998,0.881572,-1.785,36.435,-3.57,,,,,,,,,,,,,,
58:8C:81:40:BE:1C,Center,0,22438150,Imu,-0.21984401,0.171532,0.95526004,6.405,-0.56,23.765,,,,,,,,,,,,,,
58:8C:81:40:BE:24,Center,1,22469140,Imu,-0.41236,0.060512003,0.88474405,-1.75,39.515,-3.535,,,,,,,,,,,,,,
58:8C:81:40:BE:24,Center,1,22506513,Imu,-0.481168,0.14713201,0.845216,-1.75,39.27,-3.535,,,,,,,,,,,,,,
58:8C:81:40:BE:24,Center,1,22536703,Gps,,,,,,,43.4778205,-80.54562866666667,341.2,17.74,230,2026,3,8,21,30,28,0,,
58:8C:81:40:BE:24,Center,1,22567085,Imu,-0.416264,0.15884401,1.110688,-1.645,36.26,-3.64,,,,,,,,,,,,,,
58:8C:81:40:BE:1C,Center,0,22598261,Imu,-0.42675602,-0.091744006,1.3007641,-33.74,-17.185,19.845,,,,,,,,,,,,,,
58:8C:81:40:BE:24,Center,1,22629032,Gps,,,,,,,43.477815,-80.545637,341.2,17.906,227,2026,3,8,21,30,28,0,,
58:8C:81:40:BE:1C,Center,0,22660031,Imu,-0.17690001,0.081008,0.87937605,3.36,-25.375,22.4,,,,,,,,,,,,,,
58:8C:81:40:BE:24,Center,1,22690986,Imu,-0.487512,0.125172,1.147532,-1.61,38.815,-3.57,,,,,,,,,,,,,,
58:8C:81:40:BE:1C,Center,0,22722095,Imu,-0.275232,-0.0732,1.0045481,5.25,-8.855,21.0,,,,,,,,,,,,,,
58:8C:81:40:BE:24,Center,1,22753055,Imu,-0.21520801,-0.035624,1.3634721,-1.715,39.235,-3.465,,,,,,,,,,,,,,
58:8C:81:40:BE:24,Center,1,22784225,Imu,-0.351604,0.12639199,0.770796,-1.68,39.585,-3.57,,,,,,,,,,,,,,
58:8C:81:40:BE:24,Center,1,22814975,Imu,-0.361852,-0.005368,1.21146,-1.715,37.135,-3.57,,,,,,,,,,,,,,
58:8C:81:40:BE:24,Center,1,22846093,Imu,-0.20984,0.048068002,0.594872,-1.68,36.715,-3.535,,,,,,,,,,,,,,
58:8C:81:40:BE:24,Center,1,22877278,Imu,-0.128344,0.113216005,0.865468,-1.715,39.34,-3.535,,,,,,,,,,,,,,
58:8C:81:40:BE:24,Center,1,22908336,Imu,-0.170312,0.123464,0.673684,-1.75,35.28,-3.465,,,,,,,,,,,,,,
58:8C:81:40:BE:24,Center,1,22939121,Gps,,,,,,,43.477796833333336,-80.54566,341.2,17.519,220,2026,3,8,21,30,28,0,,
58:8C:81:40:BE:24,Center,1,22970297,Imu,-0.138104,0.038064,1.117276,-1.61,35.455,-3.57,,,,,,,,,,,,,,
58:8C:81:40:BE:24,Center,1,23006187,Imu,-0.07564,0.14713201,0.77030796,-1.61,38.99,-3.465,,,,,,,,,,,,,,
58:8C:81:40:BE:24,Center,1,23036310,Imu,0.093696,0.213256,0.978684,-1.75,31.15,-3.535,,,,,,,,,,,,,,
58:8C:81:40:BE:1C,Center,0,23067199,Imu,0.18495199,0.14884,1.054324,-2.485,-21.0,7.0,,,,,,,,,,,,,,
58:8C:81:40:BE:1C,Center,0,23097938,Imu,0.158112,0.07564,0.92964,-11.445,-3.85,4.795,,,,,,,,,,,,,,
58:8C:81:40:BE:24,Center,1,23128107,Imu,0.121268,0.155184,1.06872,-1.715,39.165,-3.395,,,,,,,,,,,,,,
58:8C:81:40:BE:24,Center,1,23159238,Imu,0.17324,0.058316004,1.054324,-1.82,39.165,-3.605,,,,,,,,,,,,,,
58:8C:81:40:BE:1C,Center,0,23190126,Imu,0.16348,0.143228,1.0711601,-5.67,-11.69,-0.035,,,,,,,,,,,,,,
58:8C:81:40:BE:1C,Center,0,23221324,Imu,0.22008799,-0.040992,0.98917603,0.875,-6.58,-1.995,,,,,,,,,,,,,,
58:8C:81:40:BE:1C,Center,0,23252161,Imu,0.319884,0.041968003,1.0235801,6.545,-8.575,-2.275,,,,,,,,,,,,,,
58:8C:81:40:BE:1C,Center,0,23283363,Imu,0.355508,-0.034892,1.01504,-7.735,-6.895,-3.955,,,,,,,,,,,,,,
58:8C:81:40:BE:24,Center,1,23314238,Imu,0.25864002,-0.038308,1.085556,-1.645,39.025,-3.57,,,,,,,,,,,,,,
58:8C:81:40:BE:1C,Center,0,23345097,Imu,0.39820802,-0.018788,1.019432,-3.78,-4.235,-6.72,,,,,,,,,,,,,,
58:8C:81:40:BE:1C,Center,0,23376322,Imu,0.322324,-0.1464,1.1421641,-2.485,-3.71,-8.68,,,,,,,,,,,,,,
58:8C:81:40:BE:1C,Center,0,23407057,Imu,0.320128,-0.055388,1.001864,2.345,4.025,-10.465,,,,,,,,,,,,,,
58:8C:81:40:BE:1C,Center,0,23438024,Imu,0.351848,-0.056608003,1.004792,3.36,-0.175,-12.6,,,,,,,,,,,,,,
58:8C:81:40:BE:24,Center,1,23469256,Imu,0.360876,0.035624,1.0301679,-1.61,39.025,-3.64,,,,,,,,,,,,,,
58:8C:81:40:BE:1C,Center,0,23500181,Imu,0.434076,-0.040992,0.916464,1.365,-8.435,-14.77,,,,,,,,,,,,,,
58:8C:81:40:BE:24,Center,1,23506313,Gps,,,,,,,43.4777585,-80.545702,341.3,17.482,220,2026,3,8,21,30,29,0,,
58:8C:81:40:BE:1C,Center,0,23536699,Imu,0.33867198,-0.14932801,1.118984,-7.63,-7.56,-17.15,,,,,,,,,,,,,,
58:8C:81:40:BE:24,Center,1,23567217,Imu,0.38064,-0.00854,1.0616441,-1.75,39.2,-3.605,,,,,,,,,,,,,,
58:8C:81:40:BE:24,Center,1,23598276,Imu,0.489464,0.042456,1.078724,-1.61,38.43,-3.465,,,,,,,,,,,,,,
58:8C:81:40:BE:24,Center,1,23629496,Imu,0.48848802,-0.017812,1.119716,-1.715,39.2,-3.465,,,,,,,,,,,,,,
58:8C:81:40:BE:24,Center,1,23660219,Imu,0.33696398,-0.009272001,1.1514361,-1.75,34.58,-3.465,,,,,,,,,,,,,,
58:8C:81:40:BE:24,Center,1,23691280,Imu,0.36892802,-0.023424,0.72443604,-1.75,38.99,-3.465,,,,,,,,,,,,,,
58:8C:81:40:BE:24,Center,1,23722329,Imu,0.438712,0.028304001,0.9455,-1.715,39.095,-3.535,,,,,,,,,,,,,,
58:8C:81:40:BE:24,Center,1,23753351,Imu,0.47287202,0.0036600002,0.82228005,-1.75,39.095,-3.57,,,,,,,,,,,,,,
58:8C:81:40:BE:24,Center,1,23784417,Imu,0.299388,-0.016347999,1.138748,-1.785,38.43,-3.605,,,,,,,,,,,,,,
58:8C:81:40:BE:1C,Center,0,23815285,Imu,0.36356,-0.019032,0.88010806,12.11,3.64,-21.84,,,,,,,,,,,,,,
58:8C:81:40:BE:1C,Center,0,23846503,Imu,0.431636,-0.08906,1.0816519,-17.745,-13.335,-24.115,,,,,,,,,,,,,,
58:8C:81:40:BE:24,Center,1,23877350,Imu,0.391864,-0.038552,0.741028,-1.785,38.745,-3.605,,,,,,,,,,,,,,
58:8C:81:40:BE:24,Center,1,23908503,Gps,,,,,,,43.477735833333334,-80.545733,341.3,17.233,227,2026,3,8,21,30,29,0,,
58:8C:81:40:BE:24,Center,1,23939372,Imu,0.59658,-0.009272001,1.146068,-1.785,39.9,-3.535,,,,,,,,,,,,,,
58:8C:81:40:BE:24,Center,1,23970486,Imu,0.41919202,-0.055144,1.203896,-1.785,39.655,-3.605,,,,,,,,,,,,,,
58:8C:81:40:BE:1C,Center,0,24006385,Imu,0.36722,-0.080764,0.877424,-3.29,0.28,-23.345,,,,,,,,,,,,,,
58:8C:81:40:BE:1C,Center,0,24036769,Imu,0.50020003,-0.075884,1.192428,-11.97,-2.66,-25.06,,,,,,,,,,,,,,
58:8C:81:40:BE:1C,Center,0,24067686,Imu,0.509228,-0.044408,0.907192,4.48,-9.065,-24.92,,,,,,,,,,,,,,
58:8C:81:40:BE:24,Center,1,24098465,Imu,0.32452,-0.030256001,1.0248001,-1.68,37.03,-3.605,,,,,,,,,,,,,,
58:8C:81:40:BE:1C,Center,0,24129602,Imu,0.35843602,-0.128344,1.07238,-0.42,-0.98,-24.29,,,,,,,,,,,,,,
58:8C:81:40:BE:24,Center,1,24160354,Imu,0.436516,0.0122,0.896456,-1.785,39.27,-3.605,,,,,,,,,,,,,,
58:8C:81:40:BE:24,Center,1,24190524,Imu,0.32281202,-0.040260002,0.83204,-1.68,37.345,-3.535,,,,,,,,,,,,,,
58:8C:81:40:BE:24,Center,1,24221614,Imu,0.51801205,-0.018788,0.950868,-1.715,39.41,-3.57,,,,,,,,,,,,,,
58:8C:81:40:BE:24,Center,1,24252353,Imu,0.38430002,0.106628,1.1958439,-1.785,39.06,-3.535,,,,,,,,,,,,,,
58:8C:81:40:BE:24,Center,1,24282691,Imu,0.412116,-0.051728,0.96355605,-1.715,39.34,-3.5,,,,,,,,,,,,,,
58:8C:81:40:BE:24,Center,1,24313622,Imu,0.33159602,-0.014152001,0.676368,-1.645,39.375,-3.605,,,,,,,,,,,,,,
58:8C:81:40:BE:24,Center,1,24344566,Imu,0.509228,-0.027084,1.0982441,-1.61,36.995,-3.535,,,,,,,,,,,,,,
58:8C:81:40:BE:24,Center,1,24375709,Imu,0.36258402,-0.006344,0.79275596,-1.82,38.675,-3.535,,,,,,,,,,,,,,
58:8C:81:40:BE:24,Center,1,24406622,Imu,0.415288,0.0488,0.929396,-1.575,39.025,-3.535,,,,,,,,,,,,,,
58:8C:81:40:BE:24,Center,1,24437448,Imu,0.38283598,-0.14200799,1.740208,-1.715,35.07,-3.535,,,,,,,,,,,,,,
58:8C:81:40:BE:1C,Center,0,24468663,Imu,0.38308,-0.091012,0.69393605,-0.035,5.04,-22.89,,,,,,,,,,,,,,
58:8C:81:40:BE:24,Center,1,24506505,Imu,0.36844,-0.034404,1.500844,-1.75,39.025,-3.605,,,,,,,,,,,,,,
58:8C:81:40:BE:1C,Center,0,24536755,Imu,0.301584,0.066124,0.749324,18.865,20.09,-23.065,,,,,,,,,,,,,,
58:8C:81:40:BE:1C,Center,0,24567509,Imu,0.432124,-0.06807601,0.902068,-12.285,-1.26,-24.255,,,,,,,,,,,,,,
58:8C:81:40:BE:1C,Center,0,24598589,Imu,0.449448,-0.016104,0.731756,9.38,-10.325,-21.455,,,,,,,,,,,,,,
58:8C:81:40:BE:24,Center,1,24629513,Gps,,,,,,,43.47770716666667,-80.54579633333333,341.3,16.548,245,2026,3,8,21,30,30,0,,
58:8C:81:40:BE:1C,Center,0,24660528,Imu,0.31427202,-0.070272006,0.96136,-2.94,-4.795,-21.56,,,,,,,,,,,,,,
58:8C:81:40:BE:24,Center,1,24678161,Imu,0.477752,0.17714399,1.1951121,-1.715,35.14,-3.535,,,,,,,,,,,,,,
58:8C:81:40:BE:24,Center,1,24708401,Imu,0.270108,-0.083692,1.158512,-1.785,38.57,-3.5,,,,,,,,,,,,,,
58:8C:81:40:BE:24,Center,1,24739420,Imu,0.247904,-0.101016,0.87108004,-1.75,37.59,-3.535,,,,,,,,,,,,,,
58:8C:81:40:BE:1C,Center,0,24770396,Imu,0.232288,0.045872003,1.1755921,11.83,3.64,-16.59,,,,,,,,,,,,,,
58:8C:81:40:BE:24,Center,1,24801532,Imu,0.23058,0.064416,1.19072,-1.715,38.955,-3.535,,,,,,,,,,,,,,
58:8C:81:40:BE:24,Center,1,24832729,Imu,0.072224,0.114192,0.969168,-1.61,36.68,-3.57,,,,,,,,,,,,,,
58:8C:81:40:BE:1C,Center,0,24863479,Imu,0.038552,0.027572,1.067012,-4.375,8.89,-13.44,,,,,,,,,,,,,,
58:8C:81:40:BE:1C,Center,0,24894695,Imu,0.093696,0.04636,0.94647604,2.835,1.61,-12.11,,,,,,,,,,,,,,
58:8C:81:40:BE:24,Center,1,24925382,Gps,,,,,,,43.47769916666667,-80.545826,341.3,16.531,252,2026,3,8,21,30,30,0,,
58:8C:81:40:BE:24,Center,1,24955676,Imu,-0.027572,0.052704003,0.96672803,-1.68,39.165,-3.43,,,,,,,,,,,,,,
58:8C:81:40:BE:1C,Center,0,24986569,Imu,0.033184003,0.00097600004,1.0477359,-9.975,-0.525,-9.45,,,,,,,,,,,,,,
58:8C:81:40:BE:24,Center,1,25006585,Gps,,,,,,,43.47769683333333,-80.545836,341.3,16.527,252,2026,3,8,21,30,30,0,,
58:8C:81:40:BE:1C,Center,0,25036988,Imu,-0.0244,0.050996,1.008208,0.77,-0.945,-7.035,,,,,,,,,,,,,,
58:8C:81:40:BE:24,Center,1,25067577,Imu,-0.090524,-0.041724,0.856196,-1.54,38.92,-3.5,,,,,,,,,,,,,,
58:8C:81:40:BE:1C,Center,0,25098668,Imu,0.009272001,0.000732,1.1062961,5.74,-2.905,-4.06,,,,,,,,,,,,,,
58:8C:81:40:BE:24,Center,1,25129540,Imu,-0.053192,-0.0061,0.820572,-1.645,37.03,-3.43,,,,,,,,,,,,,,
58:8C:81:40:BE:24,Center,1,25160536,Imu,-0.075884,0.044896,1.32492,-1.645,38.99,-3.5,,,,,,,,,,,,,,
58:8C:81:40:BE:24,Center,1,25191716,Imu,-0.12566,0.02562,0.872544,-1.82,39.235,-3.5,,,,,,,,,,,,,,
58:8C:81:40:BE:24,Center,1,25222447,Gps,,,,,,,43.47769233333333,-80.54585583333333,341.3,16.388,252,2026,3,8,21,30,31,0,,
58:8C:81:40:BE:24,Center,1,25252753,Imu,-0.178364,0.066124,0.940864,-1.75,39.13,-3.5,,,,,,,,,,,,,,
58:8C:81:40:BE:1C,Center,0,25268266,Imu,-0.13517599,0.038064,1.069208,-1.365,-5.32,-0.315,,,,,,,,,,,,,,
58:8C:81:40:BE:24,Center,1,25298625,Gps,,,,,,,43.47769,-80.54586583333334,341.4,16.282,252,2026,3,8,21,30,31,0,,
58:8C:81:40:BE:24,Center,1,25329885,Imu,-0.182024,0.05368,1.015772,-1.785,39.13,-3.78,,,,,,,,,,,,,,
58:8C:81:40:BE:24,Center,1,25360850,Imu,-0.151524,0.02318,1.0875081,-1.75,38.92,-3.605,,,,,,,,,,,,,,
58:8C:81:40:BE:24,Center,1,25391783,Imu,-0.156404,0.063684,0.896456,-1.575,39.235,-3.535,,,,,,,,,,,,,,
58:8C:81:40:BE:1C,Center,0,25422620,Imu,-0.122244,-0.005612,1.209752,-3.15,-6.37,3.115,,,,,,,,,,,,,,
58:8C:81:40:BE:24,Center,1,25453761,Imu,-0.109068,-0.058560003,0.939644,-1.68,39.025,-3.465,,,,,,,,,,,,,,
58:8C:81:40:BE:1C,Center,0,25506732,Imu,-0.085156,0.027572,1.092144,6.44,1.505,3.605,,,,,,,,,,,,,,
58:8C:81:40:BE:24,Center,1,25537041,Imu,-0.14493601,-0.002684,0.886208,-1.715,35.455,-3.535,,,,,,,,,,,,,,
58:8C:81:40:BE:1C,Center,0,25567619,Imu,-0.130296,-0.013664001,1.143384,-1.47,1.015,4.375,,,,,,,,,,,,,,
58:8C:81:40:BE:24,Center,1,25598712,Imu,-0.158356,-0.113704,0.852292,-1.715,38.465,-3.465,,,,,,,,,,,,,,
58:8C:81:40:BE:24,Center,1,25629722,Gps,,,,,,,43.47768283333333,-80.54589483333334,341.4,15.877,250,2026,3,8,21,30,31,0,,
58:8C:81:40:BE:24,Center,1,25660730,Imu,-0.154452,-0.07564,1.0806761,-1.75,38.885,-3.535,,,,,,,,,,,,,,
58:8C:81:40:BE:24,Center,1,25691885,Imu,-0.074907996,-0.062708,1.048224,-1.645,35.735,-3.605,,,,,,,,,,,,,,
58:8C:81:40:BE:24,Center,1,25722675,Gps,,,,,,,43.4776805,-80.545904,341.4,15.549,250,2026,3,8,21,30,31,0,,
58:8C:81:40:BE:24,Center,1,25753803,Imu,-0.101016,-0.07686,0.99503195,-1.68,39.025,-3.605,,,,,,,,,,,,,,
58:8C:81:40:BE:24,Center,1,25784549,Imu,-0.083448,-0.131028,1.047248,-1.68,38.57,-3.64,,,,,,,,,,,,,,
58:8C:81:40:BE:1C,Center,0,25814699,Imu,-0.095892,-0.116388,0.992348,-2.625,4.445,4.27,,,,,,,,,,,,,,
58:8C:81:40:BE:24,Center,1,25845884,Imu,-0.13786,-0.178364,1.0618881,-1.82,39.095,-3.675,,,,,,,,,,,,,,
58:8C:81:40:BE:24,Center,1,25876922,Imu,-0.112484,-0.14371601,1.04066,-1.645,36.505,-3.57,,,,,,,,,,,,,,
58:8C:81:40:BE:1C,Center,0,25907912,Imu,-0.072956,-0.19398,1.054812,11.76,-2.625,4.13,,,,,,,,,,,,,,
58:8C:81:40:BE:24,Center,1,25938813,Gps,,,,,,,43.4776755,-80.545922,341.4,14.92,249,2026,3,8,21,30,31,0,,
58:8C:81:40:BE:1C,Center,0,25969607,Imu,-0.050508,-0.13590801,0.986492,1.085,0.735,3.815,,,,,,,,,,,,,,
58:8C:81:40:BE:24,Center,1,26008433,Imu,-0.064904,-0.139568,1.096536,-1.82,38.92,-3.57,,,,,,,,,,,,,,
58:8C:81:40:BE:24,Center,1,26038724,Imu,-0.10711601,-0.244488,0.99478805,-1.715,34.825,-3.64,,,,,,,,,,,,,,
58:8C:81:40:BE:24,Center,1,26068965,Imu,-0.064416,-0.207156,1.022848,-1.61,38.535,-3.605,,,,,,,,,,,,,,
58:8C:81:40:BE:24,Center,1,26100027,Imu,-0.090524,-0.207888,0.99259204,-1.925,38.255,-3.57,,,,,,,,,,,,,,
58:8C:81:40:BE:24,Center,1,26130877,Gps,,,,,,,43.4776705,-80.54593866666667,341.4,13.911,247,2026,3,8,21,30,31,0,,
58:8C:81:40:BE:24,Center,1,26161866,Imu,-0.11346,-0.20959601,1.05774,-1.715,39.2,-3.605,,,,,,,,,,,,,,
58:8C:81:40:BE:24,Center,1,26193034,Imu,-0.111508004,-0.206912,1.022604,-1.645,38.955,-3.535,,,,,,,,,,,,,,
58:8C:81:40:BE:24,Center,1,26223755,Imu,-0.15884401,-0.202032,1.0711601,-1.785,39.095,-3.535,,,,,,,,,,,,,,
58:8C:81:40:BE:24,Center,1,26253976,Gps,,,,,,,43.47766816666667,-80.5459465,341.5,13.375,247,2026,3,8,21,30,32,0,,
58:8C:81:40:BE:1C,Center,0,26284923,Imu,0.035624,-0.170312,0.972584,-2.695,6.58,5.39,,,,,,,,,,,,,,
58:8C:81:40:BE:24,Center,1,26316132,Imu,-0.032695998,-0.24985601,0.960628,-1.61,39.2,-3.465,,,,,,,,,,,,,,
58:8C:81:40:BE:1C,Center,0,26347027,Imu,-0.142252,-0.227408,1.271728,-1.295,-4.48,3.675,,,,,,,,,,,,,,
58:8C:81:40:BE:24,Center,1,26377793,Heartbeat,,,,,,,,,,,,,,,,,,,66,
58:8C:81:40:BE:24,Center,1,26408099,Imu,-0.10248,-0.252052,1.026996,-1.645,38.885,-3.43,,,,,,,,,,,,,,
58:8C:81:40:BE:24,Center,1,26439021,Gps,,,,,,,43.4776635,-80.545961,341.5,12.231,246,2026,3,8,21,30,32,0,,
58:8C:81:40:BE:1C,Center,0,26469905,Imu,-0.06588,-0.37454,1.042124,6.755,-20.58,3.78,,,,,,,,,,,,,,
58:8C:81:40:BE:24,Center,1,26507063,Imu,-0.136884,-0.237168,0.964776,-1.645,39.235,-3.605,,,,,,,,,,,,,,
58:8C:81:40:BE:24,Center,1,26537246,Gps,,,,,,,43.47766133333333,-80.54596766666667,341.5,11.609,245,2026,3,8,21,30,32,0,,
58:8C:81:40:BE:24,Center,1,26567714,Imu,-0.111264,-0.291336,1.250256,-1.82,38.745,-3.605,,,,,,,,,,,,,,
58:8C:81:40:BE:24,Center,1,26598736,Imu,-0.093208,-0.220576,1.023336,-1.715,38.92,-3.57,,,,,,,,,,,,,,
58:8C:81:40:BE:24,Center,1,26629835,Gps,,,,,,,43.47765916666667,-80.545974,341.5,10.976,245,2026,3,8,21,30,32,0,,
58:8C:81:40:BE:1C,Center,0,26660899,Imu,-0.032208,-0.23668,0.996008,7.455,-3.465,4.83,,,,,,,,,,,,,,
58:8C:81:40:BE:24,Center,1,26691715,Imu,-0.105408005,-0.290604,0.903288,-1.75,39.27,-3.43,,,,,,,,,,,,,,
58:8C:81:40:BE:24,Center,1,26722840,Imu,-0.08662,-0.29231203,1.0638399,-1.82,38.325,-3.605,,,,,,,,,,,,,,
58:8C:81:40:BE:24,Center,1,26753950,Imu,-0.104432,-0.21716,0.915,-1.75,37.94,-3.465,,,,,,,,,,,,,,
58:8C:81:40:BE:24,Center,1,26784872,Imu,-0.153232,-0.277916,1.019188,-1.855,39.27,-3.675,,,,,,,,,,,,,,
58:8C:81:40:BE:24,Center,1,26815589,Imu,-0.092475995,-0.158356,1.003572,-1.645,39.445,-3.57,,,,,,,,,,,,,,
58:8C:81:40:BE:1C,Center,0,26845923,Imu,-0.10736,-0.197152,1.199016,-0.91,-1.96,5.285,,,,,,,,,,,,,,
58:8C:81:40:BE:24,Center,1,26876691,Imu,-0.03294,-0.201544,0.979416,-1.645,38.675,-3.395,,,,,,,,,,,,,,
58:8C:81:40:BE:1C,Center,0,26907833,Imu,-0.048312,-0.241316,1.094584,2.555,1.47,4.375,,,,,,,,,,,,,,
58:8C:81:40:BE:24,Center,1,26938836,Gps,,,,,,,43.477653333333336,-80.54599066666667,341.5,9.138,243,2026,3,8,21,30,32,0,,
58:8C:81:40:BE:24,Center,1,26969814,Imu,-0.13859199,-0.242292,1.006256,-1.855,39.34,-3.605,,,,,,,,,,,,,,
58:8C:81:40:BE:1C,Center,0,27001049,Imu,-0.072224,-0.19398,1.016748,-2.94,-2.555,3.99,,,,,,,,,,,,,,
58:8C:81:40:BE:24,Center,1,27006996,Imu,-0.01342,-0.20496,1.135332,-1.785,39.375,-3.535,,,,,,,,,,,,,,
58:8C:81:40:BE:1C,Center,0,27037212,Imu,-0.088328004,-0.29158002,1.0235801,3.22,1.085,3.36,,,,,,,,,,,,,,
58:8C:81:40:BE:24,Center,1,27067897,Imu,-0.030012,-0.26791203,1.0892161,-1.68,39.41,-3.535,,,,,,,,,,,,,,
58:8C:81:40:BE:1C,Center,0,27099118,Imu,0.0070760003,-0.254492,0.98698,2.59,-4.06,3.535,,,,,,,,,,,,,,
58:8C:81:40:BE:24,Center,1,27130052,Imu,-0.032695998,-0.243756,1.141432,-1.715,38.92,-3.535,,,,,,,,,,,,,,
58:8C:81:40:BE:1C,Center,0,27161116,Imu,-0.00122,-0.219356,1.0235801,0.385,-0.945,2.905,,,,,,,,,,,,,,
58:8C:81:40:BE:24,Center,1,27192055,Imu,-0.06222,-0.23911999,1.012356,-1.75,38.815,-3.535,,,,,,,,,,,,,,
58:8C:81:40:BE:1C,Center,0,27223096,Imu,0.023668,-0.23302001,1.0362681,3.115,-7.805,1.995,,,,,,,,,,,,,,
58:8C:81:40:BE:24,Center,1,27253836,Imu,-0.034647997,-0.264496,1.070672,-1.61,39.83,-3.605,,,,,,,,,,,,,,
58:8C:81:40:BE:24,Center,1,27284012,Imu,-0.059536,-0.214964,1.006256,-1.645,38.29,-3.465,,,,,,,,,,,,,,
58:8C:81:40:BE:24,Center,1,27315306,Imu,-0.042456,-0.211548,1.05042,-1.61,39.165,-3.64,,,,,,,,,,,,,,
58:8C:81:40:BE:24,Center,1,27346252,Heartbeat,,,,,,,,,,,,,,,,,,,66,
58:8C:81:40:BE:24,Center,1,27377112,Imu,0.010736,-0.16787201,1.038952,-1.68,39.235,-3.43,,,,,,,,,,,,,,
58:8C:81:40:BE:24,Center,1,27407850,Gps,,,,,,,43.47764516666667,-80.5460115,341.6,6.287,241,2026,3,8,21,30,33,0,,
58:8C:81:40:BE:24,Center,1,27438113,Imu,-0.029524,-0.264496,1.008696,-1.54,39.095,-3.465,,,,,,,,,,,,,,
58:8C:81:40:BE:24,Center,1,27468936,Imu,0.005612,-0.24156,0.96746004,-1.54,38.78,-3.5,,,,,,,,,,,,,,
58:8C:81:40:BE:24,Center,1,27507125,Imu,-0.043676,-0.21789199,1.074332,-1.75,37.905,-3.465,,,,,,,,,,,,,,
58:8C:81:40:BE:24,Center,1,27537534,Imu,0.022204,-0.188124,1.055056,-1.82,39.515,-3.605,,,,,,,,,,,,,,
58:8C:81:40:BE:24,Center,1,27568184,Imu,0.0073200003,-0.22765201,1.0455401,-1.68,39.235,-3.465,,,,,,,,,,,,,,
58:8C:81:40:BE:24,Center,1,27599250,Imu,0.026596,-0.22692,1.007964,-1.75,38.99,-3.535,,,,,,,,,,,,,,
58:8C:81:40:BE:24,Center,1,27629990,Imu,0.012688,-0.204716,1.109468,-1.645,39.585,-3.465,,,,,,,,,,,,,,
58:8C:81:40:BE:24,Center,1,27660197,Imu,0.025132,-0.24278,1.0099161,-1.61,39.375,-3.535,,,,,,,,,,,,,,
58:8C:81:40:BE:24,Center,1,27691322,Imu,0.000732,-0.20349601,1.055056,-1.715,39.41,-3.465,,,,,,,,,,,,,,
58:8C:81:40:BE:24,Center,1,27722152,Imu,-0.024156,-0.216916,0.98088,-1.715,39.48,-3.57,,,,,,,,,,,,,,
58:8C:81:40:BE:24,Center,1,27753353,Imu,0.020496,-0.21594,1.0426121,-1.82,38.85,-3.465,,,,,,,,,,,,,,
58:8C:81:40:BE:24,Center,1,27784125,Imu,0.00488,-0.187636,1.0343161,-1.75,36.995,-3.64,,,,,,,,,,,,,,
58:8C:81:40:BE:24,Center,1,27815300,Gps,,,,,,,43.47764083333333,-80.54602216666666,341.6,3.986,241,2026,3,8,21,30,33,0,,
58:8C:81:40:BE:1C,Center,0,27846145,Imu,0.028304001,-0.208376,1.0875081,0.14,-3.22,-1.61,,,,,,,,,,,,,,
58:8C:81:40:BE:1C,Center,0,27877344,Imu,0.005368,-0.177388,1.019432,1.505,1.47,-1.295,,,,,,,,,,,,,,
58:8C:81:40:BE:1C,Center,0,27908248,Imu,0.014152001,-0.182024,1.0967801,2.24,-1.995,-1.575,,,,,,,,,,,,,,
58:8C:81:40:BE:24,Center,1,27939414,Imu,-0.021472,-0.169824,1.020652,-1.715,36.33,-3.5,,,,,,,,,,,,,,
58:8C:81:40:BE:24,Center,1,27970246,Imu,-0.040748,-0.143472,1.0631081,-1.75,36.855,-3.535,,,,,,,,,,,,,,
58:8C:81:40:BE:24,Center,1,28007192,Imu,-0.026108,-0.15006,1.037244,-1.68,38.92,-3.57,,,,,,,,,,,,,,
58:8C:81:40:BE:24,Center,1,28037523,Imu,-0.04514,-0.17446001,1.1167879,-1.54,39.375,-3.535,,,,,,,,,,,,,,
58:8C:81:40:BE:24,Center,1,28068196,Imu,-0.017323999,-0.164212,1.0533481,-1.715,39.48,-3.605,,,,,,,,,,,,,,
58:8C:81:40:BE:1C,Center,0,28099001,Imu,-0.017568002,-0.143228,1.0491999,0.455,-2.695,-1.645,,,,,,,,,,,,,,
58:8C:81:40:BE:24,Center,1,28130137,Gps,,,,,,,43.477639,-80.54602733333333,341.6,2.528,242,2026,3,8,21,30,33,0,,
58:8C:81:40:BE:1C,Center,0,28160978,Imu,-0.0073200003,-0.159088,1.056764,0.875,-1.365,-1.365,,,,,,,,,,,,,,
58:8C:81:40:BE:24,Center,1,28191939,Imu,-0.03294,-0.12932001,1.010648,-1.715,39.445,-3.64,,,,,,,,,,,,,,
58:8C:81:40:BE:24,Center,1,28222969,Imu,-0.017323999,-0.13517599,1.0287039,-1.645,38.045,-3.5,,,,,,,,,,,,,,
58:8C:81:40:BE:24,Center,1,28253954,Imu,-0.024644,-0.12858799,1.0523721,-1.61,38.85,-3.675,,,,,,,,,,,,,,
58:8C:81:40:BE:24,Center,1,28284969,Imu,-0.034892,-0.14078799,1.082628,-1.82,36.75,-3.64,,,,,,,,,,,,,,
58:8C:81:40:BE:1C,Center,0,28316030,Imu,0.017568002,-0.14493601,1.0357801,-2.03,0.35,-0.595,,,,,,,,,,,,,,
58:8C:81:40:BE:24,Center,1,28347185,Imu,-0.030988,-0.113216005,1.015284,-1.715,39.095,-3.535,,,,,,,,,,,,,,
58:8C:81:40:BE:1C,Center,0,28377986,Imu,-0.000732,-0.1403,1.040416,1.47,-1.995,-1.225,,,,,,,,,,,,,,
58:8C:81:40:BE:24,Center,1,28409072,Imu,-0.02806,-0.116876,1.0045481,-1.75,33.81,-3.57,,,,,,,,,,,,,,
58:8C:81:40:BE:24,Center,1,28440099,Imu,-0.030988,-0.123708,1.046516,-1.575,39.305,-3.465,,,,,,,,,,,,,,
58:8C:81:40:BE:24,Center,1,28470907,Imu,-0.027328001,-0.085644,1.0696961,-1.645,39.27,-3.465,,,,,,,,,,,,,,
58:8C:81:40:BE:1C,Center,0,28507871,Imu,0.013176001,-0.08906,1.0533481,4.2,-2.03,-1.435,,,,,,,,,,,,,,
58:8C:81:40:BE:1C,Center,0,28538044,Imu,0.018056,-0.067344,1.0357801,-0.105,1.295,-1.015,,,,,,,,,,,,,,
58:8C:81:40:BE:24,Center,1,28568425,Imu,-0.039772,-0.065636,1.0440761,-1.75,39.095,-3.535,,,,,,,,,,,,,,
58:8C:81:40:BE:1C,Center,0,28599240,Imu,0.006344,-0.07198001,1.041636,1.995,-1.4,-0.84,,,,,,,,,,,,,,
58:8C:81:40:BE:24,Center,1,28630224,Gps,,,,,,,43.4776375,-80.54603083333333,341.6,0.574,242,2026,3,8,21,30,34,0,,
58:8C:81:40:BE:1C,Center,0,28661349,Imu,0.010248,-0.085888,1.0557879,1.715,-0.35,-0.63,,,,,,,,,,,,,,
58:8C:81:40:BE:24,Center,1,28692561,Imu,-0.034647997,-0.065636,1.067256,-1.68,39.13,-3.605,,,,,,,,,,,,,,
58:8C:81:40:BE:24,Center,1,28721986,Gps,,,,,,,43.4776375,-80.546031,341.6,0.3,243,2026,3,8,21,30,34,0,,
58:8C:81:40:BE:24,Center,1,28752394,Imu,-0.024888001,-0.063928,1.0460279,-1.68,35.98,-3.535,,,,,,,,,,,,,,
58:8C:81:40:BE:1C,Center,0,28783183,Imu,0.036112,-0.00488,1.070672,1.75,-0.175,-1.015,,,,,,,,,,,,,,
58:8C:81:40:BE:24,Center,1,28813362,Imu,-0.016347999,0.061488,1.060912,-1.715,37.52,-3.605,,,,,,,,,,,,,,
58:8C:81:40:BE:1C,Center,0,28844335,Imu,0.047336,0.087108,1.071892,6.09,-0.77,-1.19,,,,,,,,,,,,,,
58:8C:81:40:BE:24,Center,1,28875559,Imu,-0.021960001,0.159088,1.037244,-1.785,39.305,-3.57,,,,,,,,,,,,,,
58:8C:81:40:BE:1C,Center,0,28906335,Imu,0.039772,0.155672,1.036512,2.73,-1.33,-1.05,,,,,,,,,,,,,,
58:8C:81:40:BE:24,Center,1,28937555,Imu,-0.0070760003,0.17690001,1.00772,-1.715,37.345,-3.465,,,,,,,,,,,,,,
58:8C:81:40:BE:1C,Center,0,28968284,Imu,0.047092,0.135664,1.023336,-1.12,-1.855,-0.875,,,,,,,,,,,,,,
58:8C:81:40:BE:24,Center,1,29009303,Imu,-0.020008,0.10126,0.989664,-1.61,38.78,-3.5,,,,,,,,,,,,,,
58:8C:81:40:BE:24,Center,1,29039633,Imu,-0.024644,0.090036005,0.93452,-1.715,34.685,-3.5,,,,,,,,,,,,,,
58:8C:81:40:BE:1C,Center,0,29070439,Imu,0.038308,0.038308,1.016992,-2.415,-2.275,-1.19,,,,,,,,,,,,,,
58:8C:81:40:BE:24,Center,1,29101507,Imu,-0.020496,0.036356,1.017968,-1.75,36.085,-3.605,,,,,,,,,,,,,,
58:8C:81:40:BE:24,Center,1,29132509,Gps,,,,,,,43.4776375,-80.546031,341.6,0.12,297,2026,3,8,21,30,34,0,,
58:8C:81:40:BE:24,Center,1,29163826,Imu,-0.020496,0.054656003,1.047004,-1.54,39.06,-3.5,,,,,,,,,,,,,,
58:8C:81:40:BE:24,Center,1,29194451,Imu,-0.012932,0.074664004,1.043588,-1.82,39.235,-3.57,,,,,,,,,,,,,,
58:8C:81:40:BE:1C,Center,0,29225610,Imu,0.035624,0.092964,1.057496,1.26,-1.715,-1.155,,,,,,,,,,,,,,
58:8C:81:40:BE:24,Center,1,29256390,Gps,,,,,,,43.4776375,-80.546031,341.6,0.057,297,2026,3,8,21,30,35,0,,
58:8C:81:40:BE:1C,Center,0,29287514,Imu,0.030744,0.108092,1.01992,1.33,-1.785,-1.12,,,,,,,,,,,,,,
58:8C:81:40:BE:24,Center,1,29318618,Imu,-0.01342,0.12078,0.97844,-1.715,37.66,-3.57,,,,,,,,,,,,,,
58:8C:81:40:BE:1C,Center,0,29349332,Imu,0.044164002,0.087596,1.009428,2.205,-0.385,-0.735,,,,,,,,,,,,,,
58:8C:81:40:BE:24,Center,1,29379674,Heartbeat,,,,,,,,,,,,,,,,,,,66,
58:8C:81:40:BE:24,Center,1,29410457,Imu,-0.01342,0.097112,0.95647997,-1.925,39.34,-3.605,,,,,,,,,,,,,,
58:8C:81:40:BE:24,Center,1,29441573,Gps,,,,,,,43.4776375,-80.54603083333333,341.6,0.029,297,2026,3,8,21,30,35,0,,
58:8C:81:40:BE:1C,Center,0,29472310,Imu,0.035136003,0.063195996,1.017724,0.77,-1.645,-1.05,,,,,,,,,,,,,,
58:8C:81:40:BE:24,Center,1,29507522,Imu,-0.01342,0.076128,1.012356,-1.61,34.51,-3.43,,,,,,,,,,,,,,
58:8C:81:40:BE:24,Center,1,29537761,Gps,,,,,,,43.4776375,-80.546031,341.6,0.029,297,2026,3,8,21,30,35,0,,
58:8C:81:40:BE:24,Center,1,29568225,Imu,-0.01952,0.086132005,1.0277281,-1.61,39.095,-3.465,,,,,,,,,,,,,,
58:8C:81:40:BE:24,Center,1,29599259,Imu,-0.025376,0.095892,0.98039204,-1.715,39.375,-3.57,,,,,,,,,,,,,,
58:8C:81:40:BE:24,Center,1,29630452,Gps,,,,,,,43.4776375,-80.54603083333333,341.6,0.04,297,2026,3,8,21,30,35,0,,
58:8C:81:40:BE:24,Center,1,29661326,Imu,-0.02684,0.103212,0.98600405,-1.785,38.675,-3.57,,,,,,,,,,,,,,
58:8C:81:40:BE:24,Center,1,29692419,Imu,-0.022448,0.108824,0.992104,-1.75,39.2,-3.605,,,,,,,,,,,,,,
58:8C:81:40:BE:24,Center,1,29723198,Imu,-0.013908,0.105164,1.02724,-1.47,36.715,-3.605,,,,,,,,,,,,,,
58:8C:81:40:BE:1C,Center,0,29753473,Imu,0.043676,0.078568004,1.0284599,-0.84,-2.17,-1.05,,,,,,,,,,,,,,
58:8C:81:40:BE:24,Center,1,29784368,Imu,-0.018544002,0.088571995,1.0235801,-1.925,36.435,-3.64,,,,,,,,,,,,,,
58:8C:81:40:BE:24,Center,1,29815290,Imu,-0.014152001,0.084667996,1.033828,-1.61,39.445,-3.535,,,,,,,,,,,,,,
58:8C:81:40:BE:24,Center,1,29846265,Imu,-0.023424,0.083692,0.981612,-1.715,38.71,-3.675,,,,,,,,,,,,,,
58:8C:81:40:BE:1C,Center,0,29877321,Imu,0.0427,0.061732,1.02968,1.435,-0.21,-0.805,,,,,,,,,,,,,,
58:8C:81:40:BE:24,Center,1,29908284,Imu,-0.0070760003,0.07564,1.025532,-1.645,37.135,-3.535,,,,,,,,,,,,,,
58:8C:81:40:BE:24,Center,1,29939320,Gps,,,,,,,43.4776375,-80.546031,341.6,0.05,297,2026,3,8,21,30,35,0,,
58:8C:81:40:BE:1C,Center,0,29970453,Imu,0.029768,0.081008,1.03212,2.415,-0.14,-0.98,,,,,,,,,,,,,,
58:8C:81:40:BE:1C,Center,0,30001335,Imu,0.043920003,0.085156,1.008696,2.205,-2.1,-1.155,,,,,,,,,,,,,,
58:8C:81:40:BE:24,Center,1,30007597,Gps,,,,,,,43.4776375,-80.54603083333333,341.6,0.048,297,2026,3,8,21,30,35,0,,
58:8C:81:40:BE:1C,Center,0,30037934,Imu,0.03782,0.088816,1.025288,0.21,-0.77,-0.77,,,,,,,,,,,,,,
58:8C:81:40:BE:1C,Center,0,30068333,Imu,0.035136003,0.079544,1.0057681,1.61,0.0,-0.91,,,,,,,,,,,,,,
58:8C:81:40:BE:24,Center,1,30099419,Imu,-0.0122,0.095404,1.05286,-1.715,39.235,-3.465,,,,,,,,,,,,,,
58:8C:81:40:BE:1C,Center,0,30130453,Imu,0.034404,0.062952,1.00284,-0.105,1.505,-0.98,,,,,,,,,,,,,,
58:8C:81:40:BE:24,Center,1,30161488,Imu,-0.010004,0.083448,1.041392,-1.61,38.325,-3.395,,,,,,,,,,,,,,
58:8C:81:40:BE:1C,Center,0,30192665,Imu,0.0305,0.090036005,1.054812,1.26,-2.625,-0.945,,,,,,,,,,,,,,
58:8C:81:40:BE:24,Center,1,30223423,Imu,-0.022448,0.08954801,1.013332,-1.75,30.73,-3.465,,,,,,,,,,,,,,
58:8C:81:40:BE:1C,Center,0,30254445,Imu,0.030012,0.082228005,1.030656,1.085,0.245,-0.875,,,,,,,,,,,,,,
58:8C:81:40:BE:24,Center,1,30285596,Imu,-0.020496,0.084424004,1.0396839,-1.855,38.815,-3.535,,,,,,,,,,,,,,
58:8C:81:40:BE:1C,Center,0,30316413,Imu,0.037088003,0.081496,1.0279721,0.735,-2.1,-0.805,,,,,,,,,,,,,,
58:8C:81:40:BE:24,Center,1,30347436,Imu,-0.005368,0.108824,1.016748,-1.75,38.99,-3.535,,,,,,,,,,,,,,
58:8C:81:40:BE:1C,Center,0,30378658,Imu,0.034404,0.063195996,1.015284,2.135,-0.49,-0.595,,,,,,,,,,,,,,
58:8C:81:40:BE:24,Center,1,30409459,Gps,,,,,,,43.4776375,-80.546031,341.6,0.015,297,2026,3,8,21,30,36,0,,
58:8C:81:40:BE:24,Center,1,30440688,Imu,-0.030744,0.118096,0.96867996,-1.75,39.095,-3.5,,,,,,,,,,,,,,
58:8C:81:40:BE:24,Center,1,30471534,Imu,-0.0366,0.035136003,1.008208,-1.75,39.06,-3.5,,,,,,,,,,,,,,
58:8C:81:40:BE:24,Center,1,30507728,Gps,,,,,,,43.4776375,-80.546031,341.6,0.025,297,2026,3,8,21,30,36,0,,
58:8C:81:40:BE:24,Center,1,30537879,Imu,-0.023668,0.083448,1.056032,-1.68,38.675,-3.605,,,,,,,,,,,,,,
58:8C:81:40:BE:1C,Center,0,30568789,Imu,0.04758,0.08174,1.0616441,1.925,-2.73,-1.225,,,,,,,,,,,,,,
58:8C:81:40:BE:1C,Center,0,30599852,Imu,0.020008,0.108092,1.120204,-2.695,-0.56,-1.47,,,,,,,,,,,,,,
58:8C:81:40:BE:24,Center,1,30630538,Imu,-0.015616001,0.106628,0.95647997,-1.645,35.805,-3.57,,,,,,,,,,,,,,
58:8C:81:40:BE:1C,Center,0,30660846,Imu,0.029524,0.074907996,1.026752,-2.66,1.365,-0.56,,,,,,,,,,,,,,
58:8C:81:40:BE:24,Center,1,30691787,Imu,-0.0122,0.090767995,1.03944,-1.715,39.095,-3.64,,,,,,,,,,,,,,
58:8C:81:40:BE:24,Center,1,30722825,Gps,,,,,,,43.4776375,-80.546031,341.6,0.019,297,2026,3,8,21,30,36,0,,
58:8C:81:40:BE:1C,Center,0,30754013,Imu,0.040992,0.075152,1.05164,0.805,-1.645,-1.155,,,,,,,,,,,,,,
58:8C:81:40:BE:1C,Center,0,30784740,Imu,0.032208,0.077104,1.00162,3.395,-0.595,-0.7,,,,,,,,,,,,,,
58:8C:81:40:BE:24,Center,1,30815967,Gps,,,,,,,43.4776375,-80.546031,341.6,0.032,297,2026,3,8,21,30,36,0,,
58:8C:81:40:BE:1C,Center,0,30846804,Imu,0.032695998,0.076372005,1.021628,3.605,-0.595,-0.84,,,,,,,,,,,,,,
58:8C:81:40:BE:24,Center,1,30877795,Imu,-0.022691999,0.098332,1.015772,-1.68,37.52,-3.43,,,,,,,,,,,,,,
58:8C:81:40:BE:24,Center,1,30908927,Gps,,,,,,,43.4776375,-80.546031,341.6,0.009,297,2026,3,8,21,30,36,0,,
58:8C:81:40:BE:24,Center,1,30939813,Imu,0.0,0.097844005,1.027484,-1.575,37.835,-3.465,,,,,,,,,,,,,,
58:8C:81:40:BE:24,Center,1,30970985,Imu,-0.010736,0.092964,1.021628,-1.68,37.625,-3.605,,,,,,,,,,,,,,
58:8C:81:40:BE:24,Center,1,31007795,Imu,-0.030988,0.10614,1.015772,-1.68,38.605,-3.57,,,,,,,,,,,,,,
58:8C:81:40:BE:24,Center,1,31038146,Imu,-0.0036600002,0.085644,1.004792,-1.645,38.99,-3.675,,,,,,,,,,,,,,
58:8C:81:40:BE:1C,Center,0,31069102,Imu,0.031476,0.05124,1.025776,0.77,-0.77,-0.945,,,,,,,,,,,,,,
58:8C:81:40:BE:24,Center,1,31099924,Imu,-0.0183,0.09028,1.00162,-1.75,38.29,-3.745,,,,,,,,,,,,,,
58:8C:81:40:BE:24,Center,1,31131058,Gps,,,,,,,43.4776375,-80.546031,341.6,0.021,297,2026,3,8,21,30,36,0,,
58:8C:81:40:BE:24,Center,1,31162011,Imu,-0.025864,0.101748005,1.002352,-1.575,35.0,-3.535,,,,,,,,,,,,,,
58:8C:81:40:BE:1C,Center,0,31193234,Imu,0.042212002,0.0793,1.041392,-1.225,-0.875,-0.91,,,,,,,,,,,,,,
58:8C:81:40:BE:1C,Center,0,31224029,Imu,0.040992,0.087108,1.0440761,1.05,-0.385,-0.945,,,,,,,,,,,,,,
58:8C:81:40:BE:24,Center,1,31254938,Imu,-0.028548,0.101992,0.990396,-1.82,39.305,-3.57,,,,,,,,,,,,,,
58:8C:81:40:BE:1C,Center,0,31286081,Imu,0.040260002,0.075152,1.051396,0.7,-0.525,-0.91,,,,,,,,,,,,,,
58:8C:81:40:BE:24,Center,1,31316946,Gps,,,,,,,43.4776375,-80.54603083333333,341.6,0.017,297,2026,3,8,21,30,37,0,,
58:8C:81:40:BE:1C,Center,0,31348197,Imu,0.049288,0.067587994,1.021384,-0.875,-1.05,-0.945,,,,,,,,,,,,,,
58:8C:81:40:BE:24,Center,1,31378941,Imu,-0.016836,0.071003996,0.997228,-1.82,37.17,-3.535,,,,,,,,,,,,,,
58:8C:81:40:BE:1C,Center,0,31409926,Imu,0.036112,0.079056,1.044564,0.455,-0.21,-0.98,,,,,,,,,,,,,,
58:8C:81:40:BE:24,Center,1,31441092,Imu,-0.026596,0.088571995,1.003084,-1.645,38.78,-3.605,,,,,,,,,,,,,,
58:8C:81:40:BE:24,Center,1,31471914,Imu,-0.022204,0.081008,1.0126001,-1.68,39.41,-3.535,,,,,,,,,,,,,,
58:8C:81:40:BE:1C,Center,0,31508617,Imu,0.023912001,0.110776,1.047248,5.39,0.21,-1.19,,,,,,,,,,,,,,
