timestamp_us,lat_synth,lon_synth,alt_synth,vehicle_heading_deg,ground_track_deg,roll_deg,pitch_deg,yaw_deg,v_north_mps,v_east_mps,v_down_mps,speed_mps
690273753,0.0,0.0,0.0,359.9979,359.9979,0.02613661,-0.013407964,-0.0021030582,0.0,0.0,0.0,0.0
690408486,0.0,0.0,0.0,359.99323,359.99323,0.082287945,-0.04329365,-0.0067730285,0.0,0.0,0.0,0.0
690530851,43.476581833333334,-80.541939,338.1000061035156,359.991,359.991,0.10619101,-0.067615874,-0.008989475,0.0,0.0,0.0,0.0
690714815,43.476581833333334,-80.541939,338.1000061035156,359.98386,359.98386,0.18026818,-0.12367879,-0.016137488,0.0,0.0,0.0,0.0
690849527,43.476581833333334,-80.541939,338.1000061035156,359.98108,359.98108,0.20953098,-0.14085186,-0.018923815,0.0,0.0,0.0,0.0
690971316,43.476581833333334,-80.541939,338.1000061035156,359.97598,359.97598,0.26584867,-0.16629682,-0.024002505,0.0,0.0,0.0,0.0
691118242,43.476581833333334,-80.541939,338.1000061035156,359.9709,359.9709,0.32491413,-0.19230646,-0.029105393,0.0,0.0,0.0,0.0
691375740,43.476581833333334,-80.541939,338.1000061035156,359.96585,359.96585,0.3836433,-0.22062431,-0.034156773,0.0,0.0,0.0,0.0
691522615,43.476581833333334,-80.541939,338.1000061035156,359.9608,359.9608,0.43507618,-0.25815067,-0.03922298,0.0,0.0,0.0,0.0
691706127,43.476581833333334,-80.541939,338.1000061035156,359.95584,359.95584,0.48904654,-0.29007098,-0.044159885,0.0,0.0,0.0,0.0
691962968,43.476581833333334,-80.541939,338.1000061035156,359.95312,359.95312,0.5170927,-0.30806008,-0.046865623,0.0,0.0,0.0,0.0
692207529,43.476581833333334,-80.541939,338.1000061035156,359.9456,359.9456,0.59603757,-0.35408673,-0.05439934,0.0,0.0,0.0,0.0
692391581,43.476581833333334,-80.541939,338.1000061035156,359.9403,359.9403,0.651846,-0.38156936,-0.0597071,0.0,0.0,0.0,0.0
692514240,43.476581833333334,-80.541939,338.1000061035156,359.9352,359.9352,0.70622987,-0.40727213,-0.06479392,0.0,0.0,0.0,0.0
692918431,43.476581833333334,-80.541939,338.1000061035156,359.93216,359.93216,0.73731375,-0.41985565,-0.06783206,0.0,0.0,0.0,0.0
693127276,43.476581833333334,-80.541939,338.1000061035156,359.92676,359.92676,0.7972461,-0.4464501,-0.07324153,0.0,0.0,0.0,0.0
693322628,43.476581833333334,-80.541939,338.1000061035156,359.92175,359.92175,0.8476454,-0.4760719,-0.078232236,0.0,0.0,0.0,0.0
693444894,43.476581833333334,-80.541939,338.1000061035156,359.91653,359.91653,0.90728295,-0.497801,-0.083451785,0.0,0.0,0.0,0.0
693690301,43.476581833333334,-80.541939,338.1000061035156,359.90524,359.90524,1.0059016,-0.5760455,-0.09476928,0.0,0.0,0.0,0.0
693911319,43.476581833333334,-80.541939,338.1000061035156,359.8998,359.8998,1.061093,-0.6035575,-0.10017858,0.0,0.0,0.0,0.0
694034160,43.476581833333334,-80.541939,338.1000061035156,359.89694,359.89694,1.0915031,-0.6181614,-0.103056334,0.0,0.0,0.0,0.0
694144717,43.476581833333334,-80.541939,338.1000061035156,359.89423,359.89423,1.1226058,-0.62835485,-0.10578832,0.0,0.0,0.0,0.0
694377653,43.476581833333334,-80.541939,338.1000061035156,359.88882,359.88882,1.17364,-0.66588485,-0.111189105,0.0,0.0,0.0,0.0
694622949,43.476581833333334,-80.541939,338.1000061035156,359.88596,359.88596,1.1949056,-0.69051003,-0.11403815,0.0,0.0,0.0,0.0
694904697,43.476581833333334,-80.541939,338.1000061035156,359.88037,359.88037,1.2523947,-0.7219053,-0.11963728,0.0,0.0,0.0,0.0
695064397,43.476581833333334,-80.541939,338.1000061035156,359.87476,359.87476,1.3016558,-0.7565825,-0.12525702,0.0,0.0,0.0,0.0
695211131,43.476581833333334,-80.541939,338.1000061035156,359.86877,359.86877,1.3464243,-0.79733855,-0.13123704,0.0,0.0,0.0,0.0
695431565,43.476581833333334,-80.541939,338.1000061035156,359.86575,359.86575,1.3788702,-0.809692,-0.13423365,0.0,0.0,0.0,0.0
695750245,43.476581833333334,-80.541939,338.1000061035156,359.85977,359.85977,1.4426743,-0.8313181,-0.1402208,0.0,0.0,0.0,0.0
696019466,43.476581833333334,-80.541939,338.1000061035156,359.85684,359.85684,1.4760746,-0.84301156,-0.14316742,0.0,0.0,0.0,0.0
696203249,43.476581833333334,-80.541939,338.1000061035156,359.85092,359.85092,1.5350734,-0.8689211,-0.14907241,0.0,0.0,0.0,0.0
696325501,43.476581833333334,-80.541939,338.1000061035156,359.83853,359.83853,1.661505,-0.9230632,-0.1614732,0.0,0.0,0.0,0.0
696559194,43.476581833333334,-80.541939,338.1000061035156,359.83557,359.83557,1.6844642,-0.9385588,-0.16441967,0.0,0.0,0.0,0.0
696669066,43.476581833333334,-80.541939,338.1000061035156,359.82983,359.82983,1.7329102,-0.97102547,-0.17017351,0.0,0.0,0.0,0.0
696779104,43.476581833333334,-80.541939,338.1000061035156,359.82425,359.82425,1.7747357,-1.0140682,-0.17575434,0.0,0.0,0.0,0.0
697011924,43.476581833333334,-80.541939,338.1000061035156,359.82135,359.82135,1.7982663,-1.029905,-0.17866004,0.0,0.0,0.0,0.0
697134219,43.476581833333334,-80.541939,338.1000061035156,359.8181,359.8181,1.8307284,-1.0416633,-0.1818832,0.0,0.0,0.0,0.0
697256904,43.476581833333334,-80.541939,338.1000061035156,359.81256,359.81256,1.8524166,-1.0929215,-0.18744478,0.0,0.0,0.0,0.0
697379910,43.476581833333334,-80.541939,338.1000061035156,359.80667,359.80667,1.9146404,-1.1135865,-0.19332589,0.0,0.0,0.0,0.0
697503048,43.476581833333334,-80.541939,338.1000061035156,359.8009,359.8009,1.9638894,-1.147074,-0.19910167,0.0,0.0,0.0,0.0
697717285,43.476581833333334,-80.541939,338.1000061035156,359.79797,359.79797,1.9887508,-1.1632216,-0.2020165,0.0,0.0,0.0,0.0
697906407,43.476581833333334,-80.541939,338.1000061035156,359.7916,359.7916,2.053566,-1.1790938,-0.20840254,0.0,0.0,0.0,0.0
698041309,43.476581833333334,-80.541939,338.1000061035156,359.78815,359.78815,2.0857599,-1.1831406,-0.2118485,0.0,0.0,0.0,0.0
698420368,43.476581833333334,-80.541939,338.1000061035156,359.78265,359.78265,2.0987606,-1.2166356,-0.21735923,0.0,0.0,0.0,0.0
698530956,43.476581833333334,-80.541939,338.1000061035156,359.77365,359.77365,2.1522996,-1.2834029,-0.22636008,0.0,0.0,0.0,0.0
698714715,43.476581833333334,-80.541939,338.1000061035156,359.77057,359.77057,2.1825175,-1.2890286,-0.22943032,0.0,0.0,0.0,0.0
698996110,43.476581833333334,-80.541939,338.1000061035156,359.76135,359.76135,2.2729893,-1.3169228,-0.2386425,0.0,0.0,0.0,0.0
699118988,43.476581833333334,-80.541939,338.1000061035156,359.75803,359.75803,2.304524,-1.3185661,-0.24197145,0.0,0.0,0.0,0.0
699241887,43.476581833333334,-80.541939,338.1000061035156,359.75134,359.75134,2.364839,-1.3313704,-0.2486605,0.0,0.0,0.0,0.0
699462061,43.476581833333334,-80.541939,338.1000061035156,359.7429,359.7429,2.4018087,-1.378059,-0.25709808,0.0,0.0,0.0,0.0
699707977,43.476581833333334,-80.541939,338.1000061035156,359.7344,359.7344,2.429175,-1.4252031,-0.2655863,0.0,0.0,0.0,0.0
699892133,43.476581833333334,-80.541939,338.1000061035156,359.7288,359.7288,2.4485502,-1.4605583,-0.2711973,0.0,0.0,0.0,0.0
700051504,43.476581833333334,-80.541939,338.1000061035156,359.72452,359.72452,2.4223373,-1.4579053,-0.27547276,0.0,0.0,0.0,0.0
700235049,43.476581833333334,-80.541939,338.1000061035156,359.71634,359.71634,2.4555314,-1.4624289,-0.2836652,0.0,0.0,0.0,0.0
700369879,43.47658183504687,-80.54193898174213,338.0998694105443,359.71347,282.01013,2.4746683,-1.4506052,-0.2865417,0.0024809095088982967,0.01166161313038249,-0.008196862268755026,0.011922589181635477
700516889,43.47658183952936,-80.54193894095158,338.10061702155804,359.71277,278.6112,2.5032523,-1.4525212,-0.2872342,0.004989897910220002,0.032950603097786,-0.007476110137730266,0.0333262858065858
700773750,43.47658185521963,-80.54193878622999,338.0955982366834,359.71072,277.98837,2.5878277,-1.4627626,-0.28928092,0.012050444970294281,0.085869728281803,0.04696062342032907,0.08671114956666627
700920448,43.47658187045185,-80.54193867423571,338.08853837211893,359.71057,280.61572,2.6053073,-1.4826897,-0.2894204,0.016956515151423133,0.09046896855365731,0.07059864564464982,0.09204432452488896
701448392,43.47658188801521,-80.54193844654047,338.07662196320143,359.71,274.6611,2.6346405,-1.4530872,-0.2900053,0.00930973657325535,0.11418556776487762,0.061853695654460826,0.11456445819210628
701631951,43.47658189401075,-80.54193830803908,338.0727732874224,359.71036,273.4139,2.6177118,-1.4317458,-0.2896554,0.006674233319061481,0.11188141021963241,0.038486757790103764,0.11208030756172531
701754819,43.47658190633558,-80.54193811848992,338.0660756219913,359.70905,275.81995,2.6722894,-1.4383171,-0.29094627,0.013191863338330846,0.12942356179017675,0.06090846863049251,0.13009413362943348
702220710,43.47658192310648,-80.54193797819971,338.06363159067394,359.70993,279.35486,2.6460674,-1.4489112,-0.2900842,0.01866936939184635,0.11332641954647725,0.024440313173310108,0.1148539190481256
702502616,43.476581945544616,-80.54193780835018,338.0610627850694,359.71008,280.5523,2.6442435,-1.4671044,-0.28991622,0.020371259050583537,0.10935641880458832,0.017839504479442804,0.11123764888323781
702932004,43.47658197747682,-80.54193756585879,338.0533239042962,359.71008,280.1529,2.6429372,-1.4650097,-0.28992507,0.023450962826253384,0.13095244771454861,0.06877555285064661,0.13303567649284873
703153263,43.47658201840036,-80.54193727925752,338.04056170854204,359.70923,281.69208,2.698066,-1.4815526,-0.29076087,0.03086270217665595,0.14913394942202407,0.08251649565303533,0.1522939304629564
703337090,43.47658206032737,-80.54193706400233,338.03162926187684,359.70917,286.08093,2.7002087,-1.4933068,-0.29081842,0.03904741730223793,0.13545205999976367,0.06604679685163065,0.14096794442764174
703767067,43.47658212397443,-80.54193664611965,338.0105472380791,359.7075,280.6068,2.7586484,-1.4900173,-0.2925071,0.03655486662363137,0.19520117649070162,0.13256473490841006,0.1985944550515586
703914806,43.47658215864292,-80.54193640032827,337.9937730620191,359.70712,280.99963,2.7820745,-1.5057538,-0.29286265,0.03859296074550362,0.19855025356040473,0.1677417605998418,0.20226621024779445
704135829,43.47658223755028,-80.54193588551735,337.96020016543724,359.70685,282.53125,2.802363,-1.5292469,-0.2931548,0.046299340323819355,0.2083048437378824,0.15251541775709576,0.21338823031996038
704415737,43.47658227809441,-80.54193562158198,337.94485359830634,359.70627,281.95245,2.83119,-1.5221865,-0.2937323,0.04513372236900409,0.21320695643359946,0.15346567130917244,0.2179317764039038
704538238,43.476582332502474,-80.54193528807309,337.92267152754124,359.7054,283.02606,2.877444,-1.543816,-0.29457462,0.05127647227026507,0.2216430527803286,0.1900438540420361,0.22749707570486877
704660297,43.47658238640022,-80.54193495028066,337.89703014107783,359.70523,281.93402,2.8922496,-1.5424635,-0.29476434,0.04733911798293134,0.2239810414197166,0.21546471265337325,0.22892902613443908
704782488,43.476582439512704,-80.54193463956327,337.87390706754155,359.7054,283.01175,2.8868635,-1.5337881,-0.29459295,0.04775441924657268,0.20665380351886345,0.19429425621777818,0.21209969133968687
704904865,43.47658249983445,-80.54193432132244,337.84862525680836,359.7044,285.1571,2.9090145,-1.577677,-0.29560113,0.05687610305221936,0.20996003308545744,0.207465236552497,0.217527254824891
705027531,43.476582550182094,-80.54193403727139,337.826089853232,359.7037,283.7263,2.9356394,-1.5775354,-0.29630008,0.05604699917306208,0.22945641262323202,0.2253540357631267,0.23620226800398875
705210796,43.47658259437578,-80.5419337689113,337.8048255378662,359.7044,282.78616,2.9060535,-1.5631012,-0.29558355,0.04919640415406746,0.21678124384323816,0.21264315365880232,0.2222934858782682
705333126,43.47658264523181,-80.54193348023281,337.77857765779953,359.7035,283.64578,2.9343474,-1.5750296,-0.29651654,0.05661293858547242,0.23319445394968025,0.2624788006662175,0.23996807739399842
705467545,43.47658271352464,-80.54193306513437,337.7395411882914,359.7032,283.08752,2.94133,-1.5873885,-0.2968243,0.0575790760648741,0.24767565714338605,0.2919932982383075,0.25428051663840207
705589971,43.47658277849702,-80.54193270167673,337.7046950788856,359.70294,284.02402,2.967263,-1.5836794,-0.29707187,0.059365385875134645,0.2376769973732633,0.282462629757339,0.24497878300063836
705809537,43.47658287395177,-80.54193219403902,337.6575435072625,359.7032,284.69882,2.960183,-1.5987796,-0.2968067,0.06124282025445039,0.23346328919797926,0.2523650315520804,0.24136236333748934
705931513,43.476582941863334,-80.54193180553615,337.62083461562935,359.70166,283.1846,3.0181358,-1.5971154,-0.29832637,0.06162235288684824,0.2630463845601822,0.3143090957498345,0.2701679381523546
706115524,43.47658303840647,-80.54193123959281,337.56417549157374,359.7026,283.3257,2.996132,-1.6148568,-0.29738215,0.05891314839085431,0.2487216340240229,0.31912226888998446,0.2556036194675318
706237576,43.476583102101664,-80.541930823658,337.52230632326086,359.70166,281.5902,3.0260868,-1.5861741,-0.29834443,0.056454734383792865,0.27526462569025967,0.3442080981714101,0.28099421914114775
706396993,43.47658318207177,-80.54193031005924,337.47079436466765,359.7016,282.23334,3.020391,-1.5953382,-0.29839137,0.056954713638025255,0.2626858018162832,0.33195887483430536,0.26878926667829034
706520611,43.47658324552606,-80.5419298750351,337.4266082847854,359.70016,281.21164,3.074663,-1.5825952,-0.299826,0.056586295572341225,0.2854773565152968,0.36158711257990117,0.2910314930201923
706678519,43.47658332552078,-80.54192931271999,337.3629929007048,359.7003,281.28513,3.073783,-1.5824122,-0.29969916,0.05667326383746404,0.2840059565314501,0.40503212752399637,0.28960532139333134
706800512,43.4765833904086,-80.54192884319576,337.30957934887243,359.69876,280.5977,3.1340692,-1.5818093,-0.30124605,0.05869378490189043,0.3136977562690202,0.44501975218455253,0.3191414148529253
706959511,43.47658347305606,-80.5419282372093,337.23856194071203,359.69986,281.09396,3.1046724,-1.5836191,-0.30015323,0.058992011542322365,0.3008528771421465,0.4418478750796422,0.3065819810597436
707107021,43.47658353389133,-80.5419278912279,337.19609412210275,359.7008,283.62085,3.0767705,-1.5948145,-0.29919565,0.06772182069921598,0.27948372899769724,0.42467818609271796,0.28757155591830535
707389179,43.476583642523416,-80.54192724497251,337.11642416109186,359.70172,283.62793,3.0300927,-1.5997908,-0.29829273,0.06331252313565122,0.26114589497596824,0.3941026845709797,0.2687110977399367
707731426,43.47658373492167,-80.54192665958061,337.0431758196498,359.70328,280.68683,2.98027,-1.5691228,-0.29673353,0.04418920383370715,0.23415970525353783,0.36315640477082317,0.2382927890219942
707866991,43.476583785466204,-80.54192626868172,336.9945434586422,359.70358,279.84372,2.9733186,-1.5395626,-0.29642853,0.04059820017820598,0.23397408393930005,0.3652981927714428,0.23747017878660956
708038315,43.476583855732535,-80.54192574935843,336.9269764528491,359.70267,281.21494,3.0048347,-1.5719639,-0.2973299,0.0486713420468411,0.24547248122920232,0.40258851686949637,0.2502511510012725
708185092,43.476583910065024,-80.54192535089136,336.8743784172094,359.70407,280.29523,2.9524531,-1.5713557,-0.29593652,0.04223087751287952,0.23249186110761252,0.37531030757769074,0.23629623885451334
708405027,43.47658394845804,-80.54192506944511,336.8366678850095,359.70483,280.64658,2.9250755,-1.5738087,-0.29515696,0.04273911044312205,0.2273522516666355,0.3771053219993291,0.231334558376734
708527706,43.4765839854833,-80.54192477384761,336.79965522134785,359.70438,279.79333,2.9496276,-1.571666,-0.29561213,0.04121651924667768,0.23878361974759513,0.3701266366167065,0.24231470966199278
708662441,43.476584033015044,-80.54192433185747,336.74544514912265,359.70297,277.9992,3.0057888,-1.5708114,-0.29701546,0.038512065236960276,0.27405545334153425,0.41222896392828856,0.2767482080792028
708845945,43.476584072096266,-80.54192391392058,336.69377804278923,359.7031,277.22168,3.006626,-1.5474185,-0.29691988,0.03422534469021554,0.2700999107989,0.4144883720625692,0.27225968492000024
708992776,43.47658411219182,-80.54192340006355,336.63134940135035,359.70282,276.12985,3.0110555,-1.5383117,-0.2971671,0.029966618948611516,0.27902920283243837,0.4150263488067483,0.2806337368965416
709115452,43.476584141734,-80.54192296673439,336.5792397167996,359.70157,275.01202,3.055988,-1.5106142,-0.2984385,0.02561132932500713,0.2920325187911837,0.42855258400951457,0.2931534277836727
709336430,43.47658417378282,-80.54192249309712,336.5227219324047,359.70187,275.16208,3.0432081,-1.5263981,-0.2981316,0.024730358261833684,0.27374758236427765,0.4042061981389035,0.2748623827846321
709495171,43.47658420743328,-80.54192192225747,336.45391432747033,359.70078,274.59174,3.0922506,-1.5101646,-0.29922074,0.02406147876912353,0.2995958549158712,0.444960007490884,0.30056052808598926
709617940,43.47658423493703,-80.5419215745128,336.4117312330287,359.70166,276.22034,3.0648937,-1.520823,-0.29832637,0.030617184339393744,0.28090809803077876,0.4218309444160393,0.2825717103960374
709777520,43.476584275907975,-80.54192100530688,336.3422579975389,359.70026,275.98187,3.1124332,-1.5033648,-0.29973269,0.030939741947652727,0.29527075469214187,0.4461273259565346,0.2968873291473625
709985908,43.476584307698296,-80.54192061149965,336.29493824784635,359.69965,276.34778,3.1397974,-1.5091035,-0.30034474,0.035388984320309166,0.31811743084589617,0.47319749692575963,0.3200798025793202
710108453,43.47658434360966,-80.54192022298355,336.24733737018863,359.70016,277.2591,3.1219673,-1.5300016,-0.29984614,0.03997653046999902,0.3138432598190181,0.4760087765769647,0.31637906808486316
710231378,43.47658438074661,-80.54191982565801,336.1982485280981,359.69965,277.3395,3.1464524,-1.5350721,-0.30035055,0.04134085125661038,0.3209595160634949,0.49088842090589874,0.3236109963124461
710366236,43.47658442942735,-80.54191926427423,336.12714074920757,359.69785,276.64844,3.2029438,-1.5321091,-0.30216423,0.03988164736057907,0.34215306498175213,0.528785779971442,0.3444695424454834
710513699,43.476584461838236,-80.54191885156172,336.0769252783017,359.69888,276.17657,3.1732767,-1.5189916,-0.30112395,0.03607980322974839,0.3333891136459196,0.5021547090588208,0.3353357322128217
710917087,43.476584526979806,-80.54191815744451,335.98837902490686,359.69894,277.6012,3.173102,-1.5331622,-0.3010697,0.04410290612497947,0.3304840682681932,0.533948906574736,0.33341383550741344
711100907,43.476584569987644,-80.54191775161355,335.9324628396404,359.6998,278.30875,3.1514297,-1.5564117,-0.30020517,0.04787632372730952,0.32783019570491645,0.5591618526647558,0.3313076811508691
711296646,43.47658461316772,-80.54191736571077,335.8805594726176,359.7004,278.76578,3.1246197,-1.5576676,-0.29958272,0.048068055828867653,0.31173222741972245,0.5190336702274783,0.3154164225325446
711407447,43.47658465062176,-80.54191701492157,335.8330666488668,359.7011,278.37027,3.0982103,-1.5520308,-0.29887727,0.04169383670105859,0.28336746918944566,0.47492823750822966,0.28641839782682604
711542321,43.47658468783574,-80.54191666058665,335.783396304533,359.70065,278.2353,3.1216328,-1.5480785,-0.29936197,0.041426605150357954,0.2862317022544508,0.4967034433376925,0.2892140228096906
711665543,43.47658471785907,-80.54191635239202,335.73782998468886,359.70142,277.64606,3.0909657,-1.5413913,-0.29858866,0.033421970830385055,0.24895959052312944,0.4556631984415764,0.2511929653625503
711947994,43.476584747091,-80.5419160635159,335.6939560340348,359.702,277.93866,3.0630512,-1.541413,-0.2980118,0.03254099266054273,0.23335409832568801,0.43873950654075505,0.23561207823184355
712070388,43.47658479245032,-80.54191571025963,335.6390713994426,359.70236,280.46432,3.043157,-1.578591,-0.2976447,0.042295706691671806,0.22900310364141616,0.4458303200894696,0.2328762510045821
712401842,43.476584848746484,-80.54191530684632,335.5726579221481,359.70218,281.2834,3.0392437,-1.5553453,-0.29781446,0.042328371257920515,0.21215268399690085,0.4419034514490937,0.2163341219975185
712621716,43.47658491255944,-80.54191486345114,335.4930394448469,359.70282,281.00848,3.010067,-1.5508571,-0.29719037,0.04160129451587819,0.21385092021769114,0.47529633891058587,0.21785978009570775
712744116,43.47658495624449,-80.54191460851972,335.4462805843667,359.7034,283.2867,2.9888062,-1.5708452,-0.2965929,0.04863019341659876,0.20593357902039883,0.4675886048014374,0.21159757720703387
713026097,43.476585021096504,-80.54191422100708,335.3705994079888,359.70435,282.40552,2.9574568,-1.5716648,-0.2956519,0.04177485188927297,0.1899159158515327,0.4725163051340989,0.1944561476119928
713209960,43.4765850795952,-80.54191390897331,335.3050082889421,359.70416,285.24817,2.959199,-1.5947047,-0.29584306,0.04943677875148286,0.18135504567361418,0.4801148786321384,0.1879724652298888
713430341,43.47658512796609,-80.54191366421244,335.25419499695084,359.7034,285.23447,2.9878676,-1.6031293,-0.2966106,0.05384647665286822,0.1977178013057991,0.5081329199120663,0.2049189400741848
714078838,43.47658521772756,-80.54191324274876,335.1675538018326,359.7033,286.03754,2.9818082,-1.6184998,-0.29667926,0.06330067807606245,0.22021119727175523,0.5546641836775471,0.2291286696350965
714482907,43.47658532901221,-80.54191278857614,335.0583722506952,359.70493,290.54852,2.9223356,-1.6196094,-0.2950857,0.06408035469307577,0.17094910845258765,0.5418351419119763,0.18256475437040132
714629965,43.47658541011872,-80.54191242526628,334.9746543715502,359.70312,285.2468,2.9833593,-1.61315,-0.2968897,0.058323461452086556,0.21397529277117353,0.5803177503125672,0.22178154132448097
714825650,43.47658550659752,-80.54191201413873,334.8756587086049,359.70468,289.2428,2.9272194,-1.6254731,-0.29530925,0.06291499201130041,0.18023372634947737,0.5663010153512268,0.19089916797513887
715033609,43.47658556113192,-80.5419118018275,334.8188270425202,359.70544,289.49246,2.8968534,-1.6190549,-0.29456943,0.06070769048151396,0.17150499241171113,0.5683166608473617,0.18193236684477118
715168294,43.476585639122895,-80.5419115601152,334.7439267999009,359.70712,294.59573,2.8386836,-1.6218868,-0.292867,0.06400636815101907,0.13982959601610145,0.5532509265461627,0.15378273988295932
715412626,43.4765857578064,-80.54191122997572,334.6401218357618,359.7074,295.00513,2.838002,-1.6365211,-0.29260448,0.07339041540857413,0.15734938481171135,0.5712477603044864,0.1736231032278455
715572431,43.476585850480575,-80.54191089837038,334.55809133109074,359.7056,290.54944,2.8983967,-1.638816,-0.29439378,0.07652898761618988,0.20414909560801864,0.605798926631074,0.2180218777626018
715720687,43.47658590774527,-80.54191065296527,334.4966798437408,359.7058,287.8261,2.883973,-1.6120075,-0.29420325,0.0637470549184086,0.19823821505883188,0.6141148734995515,0.20823562836479803
715855673,43.476585958481714,-80.54191042993509,334.43743219047064,359.70645,287.40576,2.8550556,-1.600914,-0.29354304,0.0564798145816804,0.18016375085556918,0.592476532701527,0.1888092862587235
716063611,43.47658600302014,-80.54191019501326,334.3774997622407,359.7059,284.6421,2.876318,-1.5832967,-0.29408848,0.04958017238563005,0.1897698273711329,0.5993242822995897,0.1961396973441592
716185481,43.47658605296565,-80.54190990651735,334.31394048677157,359.70532,283.41855,2.9046361,-1.5881269,-0.29468822,0.05559934650650432,0.23304695744707704,0.6355927546909418,0.23958750323689687
716344485,43.476586124707616,-80.54190946133686,334.21104939598405,359.70544,282.76605,2.9067085,-1.583702,-0.2945657,0.05246957173085429,0.23158104312236868,0.6507195696487357,0.2374507011808212
716467658,43.47658617800275,-80.541909198708,334.1468371299224,359.70645,285.62366,2.879352,-1.5929836,-0.2935628,0.05932813942812289,0.21215155060748128,0.6421226606164642,0.22029096339423795
716578738,43.47658623814366,-80.54190886769503,334.07253717692015,359.70392,283.05426,2.9626873,-1.5823038,-0.2960888,0.058118902098685934,0.25065713650288274,0.6782086354688525,0.2573068340736045
716932930,43.476586309318854,-80.54190828421018,333.95133895668965,359.7037,278.98822,2.964449,-1.5571702,-0.29629153,0.04229383254360947,0.2673890773309858,0.6992275858945873,0.270713292889623
717275026,43.47658635594736,-80.54190782987119,333.85615464202374,359.70346,277.78152,2.9707024,-1.5296268,-0.29653826,0.03656239976730751,0.26755388706271627,0.693900050680443,0.2700405368812489
717422415,43.47658639549787,-80.5419075007395,333.7873364711614,359.70358,279.40265,2.9681342,-1.5579596,-0.29642153,0.04402762475074016,0.26587253583639575,0.6881817086236272,0.26949329686147583
717678947,43.476586437761966,-80.54190720120101,333.7201052624152,359.70453,281.00336,2.9399703,-1.5613965,-0.29548496,0.04704839024037119,0.24196715210712405,0.672312087462032,0.24649879051030324
717874291,43.47658652146116,-80.5419064968851,333.58148578064555,359.7022,279.2045,3.028708,-1.562105,-0.29778862,0.05037393857374308,0.31086325820855715,0.730319369921183,0.31491824175723976
717984592,43.4765865726129,-80.54190607379806,333.50077236133427,359.70242,279.97446,3.0290344,-1.5633949,-0.29758942,0.054020301044062226,0.3071653201061682,0.7274950486609668,0.3118793465441658
718106501,43.476586632739064,-80.54190563878215,333.41230509625467,359.70255,281.0333,3.024464,-1.5571792,-0.29746294,0.05521123756941528,0.28315889446803155,0.7247625783105645,0.28849131749552576
718768067,43.4765867152959,-80.54190500030535,333.28051096567685,359.70157,280.04874,3.078853,-1.5505034,-0.2984255,0.05338408111015956,0.30125735118760405,0.7722789437421778,0.3059507342049492
718891230,43.47658677301045,-80.54190451350085,333.18348102690385,359.70105,279.61142,3.1113493,-1.5628603,-0.2989631,0.05345284150292377,0.3156491922024889,0.7875746641793484,0.3201431223731356
719222236,43.47658681289036,-80.54190413105079,333.10511786716813,359.70157,278.17728,3.092452,-1.5399588,-0.29843485,0.044394315670774384,0.30894311022334237,0.78363159735719,0.31211648565615474
719380907,43.47658687001766,-80.54190346013132,332.97647309671083,359.7001,276.67487,3.1210866,-1.5390165,-0.2998916,0.04102341896396353,0.3505429024667572,0.8176321113785979,0.352935188630025
719504220,43.476586903419005,-80.5419029364407,332.8753245002934,359.69986,274.92627,3.1321998,-1.5149323,-0.30014783,0.029910336686515073,0.34701815141005043,0.8242202192311147,0.34830478843787
719626983,43.47658693475595,-80.54190241225433,332.77282891187684,359.70056,274.88617,3.1123314,-1.5172589,-0.2994528,0.02954156817713168,0.3455685732881569,0.8355756103752592,0.34682898248960736
719810429,43.47658696593906,-80.54190189332817,332.68438971322934,359.69962,274.7339,3.1417239,-1.518449,-0.30037495,0.03471303981916875,0.4191884896415751,0.8843919864750326,0.4206233290979854
719969544,43.476587029678186,-80.54190103584332,332.5417757028923,359.6999,276.3677,3.1545453,-1.5545456,-0.30012417,0.048369098985650304,0.43342493338163424,0.9020943631698057,0.43611551521765163
720092435,43.476587094084664,-80.54190030423909,332.42740558180975,359.69995,276.966,3.152473,-1.5767158,-0.3000512,0.058696084940519005,0.48039653257035864,0.9284338093825357,0.48396906811589546
720399279,43.4765871495893,-80.54189970263785,332.3386097899824,359.69955,277.24585,3.1770928,-1.5926603,-0.30044582,0.061787762501806405,0.48597340582114984,0.8879579182732786,0.48988557721205434
720533726,43.47658723271643,-80.54189888515386,332.2193493075903,359.69928,278.15497,3.2030723,-1.6410106,-0.3007286,0.07062038529745435,0.49281421195054514,0.8907471551696662,0.4978484571835065
720656683,43.47658731322796,-80.54189813539527,332.1108608962473,359.70062,278.64856,3.1872072,-1.6656637,-0.29937658,0.07440626514110119,0.4891831314324217,0.8755026283296535,0.49480948694449844
720767133,43.476587382623194,-80.54189746705329,332.016869015565,359.7013,277.80792,3.1918805,-1.6421953,-0.29871738,0.06871053324291503,0.501084445493381,0.8604060176869469,0.5057734264410645
720901901,43.47658746785738,-80.54189649020726,331.89640068353685,359.70105,277.0226,3.258584,-1.6492856,-0.2989528,0.07382988733513453,0.5993404544885302,0.8720191843733983,0.6038707085547672
721060810,43.476587551109326,-80.54189562618052,331.8075676169924,359.70178,277.56357,3.2932744,-1.6561372,-0.2982176,0.09267607170118694,0.6979607005407996,0.8883306654444554,0.7040866379682029
721207890,43.47658768392087,-80.54189423384692,331.6728679928093,359.7027,277.61493,3.3565173,-1.6529033,-0.29730478,0.10524097305510578,0.787181181904677,0.9200342305613016,0.7941850386115503
721527030,43.476587772231674,-80.54189311864013,331.5830542210314,359.7023,276.2278,3.3900042,-1.6508269,-0.29770467,0.09830758517128795,0.9008639081094285,0.8981377177790586,0.906211985264156
721734904,43.47658784347888,-80.54189187355877,331.49162300197054,359.70438,274.50885,3.4226542,-1.6452836,-0.29562825,0.07931239377008763,1.0057765700326484,0.9143121906084829,1.00889888721922
721869627,43.47658793864564,-80.54189005738444,331.36844903779445,359.70578,273.76755,3.4778075,-1.6417849,-0.2942082,0.07338563218020412,1.1144154512661406,0.905394969907555,1.1168291046669603
722102820,43.47658799015734,-80.5418885493332,331.2760506225061,359.7065,272.695,3.5062425,-1.6361823,-0.29348603,0.057342816508964,1.2182036126751696,0.9239841528837837,1.2195524755171527
722299344,43.47658807046476,-80.54188529809198,331.09910714073754,359.71027,271.5538,3.5651321,-1.6297576,-0.28973833,0.03716262906326929,1.3700150087418503,0.8949370025348404,1.3705189473979653
722604890,43.4765881302893,-80.54188192669805,330.9237619778749,359.715,270.39822,3.612005,-1.6298358,-0.28501293,0.010485728896821242,1.5086525180790031,0.9568207976415561,1.508688957610751
722764551,43.47658813213729,-80.54187945052128,330.79904533488644,359.71915,270.03162,3.66735,-1.6261487,-0.28085446,0.0008947084213016703,1.6220298983849497,1.0081659119422446,1.6220301451446115
722887124,43.4765881447814,-80.54187735822802,330.69828448857436,359.72192,270.47714,3.6930368,-1.6273128,-0.27808228,0.01407542874867918,1.6901542398885077,1.0076084631203923,1.690212848225796
723168347,43.47658815149056,-80.54187515204897,330.5984341771436,359.72476,270.2401,3.7213278,-1.6292943,-0.2752395,0.007468634112089847,1.7821511689953218,0.9985031143081488,1.782166818692036
723290962,43.476588167939894,-80.54187233724721,330.4778589957556,359.73627,270.6014,3.8286493,-1.6343908,-0.26372695,0.019846933682445313,1.8907599685884182,0.9952930376781552,1.8908641303893496
723536213,43.4765881882949,-80.54186866298123,330.3303594665548,359.74158,270.086,3.8746712,-1.6358337,-0.25841725,0.003025049955958155,2.015696912720354,0.9865550586260338,2.0156991826355446
723695741,43.47658821267241,-80.54186606321026,330.22952869933005,359.7443,270.74033,3.9004805,-1.6393561,-0.2557004,0.027137048783582675,2.1000946753735144,1.0083076722476403,2.100269998107117
723842602,43.47658827383518,-80.5418626821826,330.10825020171984,359.74802,271.6256,3.9514363,-1.6386873,-0.25197607,0.06282251948954085,2.213614627129044,0.961621950111375,2.2145059011875925
724001313,43.47658833351261,-80.54185822875627,329.96206316057345,359.75485,270.69122,4.032206,-1.6028934,-0.2451395,0.027852847919074154,2.3085911897508584,0.909202165853058,2.30875920410347
724123601,43.47658837682744,-80.541854631395,329.84717580533334,359.76,270.88342,4.0733595,-1.6107639,-0.23998213,0.03701094976393471,2.4002645417987614,0.984301204921662,2.400549870554421
724245886,43.476588404659,-80.5418509086243,329.72588046312507,359.7643,270.61096,4.117255,-1.5904875,-0.2356856,0.026347674091591344,2.4707532687743354,0.9913457017936367,2.470893748239511
724429238,43.47658872329887,-80.5418451521278,329.5497038669976,359.7676,273.58698,4.13986,-1.5946857,-0.23238254,0.16020721532344506,2.555690362388804,0.9963816465560638,2.5607068516815255
724564443,43.476588897348606,-80.54184192634114,329.44936388137165,359.76843,274.25238,4.1681647,-1.6063912,-0.2315531,0.19375217619127874,2.605790083186253,1.0033998562596924,2.6129833262787336
724711231,43.47658916997507,-80.54183707901124,329.30311367104537,359.773,274.8308,4.1934037,-1.5812316,-0.22699842,0.2280095746582096,2.6978886333294887,0.9915485203859838,2.707506499342942
724969658,43.476589387793524,-80.54183368408899,329.2150076544593,359.77194,275.05276,4.216711,-1.5963556,-0.22806792,0.2424755012689442,2.742417781899023,0.8810601658603892,2.7531163540961328
725078153,43.47658955798204,-80.54183020684358,329.1143041240517,359.7718,273.85858,4.245827,-1.5810837,-0.22820476,0.18945385700882691,2.808918415111105,1.0070353040760418,2.81530023739668
725519612,43.47658984431125,-80.54182501894495,328.9470159243438,359.77548,274.41525,4.2391644,-1.6025553,-0.22451048,0.21624119661943034,2.800560380951832,1.1523934093231585,2.8088963495423735
725897465,43.47659013666615,-80.54181948196278,328.75713290386176,359.7774,274.14233,4.2626185,-1.571468,-0.22259921,0.20383179971002016,2.81443912482764,1.2018170873983698,2.821810587182208
726007300,43.47659031428511,-80.54181567224516,328.6287332473794,359.77377,273.44827,4.2298884,-1.5076475,-0.22621627,0.16845278259815868,2.7955949620419007,1.1642478063089912,2.8006655515714685
726362994,43.47659057928195,-80.54180906381833,328.40611939545647,359.7767,272.7212,4.172829,-1.4993622,-0.22328494,0.12624411980753825,2.6561374806283298,1.0790851549648646,2.6591359299187003
726545921,43.47659070703955,-80.54180587023603,328.29666311561834,359.7768,273.15546,4.136168,-1.5005509,-0.22319883,0.14221975944329227,2.579775393931303,1.0945627983811195,2.583692617768127
726766824,43.4765907927902,-80.54180018871163,328.09040963863424,359.77338,270.5396,4.0734725,-1.4461098,-0.22661255,0.022708424171699243,2.411054175120427,1.1040181596743186,2.4111611119736494
727096722,43.476590824307415,-80.54179719607468,327.97603202715175,359.7682,270.83148,4.09213,-1.4700283,-0.23179927,0.035084969598197895,2.4174517696039812,1.1437761148248748,2.417706353851337
727218663,43.47659082094917,-80.54179426882973,327.86915358842515,359.76135,269.90942,4.070481,-1.457562,-0.23865397,-0.003738400330423608,2.3646281118808354,1.068784387266318,2.3646310670238084
727500411,43.476590837218616,-80.54178870042618,327.65847584045775,359.74203,271.52454,4.0254126,-1.4642053,-0.25797155,0.05954915005491265,2.237476850007589,1.0441390424496746,2.238269142795867
727659743,43.47659089145926,-80.54178599442041,327.5477744279118,359.7292,271.58228,3.9980123,-1.4651322,-0.2708032,0.06038068128263128,2.18591113066875,1.1070141254596662,2.18674490918664
727782214,43.47659094891129,-80.54178327869752,327.43856359791295,359.7147,271.6699,4.0396094,-1.4797837,-0.2853212,0.06395559963174756,2.193760617622034,1.0921082999886782,2.1946926814826866
728026697,43.476591059063686,-80.54177804976317,327.21103359348257,359.68262,272.26657,3.9982357,-1.4779294,-0.31737724,0.0834618646427529,2.108704556421077,1.143962285541411,2.1103556072663814
728283258,43.476591168998326,-80.5417739693284,327.0187108646298,359.6302,271.7544,3.9220285,-1.4969318,-0.3698251,0.061772633334584666,2.016763361175071,1.2071089575731009,2.017709174585688
728393833,43.47659123958876,-80.54177126481666,326.8883884031126,359.5955,272.5556,3.870486,-1.5170907,-0.4045107,0.08736947939611726,1.9574907259244556,1.170496173978876,1.9594395545691632
728711943,43.47659146215974,-80.5417672021043,326.6883207750584,359.553,274.6687,3.8340209,-1.5589118,-0.44698298,0.15411110854706062,1.8871096204782993,1.133063616152676,1.8933919175594247
728834166,43.47659163938422,-80.5417643699927,326.54891215576595,359.48236,275.23767,3.8065994,-1.5944039,-0.5176516,0.16964887265722095,1.8506395617384843,1.116677646902258,1.8583991841005192
728969172,43.47659191434044,-80.54176131162235,326.4010575147767,359.40268,277.9358,3.7884133,-1.6797056,-0.59732896,0.2545795713303341,1.826273684902757,1.0912574404150446,1.8439323009012645
729079629,43.476592214788376,-80.54175884043208,326.28082395149653,359.31833,280.367,3.7724113,-1.7672906,-0.68167484,0.3305497578168054,1.8068853298488705,1.0802285331530215,1.836871725955792
729275485,43.47659256557167,-80.54175660023151,326.16516259607016,359.2853,282.17688,3.7780733,-1.8002366,-0.71467966,0.39049196195097924,1.8096337476978213,1.1566135542636362,1.8512855730964866
729471031,43.476593300250336,-80.54175293969226,325.9866125000243,359.2157,286.49106,3.7956986,-1.8554178,-0.78429556,0.5478358476627362,1.8505227765700274,1.0966612167677072,1.929911568592922
729593370,43.47659401446911,-80.54175010463337,325.83909269946327,359.14047,290.19513,3.826043,-1.904602,-0.8595271,0.6880089781731352,1.870443756874036,1.2299311585963664,1.9929666835338467
729874485,43.47659521684216,-80.54174616912795,325.6523395187098,359.06134,294.14874,3.796428,-1.9417036,-0.93864477,0.8223946393024869,1.8342965660593338,1.0344716866524217,2.010218106328398
730021191,43.47659607788623,-80.54174394395072,325.54877062384287,359.0198,298.06873,3.7891438,-1.9680753,-0.98019224,0.9585142516492249,1.7974978971767352,1.0356889486692331,2.0370930908943405
730156058,43.47659703693623,-80.54174170146169,325.4582436399915,358.9755,300.51337,3.804357,-2.0071018,-1.0245109,1.0676144615814707,1.8114823645923124,0.9052698385135954,2.1026813823798527
730279274,43.47659833271422,-80.54173895294325,325.33774281862804,358.8861,303.44464,3.8188798,-2.0624177,-1.1139064,1.20022120387369,1.8171475891943343,0.9716630216773964,2.177741100117916
730426145,43.47660003929353,-80.54173578375556,325.1868772523277,358.79797,307.26752,3.801006,-2.1142347,-1.2020233,1.3286576661773983,1.746164757471099,1.0230463273027315,2.194179243846335
730572955,43.4766019056439,-80.54173261918545,325.03475409975727,358.70645,309.19766,3.8141801,-2.1521719,-1.2935588,1.4325310543860184,1.7566032874514284,1.0158422971042385,2.2666716416952597
730707711,43.47660332365773,-80.54173049501361,324.9414076842856,358.66116,312.61224,3.8057582,-2.190283,-1.3388517,1.5785329915529078,1.7159057572744651,0.9334641547168151,2.3315443322546168
730830083,43.476604855466825,-80.54172843708162,324.83902616092087,358.6147,315.72836,3.8032606,-2.2246695,-1.3853273,1.7052098879371256,1.6623972104878464,1.023815233647159,2.381450240369577
731111917,43.47660745736227,-80.54172510720014,324.6467470344973,358.52185,317.7653,3.825689,-2.2790165,-1.47815,1.8304455148964578,1.6617687899904838,1.2594872296189386,2.472247215468347
731453932,43.47660915438692,-80.5417230401525,324.52112115759604,358.47702,318.5272,3.832867,-2.2999287,-1.5229837,1.889127842099892,1.669760826090085,1.2562587690124167,2.5212903879049784
731637651,43.47661252065029,-80.54171938136426,324.26791178978,358.39175,322.3766,3.8051262,-2.3456237,-1.6082399,2.0917631204913345,1.6122356909478728,1.3673225947764933,2.640980286827944
731821390,43.476614414783555,-80.5417174028649,324.14324453817943,358.3493,322.8387,3.792926,-2.3640308,-1.6507097,2.1085491458807595,1.598231532347523,1.246672516005232,2.6458124520805306
732164537,43.47661827543942,-80.541713628361,323.9027712605427,358.22562,325.44614,3.7568617,-2.4354362,-1.7743747,2.207402288540206,1.5201634049455506,1.1773353183470627,2.680209253246505
732286715,43.476620744216355,-80.54171132997489,323.7630385516267,358.14514,325.98187,3.772107,-2.4970284,-1.8548586,2.2523240873475237,1.5202489573519264,1.1317780087529938,2.7173738584845983
732409684,43.476622794203536,-80.54170949428863,323.6601084495436,358.10553,326.9843,3.754273,-2.5113864,-1.8944691,2.2820457359706046,1.4828671430698628,1.029301020831382,2.721512025521437
732630587,43.476626360950945,-80.54170630994571,323.4903963448288,357.99216,327.01456,3.7803895,-2.5242455,-2.007856,2.2759145249640063,1.4771740735762573,0.953973417871937,2.713269276829709
732814804,43.476629603963914,-80.54170333800295,323.34160904861164,357.88626,326.02722,3.7885597,-2.4890234,-2.1137288,2.225369394115449,1.4994920038572908,0.924287592246954,2.683420431072573
732950171,43.47663233337327,-80.54170085621843,323.2065600950528,357.82568,326.6699,3.7382417,-2.5283592,-2.174302,2.2462806681131564,1.4772213259737184,1.0299234563932034,2.6884865046807356
733097067,43.476634304431364,-80.54169898325156,323.11564604667836,357.797,325.41208,3.748156,-2.505583,-2.203008,2.194181875435086,1.51298240827573,0.9091404837440576,2.665248556934167
733219090,43.476636278607536,-80.54169716189156,323.02303085418407,357.77475,326.1983,3.7195115,-2.5122638,-2.2252579,2.197652911914195,1.4712943864834436,0.9261519249432411,2.644690056120496
733341777,43.476638243489596,-80.54169533270922,322.9330589128473,357.75143,325.9594,3.7307131,-2.4892142,-2.2485788,2.1873067117580987,1.477613269004619,0.8997194133675098,2.639630963608463
733501254,43.4766401770225,-80.54169345874598,322.84017614234784,357.73105,324.88132,3.7616303,-2.4660268,-2.2689564,2.152408829049882,1.513787271987321,0.9288277049945649,2.6314284470991605
733660355,43.47664312719296,-80.54169059122138,322.68878285062834,357.70187,324.69778,3.7315812,-2.412859,-2.2981412,2.0433998175445582,1.446926496802877,0.9526991784850937,2.5038129126377195
733807367,43.47664537638861,-80.54168840461944,322.5634710106702,357.6745,324.82272,3.6862094,-2.3728104,-2.3254902,1.9998111120522992,1.409524516235751,1.015960959501025,2.4466311217176737
734149378,43.47664712309123,-80.54168672148025,322.4530095758037,357.66492,325.03687,3.668627,-2.3543022,-2.3350837,1.9444293590693484,1.359639630868846,1.1046143486646571,2.372641030210851
734272039,43.47664883418655,-80.54168506628041,322.33968322801775,357.65625,324.933,3.6647444,-2.3305187,-2.3437386,1.9047913022374545,1.3370702287774148,1.13326347785963,2.327227256148902
734455786,43.47665054790872,-80.54168349477399,322.231843399103,357.6461,326.35876,3.6379573,-2.3286316,-2.3539155,1.9077155219395865,1.2694626857827955,1.0783982891477026,2.291487295021314
734578581,43.476652628985526,-80.54168163042442,322.0980561181067,357.62784,327.06982,3.592379,-2.3289769,-2.3721569,1.878952739839821,1.2169537350130353,1.09012847215167,2.23862453120521
734761854,43.47665462173038,-80.5416798030986,321.95651558072757,357.60864,326.23004,3.581388,-2.2671957,-2.391352,1.7641030238645317,1.1796256678509156,1.147199379908744,2.1221630934168805
734884140,43.476656479411545,-80.54167810625424,321.81798500510695,357.5939,326.57718,3.5387392,-2.2252097,-2.4060917,1.6682109087702284,1.1009357858355158,1.1172343895087737,1.998746417300918
735006546,43.47665795491978,-80.54167679872258,321.70261841740324,357.58548,327.25717,3.5177999,-2.2146676,-2.4145093,1.6425357707934578,1.056223913086116,1.1536658770372867,1.9528268517487684
735165628,43.47665940735556,-80.54167557870824,321.58352412054774,357.5797,328.63623,3.4922442,-2.2052386,-2.4202776,1.6168515148560851,0.9855274360500571,1.1909429685550428,1.8935345648547894
735410522,43.476661983641534,-80.54167343705329,321.35682397623845,357.55908,328.59494,3.435065,-2.1561422,-2.4409306,1.4927930338160964,0.911385392023047,1.222907360119101,1.749015258539178
735594636,43.47666326897628,-80.54167240703367,321.2316958864176,357.55426,329.8214,3.4032938,-2.1388204,-2.4457438,1.430834640048675,0.8320497228595805,1.2512808982085608,1.6551720479980099
735754528,43.476665249631964,-80.54167100992214,321.03113541676777,357.5422,333.72418,3.356049,-2.1217742,-2.457792,1.3621164679792122,0.6724842535672595,1.2546865271300056,1.5190774646594156
735937816,43.47666710233739,-80.54166985311818,320.83304490033026,357.53198,336.16116,3.3171098,-2.091236,-2.468032,1.2477078832833968,0.551315240295803,1.2106487219275242,1.3640833758205375
736121521,43.47666887426309,-80.54166896976416,320.63223782200635,357.52438,341.6336,3.236835,-2.0725589,-2.4756079,1.22474695548264,0.40662143121654426,1.2647147898785382,1.2904828915133228
736243652,43.47667020154601,-80.54166848704817,320.47857081527223,357.51724,346.19556,3.179061,-2.0616388,-2.4827664,1.2034958042078185,0.29570618723823217,1.2590105426591283,1.2392918542122338
736781725,43.47667123040479,-80.5416681311308,320.3520109666776,357.51654,345.90826,3.1727762,-2.0312243,-2.4834445,1.1453255959487088,0.2875100056665979,1.2655984859465517,1.1808610096424015
736965522,43.476672453211066,-80.54166768893049,320.1915884191725,357.51306,345.19272,3.1691346,-1.9759607,-2.486941,1.0847183304242802,0.2867423429733866,1.295374761102604,1.1219781760855714
737210570,43.476673387885754,-80.54166734215505,320.0605632082061,357.51068,344.93173,3.1606252,-1.9476063,-2.4893084,1.0404798596321754,0.28012514761448104,1.3102521096644864,1.077528856516718
737369917,43.47667429153488,-80.54166695576741,319.92797293691615,357.50845,342.76193,3.1764593,-1.9258889,-2.4915473,1.005942207364598,0.3121238967151618,1.3259027128993301,1.0532526057210667
737553892,43.4766753780507,-80.54166643591358,319.7579299914443,357.5038,340.46954,3.2008085,-1.8783786,-2.4961743,0.9642061162510125,0.3420201345531829,1.37598158509973,1.0230695025537797
737676074,43.47667621270777,-80.54166599252889,319.62194271666556,357.5009,338.91928,3.212844,-1.8519467,-2.499101,0.9291402559756334,0.35816610096746415,1.3598727477875676,0.9957833957024496
737883713,43.47667749583066,-80.54166525551531,319.39999862832366,357.49405,337.0641,3.233193,-1.7798634,-2.5059605,0.871453621716609,0.3687604173842348,1.3897630502933127,0.9462640541795877
738201055,43.476678968233145,-80.54166434671183,319.1271363182088,357.48874,335.8061,3.2242348,-1.7259778,-2.5112703,0.8101774644271021,0.36400462392250627,1.3852353618732525,0.8881930477674849
738323573,43.47667966375296,-80.54166388140213,318.9865059360901,357.4866,334.10477,3.2307146,-1.6987016,-2.5133872,0.774252663047239,0.3758771094880831,1.4063038211872207,0.8606688025441946
738482521,43.47668073239452,-80.54166316357328,318.7634390686206,357.48102,334.19287,3.1965044,-1.6250432,-2.518968,0.7391446515607027,0.357429808797081,1.4030633625631093,0.8210303795521275
738604354,43.47668150310968,-80.54166263993221,318.59073277633985,357.47723,333.63446,3.1761794,-1.5705476,-2.522761,0.6940877463427573,0.3440280884104265,1.4156618770795686,0.7746696878273346
738726329,43.47668207632364,-80.54166219721026,318.44569855853354,357.47464,330.7311,3.1790895,-1.5417389,-2.5253537,0.6381017867174007,0.3576307485583342,1.450342178062624,0.7314872811787869
738909899,43.47668293863353,-80.54166152325139,318.21105408565745,357.47153,330.3275,3.1480258,-1.4924634,-2.52847,0.5835101356979238,0.33245689056430916,1.4566963663034367,0.6715740186650303
739093606,43.476683432845874,-80.5416611153628,318.0654425598665,357.46915,329.08237,3.1403515,-1.4641796,-2.5308576,0.550157183981031,0.3294923466838201,1.4561152579096304,0.6412785148507227
739216899,43.47668402257471,-80.54166059556938,317.88294184869267,357.45975,326.51025,3.1778576,-1.364698,-2.540253,0.5228357189294004,0.3459230353695471,1.4866206792559116,0.626913020591935
739474587,43.47668490224157,-80.54165971726354,317.58575613734433,357.44827,322.70474,3.1938903,-1.2607865,-2.5517147,0.47902423910445724,0.36485616183359515,1.5044409744107343,0.6021496827845605
739719721,43.47668534199043,-80.5416592822807,317.4341144731369,357.44434,324.32956,3.1691582,-1.2796743,-2.5556583,0.4895284285615193,0.351379089159908,1.5164166420744924,0.6025822322876414
739842502,43.47668587363867,-80.54165871940428,317.2476762088778,357.43253,320.7232,3.212223,-1.2775819,-2.5674877,0.47099077105507225,0.3851829065251625,1.5173948596605378,0.6084391324514092
739977297,43.476686281522724,-80.54165823807428,317.09367925737814,357.42603,319.42584,3.2129352,-1.2486551,-2.5739794,0.4540565254027103,0.3888183157234415,1.5399695149964105,0.597785087554713
740185610,43.476686897272494,-80.54165752238622,316.86150960443985,357.4052,320.17883,3.2064219,-1.2228029,-2.5947962,0.4643710510815101,0.3871902893023646,1.5589848905340924,0.6046129284199895
740307913,43.476687403997296,-80.54165694479018,316.6729619650906,357.3763,320.10413,3.1600852,-1.2454565,-2.6236827,0.4529787927682405,0.3786934710372875,1.5314069108908164,0.5904223333377909
740467732,43.47668780344512,-80.5416564977758,316.52003885743693,357.3646,320.92108,3.1254573,-1.2375458,-2.6353967,0.44466531643931917,0.36109814794860406,1.5292310765368753,0.5728168259539796
740711985,43.47668833383291,-80.54165600014151,316.32296248493657,357.33853,327.0634,3.1165085,-1.2481246,-2.6614573,0.48114362470459915,0.31170198145956474,1.59155499770903,0.5732864143163512
740895433,43.47668911180819,-80.54165541510245,316.0247455133461,357.29388,331.50153,3.0910847,-1.2336649,-2.7061121,0.4731052318140139,0.25685901562331553,1.655114740322318,0.5383355034518627
741116356,43.47668947790164,-80.54165504069438,315.86361386014676,357.2707,323.41953,3.1145759,-1.2106801,-2.7293189,0.4075352216958231,0.30244680071385227,1.61131653199379,0.507502733179545
741299678,43.476689947390064,-80.5416543959648,315.632469417831,357.22717,313.4663,3.1639829,-1.1934322,-2.7728162,0.38256154993939756,0.4036110487177341,1.7170759248529939,0.5561072002222802
741422028,43.476690394172145,-80.54165369709614,315.4246071234804,357.15442,311.9796,3.252255,-1.2473879,-2.845573,0.4389140934424185,0.48781230690670224,1.6970947009390465,0.6562060866770582
741556665,43.47669104686487,-80.54165273542398,315.1979390493203,357.028,314.17496,3.3168595,-1.3642454,-2.9719942,0.599083244630022,0.616589839403464,1.705537854191503,0.8596998104292128
741679289,43.47669176380438,-80.54165162807983,314.99789752444144,356.96585,311.12274,3.3797963,-1.3803594,-3.0341408,0.6686449476686266,0.765868449520433,1.6090100256000943,1.0166811437287564
741862695,43.476692396559095,-80.54165059581668,314.8340550867719,356.92538,310.18854,3.4091778,-1.3865142,-3.0746133,0.7043825487051433,0.8338620515909918,1.6384243766956108,1.0915496763793626
742143967,43.47669360970842,-80.54164901157715,314.58697045374004,356.8377,319.1229,3.4478567,-1.4568793,-3.1622877,0.9838249462456351,0.8515278207604897,1.6491310918556186,1.3011576208839324
742265985,43.47669458808612,-80.54164791525572,314.4283915649987,356.78287,320.88428,3.4719262,-1.490913,-3.2171316,1.0891300555549983,0.8856083213893733,1.5857888874129118,1.403747262446961
742535793,43.47669551730694,-80.5416467088745,314.2801470731291,356.7209,316.7077,3.494569,-1.4610813,-3.279121,1.0344086163479635,0.974514605566096,1.4824449186960604,1.4211544258230884
742669824,43.47669656671126,-80.54164547707761,314.11532478258175,356.65854,319.57635,3.5174985,-1.4831976,-3.3414726,1.168196888523943,0.9950453775105238,1.6482229054736885,1.534535523753713
742853584,43.47669852118871,-80.54164304892006,313.8335791390371,356.53027,319.01575,3.5212004,-1.4835645,-3.4697297,1.1875055498359421,1.0317105259208132,1.5892015908254782,1.5730848801596702
743037485,43.47670052463512,-80.54164104217331,313.5727965678149,356.39948,325.66504,3.5249155,-1.5382185,-3.6005263,1.459793532191119,0.9971094434558891,1.6334468474895836,1.7678304214080989
743294556,43.47670277049995,-80.54163901632229,313.30746448286084,356.2665,326.31934,3.559211,-1.5518239,-3.7334933,1.5448695018288805,1.0295467907409364,1.6077675658717472,1.856498955562856
743502316,43.47670427699872,-80.54163769762586,313.14482775982054,356.2017,327.5765,3.5687284,-1.5774683,-3.79832,1.6770344313891377,1.0652428211426062,1.6263672304030141,1.9867528160444485
743698026,43.47670669798709,-80.54163569047648,312.9063129162359,356.07324,329.24142,3.5816555,-1.6257224,-3.926768,1.84588234857956,1.0985591032042106,1.606084145943802,2.1480488234745576
743893826,43.47671029667651,-80.5416328923141,312.58942843264583,355.88245,331.68497,3.6387253,-1.7104411,-4.117569,2.15326636740321,1.1601433408635808,1.6281843693170213,2.4459126354675726
744139639,43.47671278316072,-80.54163106255635,312.3719907511141,355.7627,331.97153,3.6628795,-1.7498204,-4.237312,2.2294381703496784,1.1868348238157278,1.763260520168568,2.525662577311908
744298306,43.47671600187374,-80.54162845588523,312.08090589624294,355.5997,327.85834,3.7740521,-1.7581867,-4.4002914,2.251993672756872,1.4149552933899963,1.8334347476016473,2.659619142740057
744506224,43.47671980074775,-80.54162477025649,311.7522175970354,355.4233,323.2635,3.911259,-1.7587376,-4.5766797,2.27336066312432,1.6967659579858678,1.7681399574315553,2.8367557915373594
744763732,43.47672185412661,-80.54162251802488,311.59215400471726,355.40253,321.4827,3.940155,-1.7564352,-4.597479,2.2858213465336163,1.8193524168299353,1.600635923181099,2.921476072962721
744910752,43.47672486808198,-80.54161889506985,311.3571333059471,355.3485,317.78653,4.010512,-1.7540908,-4.651497,2.3010810311220866,2.0874781141258425,1.6064618548964544,3.1068535190356608
745191921,43.47672881009956,-80.54161315001032,311.0113559647996,355.33136,311.80252,4.0612864,-1.7255154,-4.6686435,2.1740247135831137,2.4312980173520358,1.768924971202592,3.2615323859269094
745314820,43.47673110677341,-80.54160926394773,310.7955141384912,355.32693,308.4721,4.1081786,-1.6704161,-4.673064,2.05761303482012,2.589360881512043,1.761492227529819,3.3073495696352526
745499469,43.47673393127146,-80.54160383139747,310.5095351977005,355.3298,304.62775,4.153348,-1.6245601,-4.6701956,1.914631575469615,2.7725414821761514,1.757804243776148,3.3693916869626173
745683956,43.47673556389081,-80.5416002677153,310.34753900107495,355.3298,302.26538,4.1843543,-1.6078064,-4.6701994,1.8174318640273919,2.8787420200492284,1.6199619662551261,3.404440364932127
746088605,43.4767387005165,-80.54159279899145,310.02279513944745,355.33002,299.03842,4.2544327,-1.5713948,-4.669972,1.7325417987454819,3.1206524734242,1.6697689250593286,3.569337885979528
746308589,43.47674021490791,-80.54158888805259,309.84857750347146,355.32968,298.08496,4.2638173,-1.5451156,-4.6703277,1.6858205231007335,3.1592559395976996,1.7421763597603332,3.580906160176635
746431276,43.4767420316776,-80.54158403139766,309.6310857942717,355.32938,297.10272,4.3031697,-1.499627,-4.670632,1.640999122420667,3.206417593098009,1.797459634852438,3.6019427953694416
746749673,43.47674399483361,-80.54157849221171,309.3921248487133,355.32816,295.7531,4.3546133,-1.4690021,-4.6718297,1.5864691243420652,3.28863662992652,1.743638205449477,3.6513032147693703
746969642,43.47674539679378,-80.54157444262943,309.2064564077415,355.32776,295.50507,4.327265,-1.4485079,-4.6722355,1.5606620616441202,3.2712520757898162,1.856684409718297,3.6244663350643025
747177825,43.47674812434976,-80.54156647604255,308.83572984178335,355.32336,295.20258,4.308089,-1.4053322,-4.6766324,1.509491594228798,3.207456142912577,1.8986724700851052,3.5449033529498406
747336588,43.476749488966036,-80.54156241188282,308.65642262820234,355.31787,294.83047,4.3436246,-1.4070845,-4.682135,1.5190908426881518,3.2830277281706866,1.7930721358104773,3.6174449618863003
747458531,43.47675105702669,-80.54155737244274,308.4440471764095,355.3163,293.25116,4.365018,-1.3857456,-4.683692,1.4307540949683868,3.329987118538789,1.706847185606439,3.6243442841296236
747827545,43.476752616817926,-80.54155224313838,308.23622427255754,355.31235,292.63132,4.37617,-1.3379923,-4.6876426,1.3862758369899164,3.325189741440931,1.6614480258178073,3.6025890013719435
747987191,43.47675385614128,-80.54154813109706,308.0614439848862,355.3106,292.55475,4.3699656,-1.3177221,-4.68939,1.3796147536159442,3.3217064833717074,1.747802876713479,3.59681398324523
748133713,43.47675565772753,-80.54154211392445,307.80798951949475,355.3078,292.54697,4.3659616,-1.3195783,-4.6921887,1.3757899484641616,3.3137653478465845,1.7258615813356468,3.5880132055057734
748256139,43.47675707644761,-80.54153720688956,307.5972867206054,355.30655,291.1534,4.3500204,-1.2836666,-4.6934533,1.2375131703564437,3.1982118846869616,1.7352553309888572,3.429285363768752
748722008,43.47675946764732,-80.5415296562154,307.2019875444918,355.3046,293.76047,4.3013434,-1.3106185,-4.6954184,1.3519699207981488,3.07106367578946,2.056427857536854,3.3554813019142906
748881227,43.47676108069471,-80.54152456401253,306.9229174886115,355.30005,293.65436,4.272619,-1.2796785,-4.6999583,1.3062536535682523,2.9821790054643658,2.035619418653741,3.255716546029897
749003746,43.47676253404432,-80.54152006238358,306.674594694348,355.29248,294.16504,4.22623,-1.2969391,-4.7075047,1.331934786371953,2.9685310509313583,2.0229623940580113,3.253648240896876
749125675,43.47676373296997,-80.54151646165387,306.4835726726667,355.2915,294.64804,4.187458,-1.298371,-4.708483,1.3346440385514085,2.908669014942163,1.9102202168126323,3.2002547005082933
749247982,43.476765127164995,-80.541512130063,306.2492584420285,355.28912,293.72617,4.1438932,-1.25308,-4.7108874,1.2521096235657514,2.8488507033909434,1.9147395343546494,3.1118690267485616
749431665,43.47676674201821,-80.54150654157198,305.9351701715197,355.2879,290.87338,4.1008,-1.1939929,-4.7121034,1.0584622188250685,2.775707628411762,1.9474858243238446,2.970672500815823
749566166,43.47676801210925,-80.5415019264264,305.67463932633484,355.28555,290.57492,4.0968328,-1.1510482,-4.7144403,1.0409100224750232,2.7729808071698883,1.922730776885292,2.961910908825841
749932612,43.47676891967807,-80.5414984600574,305.48220619480475,355.28333,289.83978,4.1148033,-1.1274368,-4.716688,1.0103056164501112,2.800132467919857,1.9243313153009405,2.9768203299039713
750115959,43.47677008330952,-80.54149380491243,305.2183606855758,355.2826,288.7666,4.067141,-1.085058,-4.7174215,0.9322424811556158,2.743686774113655,1.9427556835494915,2.897739318523558
750299297,43.47677119478797,-80.54148926312337,304.9502959542109,355.2831,288.58295,4.0098605,-1.0688063,-4.716876,0.8986437917968723,2.67289802120469,1.9489991588716313,2.8199192357752034
750470310,43.476771959402726,-80.54148586226438,304.7648458527559,355.28247,287.21454,4.0455823,-1.0557562,-4.7175336,0.8511691414302964,2.7472134727315525,1.8545010145504985,2.876051246428155
750580656,43.47677276737477,-80.54148221030852,304.5613617209415,355.28546,286.93216,4.029273,-1.0440056,-4.7145405,0.817492341242755,2.685262823582013,1.8403557492716442,2.806943205642431
750702726,43.4767736506043,-80.54147817750781,304.33087073663114,355.2891,286.6028,3.9768386,-1.039208,-4.710916,0.7906105575171628,2.6515744400216015,1.931208597232462,2.7669318865186163
750824895,43.476774323931735,-80.54147498997071,304.1414328009008,355.28952,286.23022,3.9476047,-1.0268285,-4.710488,0.7495481047399957,2.574892079505782,1.8943793573031225,2.6817702329657047
750984553,43.476774952706116,-80.54147186681104,303.9484306123918,355.29163,285.50616,3.9270513,-1.0077928,-4.7083797,0.6999516362873598,2.5228880008483814,1.9300218850898618,2.6181856614774466
751107140,43.47677569469312,-80.54146809875654,303.70554968588044,355.29358,284.70502,3.885537,-0.9750352,-4.7064276,0.6480977919674502,2.469518857183912,1.985516674640044,2.5531459288376017
751229756,43.4767763995753,-80.54146443501205,303.4634232297789,355.29703,284.70752,3.832693,-0.95759875,-4.702971,0.6305463571576702,2.402216831354324,1.9787448780724732,2.483593045039146
751364110,43.476777144135056,-80.54146055003231,303.1937472187227,355.29764,284.89716,3.8054771,-0.93859017,-4.7023535,0.6149128723424131,2.3114747386182772,2.014123242841178,2.39186816272194
751548090,43.47677772241898,-80.54145776148275,302.9971573316824,355.2995,285.94888,3.7824035,-0.95224273,-4.700505,0.6437456659835409,2.252589997711541,1.96589887040258,2.3427697668065193
751694778,43.47677824722058,-80.54145498307038,302.80643009098605,355.30002,284.59012,3.7816956,-0.924009,-4.699972,0.5842091405637025,2.244401169326093,1.9072724069637592,2.3191888514716763
751817412,43.47677880147776,-80.5414522246343,302.61443771381096,355.3011,285.47723,3.7714949,-0.9512998,-4.698904,0.6169990865757651,2.2282643294892495,1.9199237717509066,2.3121093821247953
752013749,43.47677956769244,-80.54144850644151,302.3534426238299,355.30377,286.13727,3.732492,-0.95080334,-4.69624,0.6303557479205376,2.178599823029496,1.8940560795946846,2.2679606605584257
752306702,43.47678059520503,-80.54144355259535,302.0090040274358,355.30737,285.6766,3.6950958,-0.9292448,-4.692637,0.6019458350023006,2.1448531411774083,1.8475861570615577,2.2277194135472294
752502327,43.47678151182721,-80.54143841051676,301.6473256924824,355.31052,282.89154,3.671259,-0.85474735,-4.689476,0.483586840561502,2.1128826588463503,1.8521275958626144,2.167516865544044
752685540,43.47678191164408,-80.54143577353591,301.4569113888318,355.31198,281.80164,3.682862,-0.82693326,-4.6880116,0.44507613530255724,2.130152812645933,1.904143036505917,2.176153434718986
752807638,43.47678231551009,-80.54143313130673,301.27215268889404,355.31195,281.89478,3.7098315,-0.8408525,-4.688041,0.4495836447805367,2.134392402534091,1.8475869993777614,2.181228181930859
752930228,43.476782757468726,-80.54142989438782,301.0433351116436,355.3142,280.30103,3.7002294,-0.78457403,-4.6857905,0.38738119989743786,2.131408111913268,1.8682907726531361,2.1663251680123325
753064621,43.47678321100586,-80.54142645851671,300.7795295641443,355.31628,280.4598,3.632828,-0.7747391,-4.6837053,0.37629094917487793,2.0382620103568616,1.988871082893118,2.0727052133130086
753333751,43.47678364643041,-80.54142332236975,300.5399665520977,355.3166,280.69193,3.6369839,-0.77917475,-4.6834073,0.38430820795658266,2.035466528868104,1.9286569015044817,2.071428683021737
753493271,43.476784193375366,-80.54141933729363,300.2309072183356,355.3188,280.31717,3.6624677,-0.7760194,-4.681201,0.36813587863711184,2.0222769221913053,1.879428210678024,2.0555116091054937
753628068,43.47678460630974,-80.54141597904945,299.9823197241336,355.3161,279.05096,3.6443758,-0.7292943,-4.6838937,0.3216059193234074,2.018914971538585,1.8475186587638315,2.0443698368070535
753897339,43.47678491353961,-80.54141278114322,299.7518866533317,355.31216,277.14062,3.7046788,-0.7209536,-4.6878386,0.2615541574500946,2.0878083191086922,1.8592829636870758,2.104127884568543
754326859,43.476785147904856,-80.54140959944903,299.5194661541835,355.30988,275.49988,3.6638649,-0.68475795,-4.6901155,0.19824606048264917,2.05891279423158,1.862952355961396,2.068435011004064
754646675,43.47678537554888,-80.5414047896805,299.132328055176,355.30624,272.635,3.6135163,-0.62726563,-4.6937423,0.08830132900886518,1.918666359039507,2.033925467014626,1.9206971968570814
754767932,43.47678549179907,-80.5414019471226,298.89485876128623,355.30225,273.15344,3.5688696,-0.6184086,-4.6977634,0.10415279481152986,1.890460026584677,1.9267626396934965,1.8933269439749676
755037515,43.47678551409262,-80.54139963698476,298.72338937304585,355.30048,270.7619,3.5708916,-0.5903247,-4.6995125,0.024817184992407107,1.866129055184571,1.7146938824034335,1.866294066666614
755196892,43.47678543749171,-80.54139641910659,298.44100849902384,355.2982,266.30365,3.5406024,-0.588029,-4.7018185,-0.09973100641444424,1.5437409699344806,1.7884486376826865,1.546959099619214
755319576,43.476785323411065,-80.54139421654388,298.2055996694111,355.29645,265.18576,3.4928148,-0.5568972,-4.703544,-0.12079111645407759,1.434188120102845,1.9251368851526567,1.4392658050750582
755540696,43.47678517923905,-80.5413927276487,298.031741683654,355.2984,262.39935,3.4351354,-0.5536682,-4.7015853,-0.16049229080464425,1.2027293406493493,1.7385798575709814,1.2133901442926514
755700090,43.4767851127835,-80.54139164106256,297.86384786848674,355.29898,265.18237,3.39475,-0.55630976,-4.701021,-0.07397831243781257,0.8777441485166517,1.678938151672253,0.8808561636080936
755970000,43.476784645712215,-80.5413896250277,297.5244116539513,355.3006,248.7573,3.3641813,-0.48384428,-4.699387,-0.33728795739328216,0.8676614629557192,1.9284891302542164,0.9309133045031591
756081050,43.476784322935124,-80.5413883985433,297.30336211889573,355.30035,249.97552,3.4127066,-0.49239168,-4.6996455,-0.33272656510829257,0.9129449254051532,2.0254055448574313,0.9716868857568179
756363191,43.47678395000365,-80.54138715338952,297.05708581465524,355.30017,247.25562,3.3627026,-0.47611374,-4.6998267,-0.3292218968286024,0.7853212588894272,1.9691731412067552,0.8515377484381403
756546859,43.476783575868865,-80.5413861894352,296.8624797676508,355.29916,241.8594,3.3705573,-0.46077883,-4.7008395,-0.4164868443073055,0.7786821890331843,1.9460604700439756,0.8830669527270113
756779003,43.476783171669304,-80.54138536097821,296.6574065426755,355.29907,236.08508,3.3432784,-0.4535728,-4.700928,-0.44995495170655864,0.6692274466642192,2.0507322497529774,0.80642720312125
757097480,43.47678233661188,-80.54138401591818,296.300784885154,355.30478,227.67256,3.319958,-0.38545144,-4.695216,-0.5619747166038038,0.6170081757486463,2.058990659485573,0.8345745449284911
757342557,43.476781832769305,-80.5413832612867,296.0976952766798,355.30713,227.38321,3.2901373,-0.38708013,-4.6928616,-0.5608775637857071,0.6095912168616265,2.030896084741576,0.8283628994788628
757623956,43.47678075409969,-80.5413818494553,295.6948486686262,355.31256,222.1438,3.199067,-0.36034673,-4.6874437,-0.608933482663289,0.5510598632209315,2.0195540154914644,0.8212593738652325
757832313,43.476779696949826,-80.54138071074057,295.32136330479784,355.31766,217.04015,3.1420772,-0.32692915,-4.682355,-0.6453524360792291,0.4870172846592173,2.0094221586181007,0.8084958888641504
757954819,43.476779090577025,-80.54138013134988,295.1185688860674,355.31918,214.73611,3.116655,-0.30284488,-4.6808105,-0.6750142006958689,0.4680317262152167,2.027944187304245,0.8213999439280955
758089914,43.476778497765814,-80.541379594077,294.9186802960461,355.31808,213.33179,3.1190171,-0.30995423,-4.681918,-0.6599174432497719,0.43400897285221546,1.9988859002132813,0.7898448078081864
758237037,43.47677772151831,-80.54137897134434,294.6706457738947,355.3192,209.6125,3.0697534,-0.27801207,-4.680799,-0.7014845221617103,0.3987011739080136,1.98846910387711,0.8068724564068792
758371453,43.476776843772065,-80.5413783239867,294.39750497656667,355.322,207.47617,3.042857,-0.239696,-4.6780033,-0.7314298535365552,0.3803717000311634,2.0369475526653575,0.8244223801117385
758481494,43.47677610978028,-80.54137782073707,294.1744746529615,355.32562,205.7624,2.997692,-0.18768524,-4.674385,-0.7486246688266549,0.3612934445259342,2.026797261966594,0.8312471641053779
758677681,43.476774830955435,-80.5413770570898,293.81597570381325,355.32635,202.75343,2.9980938,-0.12845893,-4.673651,-0.8424891288845572,0.3533444778240386,2.0777831381586953,0.913586477733445
759019965,43.47677383580994,-80.54137649984796,293.5452508124455,355.32794,202.0542,3.0101912,-0.07553711,-4.6720634,-0.8993288021430288,0.3643422810379016,2.2002331291136334,0.9703286000710873
759167408,43.476772580970405,-80.54137581304182,293.2327077269138,355.32925,201.30513,2.9889379,-0.031653505,-4.670751,-0.9536452638458761,0.37190914568749583,2.1245858529785733,1.0235993854539351
759412324,43.476771685264225,-80.5413752824471,293.0254758057118,355.33002,203.26097,3.0123417,-0.019141274,-4.6699953,-0.9971001129407421,0.42861435372509854,2.0723192120204996,1.0853197222227304
759547008,43.47677079334163,-80.54137480714033,292.8143239056768,355.3308,201.14163,2.976878,-0.03041609,-4.6691976,-0.992888236140759,0.38395275252604244,2.111519000349395,1.064540635973579
759693803,43.47676994752796,-80.54137433889582,292.60350676600103,355.33206,201.88655,2.9655774,-0.059777115,-4.667944,-0.9415597709521079,0.37824785725838095,2.1081713967582068,1.0146951482075501
759853378,43.47676861424862,-80.54137359284893,292.26055017166806,355.33362,201.0952,2.9593885,-0.08532932,-4.6663685,-0.9468111680639346,0.3652528499046732,2.1782990451813222,1.0148206897447833
760073789,43.47676757370309,-80.54137295315232,292.0003482729775,355.3342,204.79904,2.9731896,-0.07347829,-4.6658077,-0.9207559615967239,0.42543037553479646,2.061170064769211,1.014289182257006
760181706,43.476766681883745,-80.54137238047822,291.78190829928604,355.33423,204.34785,2.925485,-0.09910646,-4.6657662,-0.9232603118901634,0.4177965884435368,2.0279777953841016,1.0133921219481528
760403857,43.47676557284458,-80.54137176427905,291.49111873640345,355.32822,201.7468,2.9139767,-0.08439543,-4.671773,-0.8716867069341345,0.34771109872546785,2.094658201236186,0.9384778757235291
760685596,43.47676410844475,-80.54137095185958,291.1003333535888,355.32394,201.90608,2.9026725,-0.12143149,-4.676052,-0.8673404017422446,0.3487754503894508,1.991219184642049,0.9348388563216457
760844694,43.47676332155029,-80.54137041861871,290.897444339105,355.3238,206.18529,2.9352167,-0.11952472,-4.676221,-0.8759709169246898,0.430751895355826,2.0288901448376353,0.9761517518554778
760967227,43.47676229361182,-80.54136969343034,290.64363867361715,355.32233,207.40546,2.9767895,-0.09749896,-4.6776648,-0.9372328172042187,0.4859287323087542,2.0907351171208695,1.0557140173966382
761298242,43.47676143093506,-80.54136912577589,290.4236014227091,355.32343,205.52412,2.9152386,-0.09914178,-4.676561,-0.9603317635016168,0.4585512039535312,2.2003725090802844,1.0641927939228673
761518576,43.47675958574586,-80.54136815452878,289.95818335610113,355.32184,202.10524,2.9311516,-0.108900845,-4.6781607,-1.006262581295431,0.4087080088844872,2.418230304269358,1.0860969657639532
761628190,43.476758718064396,-80.54136766678877,289.690628271666,355.3227,202.19078,2.9302473,-0.13155584,-4.677304,-0.9659030088931597,0.3939963250444397,2.6755508443507328,1.0431690786911694
761738499,43.47675783847788,-80.54136705283695,289.4259064563564,355.32306,206.86258,2.9728034,-0.12873264,-4.6769404,-0.979155706695045,0.49595021445127474,2.647218153096419,1.0975939655299398
761921705,43.47675646009348,-80.54136585711461,289.01174789943366,355.3232,213.27396,3.0285535,-0.14015292,-4.676785,-0.9446948815769339,0.6199338948384271,2.5671980251764475,1.1299409069713333
762081008,43.476755092004886,-80.54136457986085,288.5752053066449,355.3224,214.53667,3.0736997,-0.123073615,-4.677618,-0.9554185462292218,0.6575415558577391,2.7636784706063504,1.1598213207897912
762362428,43.476754247978775,-80.54136371612849,288.296485146237,355.32208,216.59752,3.1074324,-0.13217928,-4.677925,-0.9395698717386175,0.6977228962397712,2.7872016040788954,1.1703028598683918
762546064,43.47675320143985,-80.5413625856945,287.94625174123644,355.32166,218.3237,3.1617255,-0.13720311,-4.678341,-0.935728488233381,0.7396225459134196,2.817843796501307,1.192740254252776
762746726,43.476751685778794,-80.5413607768308,287.42693325961056,355.32025,221.62408,3.2440226,-0.16391015,-4.6797547,-0.9084764669458756,0.8072664127174706,2.7978554583895643,1.2153224066461517
762863996,43.47675085315198,-80.54135976495145,287.14510698764343,355.31937,221.40839,3.2630239,-0.1384566,-4.6806345,-0.9268801770109659,0.8173960120589944,2.818262719671639,1.2358167756855494
763010950,43.47675000998672,-80.54135871907926,286.86163698554844,355.32007,221.99075,3.285228,-0.12686586,-4.6799436,-0.9386115600533443,0.8448554313020741,2.8347000209495494,1.26284296746127
763133106,43.47674897339311,-80.54135741332804,286.51674336394547,355.32172,222.76906,3.3454294,-0.10552205,-4.6782703,-0.9441739009594352,0.8733677773910564,2.8267050442585435,1.2861709178168939
763255524,43.476747944307554,-80.54135607322738,286.16789541378597,355.3228,223.40967,3.3704102,-0.104390584,-4.6771836,-0.9367279827531719,0.8861191583651827,2.872823099500943,1.2894442510223723
763476091,43.47674628889267,-80.54135388814379,285.5944608355644,355.32407,224.63481,3.3983815,-0.096137196,-4.675946,-0.9261563158668152,0.9144245310031189,2.878068246330617,1.3015136358564463
763598839,43.476745292581796,-80.54135248058195,285.2404406126028,355.32492,225.87497,3.4272757,-0.13610078,-4.6750836,-0.899196782048035,0.9270884162247915,2.88725697263273,1.2915292425430147
763721303,43.47674444996463,-80.54135130299832,284.94931915247986,355.3254,225.40184,3.4370604,-0.10727803,-4.674588,-0.9380014281492701,0.9512519134042071,2.9112146012299744,1.33593670582301
763904978,43.47674362249051,-80.54135009666396,284.6582819233125,355.32605,226.61157,3.4682355,-0.12165103,-4.673937,-0.9211441875493541,0.9744767442922063,2.9103722916735797,1.340936814105086
764064396,43.4767424725077,-80.54134840469688,284.25553653593414,355.3291,226.90276,3.5200336,-0.09101105,-4.670885,-0.9413466651070648,1.0060422153461308,2.9635817493692014,1.3777715641450665
764186697,43.47674160611705,-80.54134715111961,283.95278939004146,355.3306,226.39577,3.525212,-0.05963459,-4.669402,-0.964466072594768,1.0126395641121562,3.027471458926438,1.398439734844385
764309054,43.476740534717685,-80.54134557026553,283.5888702340444,355.33173,227.29698,3.5779262,-0.038490262,-4.66827,-0.9789687499800849,1.0607861422300038,2.9348453268928965,1.443484344558258
764590283,43.4767393333089,-80.54134376945456,283.19362333283686,355.33243,227.0589,3.6005652,-0.014316072,-4.667584,-0.9878301735499342,1.06150367281129,2.900779623850834,1.4500339648323937
764834967,43.476737510321996,-80.54134083391784,282.59394260398113,355.335,229.00333,3.6572328,0.013931185,-4.6650195,-1.0509033751132915,1.2090680513725838,3.032374746326487,1.6019498920610482
764969296,43.476736265932736,-80.54133880638491,282.18319075445237,355.33643,229.81273,3.6968167,-0.02798398,-4.663574,-1.030541898352232,1.2200314631890168,3.06474006697119,1.5970264166351649
765153745,43.476735322162,-80.54133727595222,281.87429000848834,355.33676,229.6418,3.7168007,-0.0012777848,-4.663229,-1.0506055865473716,1.2362833541185771,3.089007459640169,1.6223959535684334
765373122,43.47673354518792,-80.54133450614265,281.2974744146836,355.33786,228.95012,3.691858,-0.0029001986,-4.662151,-1.0486679163879382,1.2042356785051442,3.127454717839326,1.5968368633790258
765519819,43.476732579116046,-80.5413330173299,280.97971266303256,355.33813,228.19666,3.6947765,0.027345914,-4.6618805,-1.0754312073543955,1.2026627521709852,3.177617516510965,1.6133660394378024
765923366,43.47673100890152,-80.54133057861756,280.47439597144586,355.338,228.71135,3.7214756,0.051472783,-4.6619883,-1.0791808088135435,1.2288969163823449,3.1023334716864968,1.6354873430282149
766229357,43.47672967567591,-80.5413285332577,280.0561476124699,355.33536,227.92168,3.6607552,0.07268135,-4.6646423,-1.0849056090116729,1.2016021685119933,3.0438715021220926,1.6189094946406712
766669511,43.47672838761009,-80.54132649322702,279.6428788726977,355.33475,229.51674,3.6632113,0.07009412,-4.6652503,-1.031996352979279,1.209027707512754,3.022357460305779,1.5895799665622607
766853908,43.47672739440781,-80.54132493850544,279.3482531772575,355.3333,228.64098,3.688125,0.096141845,-4.6666975,-1.105632777096185,1.255903909596686,2.9462569544020227,1.6732359271572144
767013150,43.47672575754955,-80.54132257692464,278.8711016338105,355.33176,226.23798,3.6273482,0.0977235,-4.6682363,-1.1372195792507704,1.1874558098651347,3.012557973765647,1.644177506175584
767318794,43.47672474687108,-80.54132114718503,278.569908221065,355.33273,225.75023,3.598035,0.07820897,-4.667274,-1.1250872713514009,1.1549434859559768,3.0119341274546074,1.6123634279867194
767502576,43.476723730140236,-80.54131975882281,278.2630132401024,355.33347,224.73795,3.5727537,0.08324461,-4.666535,-1.1318247727256512,1.1215188326758674,3.068949809626257,1.5933712085393386
767625070,43.47672268107555,-80.54131831922619,277.96148691439106,355.33258,224.87923,3.599035,0.103524975,-4.6674147,-1.1678188125059428,1.162905976092628,3.015263257113523,1.6480749643371013
767906513,43.476721552864255,-80.54131691828682,277.65513123729517,355.3326,222.02113,3.5701194,0.12833281,-4.667374,-1.2559248116631416,1.131678646867632,3.0635567709586264,1.6905749590974228
768065854,43.47672043378327,-80.54131549018364,277.35456241452806,355.3332,222.80084,3.6026149,0.1169896,-4.6668224,-1.2457609550711504,1.1536215783766033,3.0056882276711114,1.6978701667901201
768433664,43.47671931102611,-80.5413141066077,277.0525026049661,355.33243,221.80394,3.5678687,0.11273537,-4.6675773,-1.2498532711167158,1.117652478297734,3.020598095619453,1.676687287947941
768616899,43.47671753257149,-80.54131192599546,276.563563492365,355.3302,221.73157,3.4908798,0.077505,-4.6698146,-1.2156842368040206,1.0843374856250003,3.046740614545972,1.6290107262830782
768739363,43.476716196220764,-80.5413102379696,276.1974076894532,355.32816,222.95793,3.5181038,0.07386072,-4.671837,-1.2032658457727385,1.120412885155871,2.977595807118055,1.6441331238152483
769057989,43.47671505823672,-80.54130888416908,275.897905731485,355.32684,220.80322,3.5336888,0.10270211,-4.67316,-1.2668038355999403,1.0935998830436269,2.995019579682025,1.6735449387703203
769205530,43.47671363132673,-80.54130729844253,275.51380434406383,355.32178,218.47722,3.5263746,0.09904085,-4.6782207,-1.2750420384923338,1.013386526081812,3.0876685716417676,1.6287063735268088
769365195,43.47671240143676,-80.54130606164163,275.1975418785466,355.32013,216.11948,3.5285304,0.13048553,-4.6798797,-1.3691135171959714,0.9990876131384303,3.1626246551720336,1.6948887520115794
769488227,43.47671093277583,-80.54130468867118,274.8050659656356,355.32196,213.88737,3.4976916,0.14778711,-4.6780376,-1.334047398640163,0.8960159463282069,3.202551625424413,1.607024280430454
769610164,43.476709697729156,-80.54130359722244,274.4862421970484,355.32196,212.67142,3.5000038,0.16911797,-4.6780405,-1.374853956214519,0.881672153323091,3.1882376858718637,1.6332694777237744
769732825,43.47670816195406,-80.54130232007795,274.0836112233699,355.32373,210.77728,3.4502409,0.1770778,-4.6762605,-1.3948468053966216,0.8307460460387713,3.2920939588427807,1.623495181247611
769867469,43.476706914985066,-80.5413014824117,273.7511033078903,355.3243,205.98775,3.4150066,0.16884674,-4.675688,-1.3881258772994414,0.6766666938800545,3.325079154796245,1.5442704639521236
770173348,43.476705699463906,-80.54130068434951,273.4072509322272,355.32367,205.47482,3.398935,0.14680482,-4.6763406,-1.3531181569801762,0.6446745373303849,3.438523756630975,1.4988442233372936
770295730,43.476704190893706,-80.54129983621162,272.988417838228,355.32446,201.5188,3.3325632,0.16142236,-4.6755276,-1.3761345738196602,0.5425954458850963,3.421968310313474,1.4792417595366434
770417675,43.47670297977488,-80.54129924426348,272.64887672935305,355.32416,199.5282,3.2976506,0.14696741,-4.675854,-1.3482174819256032,0.4781756290945806,3.395411088749427,1.4305042155931635
770576413,43.47670130675867,-80.54129853521701,272.1850825057079,355.3245,196.5184,3.245337,0.15754606,-4.675507,-1.3686449304422528,0.4058892198198514,3.4013902747414977,1.4275626096221652
770699066,43.47670010471379,-80.54129810881496,271.8413969845785,355.32516,194.43526,3.2144194,0.13608842,-4.674834,-1.3381163605404667,0.3444475276873532,3.436855211293859,1.3817378527332869
770858085,43.47669887205663,-80.54129775331744,271.4968871695282,355.32617,191.82019,3.1876235,0.14643626,-4.673821,-1.37219395249987,0.2871708486424846,3.4450981505030875,1.4019213029222648
771005601,43.47669729196106,-80.54129740415073,271.05783914841487,355.32635,188.60466,3.1345816,0.16994989,-4.673654,-1.4162678473097348,0.21430805863529823,3.53361015958952,1.4323905051763575
771287268,43.47669475745162,-80.5412970888964,270.35105955821194,355.3274,183.82034,3.081377,0.16986515,-4.6726136,-1.4336218088811727,0.09573226681230872,3.5779206452059884,1.43681458713668
771446651,43.47669366719735,-80.5412971247015,270.00827918769016,355.3293,178.63483,3.0325866,0.1415599,-4.6706867,-1.2136710518823066,-0.02892335854777607,3.4278037052178854,1.2140156435758098
771568924,43.47669226932706,-80.54129715932883,269.58342775594565,355.3291,178.05295,3.012159,0.15112773,-4.6708956,-1.269225877241104,-0.043147933386202424,3.4891989856431067,1.2699590826534335
771716349,43.476690919959346,-80.54129738383321,269.16188205535315,355.3286,172.02165,2.9591503,0.13105811,-4.671381,-1.189619410267946,-0.1667315465739982,3.3495035884321345,1.2012467481367903
771851235,43.47668944561849,-80.54129771821788,268.70435288232306,355.32977,170.30577,3.0138762,0.122039765,-4.6702123,-1.233855098225745,-0.2107788995056211,3.3925550220339735,1.2517292630175518
772034449,43.47668741410983,-80.54129819940539,268.0679588495869,355.3324,170.09933,2.9879198,0.12243522,-4.6676073,-1.242192200476163,-0.2168121389447106,3.5210015341229495,1.260971437629573
772242267,43.47668629558595,-80.54129860822756,267.7198451426394,355.3323,165.14555,2.9574769,0.12088813,-4.6676927,-1.2451407884333503,-0.3302465021307723,3.481137069475243,1.2881918860131185
772377268,43.476684746849024,-80.54129934759729,267.24532406143123,355.3326,159.03836,2.8869343,0.13595352,-4.667398,-1.2914546963472957,-0.4947511198965026,3.550881679580609,1.3829800806072114
772499903,43.47668358646891,-80.5413000325618,266.8891449439854,355.33246,156.81215,2.8594158,0.134774,-4.6675286,-1.2917351409970605,-0.5533142445540464,3.5617911744586896,1.4052531187345256
772683461,43.476681445521436,-80.5413014480151,266.2386824089913,355.333,153.31017,2.7885149,0.1428254,-4.666994,-1.3024627510184899,-0.6547810960189339,3.5439892101395283,1.4577885654286113
772830782,43.476680256472534,-80.54130234455482,265.8878456788543,355.33325,151.31506,2.7592049,0.15035272,-4.66676,-1.323649231269912,-0.724224676713292,3.5083673013696206,1.5088236046012473
772989929,43.47667832277396,-80.54130393252692,265.32841624999435,355.33365,147.98796,2.6725445,0.16695793,-4.66635,-1.3664013245746942,-0.8542213514080966,3.530687589456664,1.611442427454656
773148854,43.4766770781203,-80.54130511983148,264.97020454873194,355.33405,145.30824,2.6432416,0.17138906,-4.665948,-1.3855484537380445,-0.9591044821902032,3.5821170126238684,1.6851189647657592
773393858,43.47667579120738,-80.54130637883713,264.61166289134894,355.33405,144.62831,2.6204734,0.19147947,-4.665957,-1.4325914634084131,-1.0170246129178129,3.5854165738301202,1.7568885463544026
773516541,43.476674470632666,-80.54130772383382,264.24651818902004,355.33386,143.5328,2.5915914,0.20345107,-4.6661396,-1.4700637656448607,-1.0864881625315423,3.651447023288947,1.8279890597000616
773700186,43.47667312703011,-80.54130917727903,263.8828739524271,355.33444,141.8688,2.560025,0.21301715,-4.6655717,-1.4956983630908731,-1.1740928606696526,3.6364423659298195,1.90147512180101
773858915,43.47667175263928,-80.54131069065642,263.5162658071087,355.33408,141.37381,2.540081,0.22661202,-4.665912,-1.5299718759124599,-1.2225060629060185,3.6660814531833763,1.9584011373886265
774079731,43.47666951681689,-80.5413132596974,262.92404389547215,355.334,139.73781,2.4895415,0.22368099,-4.6659894,-1.5379151210149686,-1.3025028912915813,3.6681605172444147,2.015365153333116
774189901,43.47666796499617,-80.54131511477071,262.52005259669215,355.33392,138.93365,2.4374292,0.24157862,-4.6660852,-1.5719311956719326,-1.3696576538072687,3.6704732857818674,2.0849292008505764
774324180,43.476666040553994,-80.54131750769587,262.0223548166477,355.33408,137.6533,2.3853157,0.2578104,-4.6659155,-1.6013069964697668,-1.4594648865731943,3.7178472851267834,2.1666152985897456
774507798,43.47666459293944,-80.54131937881117,261.6511400700674,355.33344,136.83398,2.3625994,0.2572684,-4.6665745,-1.6114845205583108,-1.5114867125224338,3.7121474658026825,2.209405902529212
774630387,43.476662805589235,-80.5413217568603,261.19263536868027,355.33295,135.67569,2.3083992,0.274277,-4.667062,-1.6233213633127876,-1.5854780644477693,3.744850478412683,2.26912162332316
774789269,43.476660478106645,-80.54132501262589,260.5972751261856,355.33276,134.29309,2.2112708,0.27117625,-4.667249,-1.6356075199006779,-1.6764737227791242,3.751745645973664,2.342173371534341
774911319,43.47665899015638,-80.54132710102375,260.2226226321148,355.33264,134.47525,2.2061024,0.2956273,-4.667349,-1.6563862366329511,-1.6870075349975349,3.7465249407082832,2.364235561031415
775033435,43.47665717146734,-80.54132966193362,259.76204361575105,355.33307,134.21568,2.1513157,0.2965968,-4.666935,-1.6543164207155512,-1.700239624926337,3.770569334253591,2.372251589106595
775180467,43.476655645764794,-80.54133176489506,259.38605734912153,355.33276,134.99393,2.1477692,0.32271925,-4.667238,-1.698412072969394,-1.6987720069071868,3.7598626662951546,2.4021719133025563
775376110,43.47665316590345,-80.5413351847102,258.7744164782298,355.33286,134.97859,2.098956,0.35325164,-4.6671376,-1.7113730544438341,-1.7126520797688978,3.805864387659762,2.4211515602731586
775584430,43.47665121702783,-80.54133783183015,258.3027383179275,355.33304,135.52951,2.098073,0.35247222,-4.6669526,-1.752628517083791,-1.7205296386553186,3.7900489774249215,2.455998566039225
775829693,43.476649649221066,-80.5413399640277,257.9191099956908,355.33307,135.37827,2.099728,0.32349283,-4.666943,-1.7452824859332368,-1.7223889134420327,3.836283222367023,2.4520673981057954
775988818,43.476647138580866,-80.5413433519648,257.3124030451897,355.3327,135.8454,2.1059406,0.37510696,-4.6673107,-1.765994663192317,-1.714634057727267,3.800510115312218,2.4614441091241575
776184531,43.476644339528896,-80.54134703064629,256.6512884020241,355.33334,136.71477,2.0807512,0.45229486,-4.6666512,-1.8139080802366132,-1.7084582018773051,3.810628021123669,2.491804958480802
776331208,43.476642704827235,-80.54134918094273,256.2704607588552,355.33295,136.33263,2.0442295,0.45371455,-4.667062,-1.8197498948672173,-1.7370092048550445,3.808276431688435,2.5156889031874354
776514868,43.47664005000367,-80.54135262598567,255.65246194094095,355.33295,136.95744,2.0245903,0.47675177,-4.667061,-1.8357838775803494,-1.7144468686478151,3.8491937572434463,2.511857979783141
776734742,43.476638363595555,-80.54135476391322,255.2665974166148,355.33255,137.38771,2.0151012,0.50284266,-4.667459,-1.8773095113379314,-1.727017622877979,3.858645243261763,2.55085884969964
776918622,43.47663561564114,-80.54135810497948,254.6691649519677,355.3331,138.26562,1.9949461,0.5287396,-4.6668873,-1.9049518241183008,-1.6993010466123566,3.709923658264582,2.5527368644710506
777261064,43.47663281030079,-80.54136165259372,254.08007444006657,355.3314,137.0088,1.9723532,0.5457349,-4.6686172,-1.9517530647788452,-1.8194786992994116,3.6213893611157797,2.6683033491486485
777481333,43.47662997691557,-80.5413652499288,253.51343961178782,355.3337,137.75009,1.9472958,0.55322635,-4.666282,-1.962562832596307,-1.7826607875689933,3.5308028282697697,2.6513265274998745
777628917,43.476627793880546,-80.54136803533365,253.06986627713655,355.3348,137.07188,1.9452373,0.52017725,-4.665203,-1.9512118706489507,-1.8149633206105453,3.568433863278207,2.6648301295435393
777788192,43.476624953275376,-80.54137154083521,252.50286481651892,355.3341,138.6092,1.9928521,0.55204266,-4.6659074,-1.9920822818305561,-1.7556878524827382,3.561383402392093,2.6553402141606424
777910668,43.476623153986495,-80.54137379180054,252.1482494069889,355.334,137.76628,1.9669225,0.5531674,-4.6659966,-2.00296838017635,-1.8183295237087167,3.5461540953005097,2.7052180298040747
778094420,43.47662131925579,-80.54137606694324,251.7891424863048,355.33344,138.01775,1.9490399,0.5789871,-4.6665635,-2.0424222171760005,-1.837859997135484,3.59106920684094,2.7475840082306804
778216912,43.47661904383966,-80.54137893344351,251.34807010266664,355.3318,137.39264,1.8595839,0.61285615,-4.6681995,-2.077699774308848,-1.9110351767454208,3.5960199067530447,2.8229225633944406
778475028,43.47661530012766,-80.54138379752543,250.62789419104095,355.33057,136.48619,1.7739813,0.63144535,-4.669434,-2.108563879071262,-2.001918651603156,3.6280113221473935,2.9075281459962943
778600415,43.47661290179029,-80.54138694602915,250.17903890631908,355.33023,136.36217,1.729131,0.66906965,-4.6697717,-2.151516682329339,-2.0515724777739384,3.602809475490377,2.9728729649786487
778826938,43.47660955763124,-80.54139136545673,249.56287522689422,355.33142,135.9439,1.6808482,0.688331,-4.6685925,-2.185555249496402,-2.114706312531782,3.610346230172008,3.041156776107251
778963952,43.476607578568604,-80.54139404916906,249.19906957572485,355.3312,135.46127,1.6518295,0.69411474,-4.6688066,-2.2030925229298046,-2.167902477350892,3.6380565116937995,3.0908603682297504
779232965,43.47660360904601,-80.54139952994156,248.47356748499482,355.33127,134.86185,1.6002282,0.7136585,-4.6687403,-2.240555828392577,-2.251387360946861,3.673755636624028,3.1762927241007275
779367603,43.476600868864246,-80.54140337420186,247.9741817707952,355.33078,134.40363,1.5403584,0.7340913,-4.669207,-2.272858927772305,-2.320673781562516,3.7184645499685827,3.2482940916711867
779478098,43.476598815916994,-80.5414063054495,247.59987989372036,355.33087,133.98401,1.5106392,0.7373919,-4.6691165,-2.2853408779425557,-2.367861488994631,3.743018770748582,3.290828309021776
779649814,43.476595273885515,-80.54141148266122,246.95254037943394,355.3314,133.254,1.4592466,0.74499464,-4.668599,-2.310143259811473,-2.455411923042293,3.769885786149057,3.3713216388637006
779771991,43.476592704610646,-80.54141523664622,246.4903817269028,355.3321,133.30804,1.4183416,0.78387105,-4.667896,-2.3529823203995264,-2.496222205738814,3.787097933917952,3.4304010116218615
779918651,43.47659003067211,-80.54141913708146,246.01439120773682,355.3329,133.40703,1.3710537,0.81347805,-4.6671047,-2.397986310762868,-2.5351761904070864,3.828289333511348,3.4896212778771707
780053621,43.47658710486814,-80.54142341629475,245.49586835624993,355.3344,133.2749,1.2991731,0.8515293,-4.665587,-2.417965531551036,-2.5681356138035745,3.844780404513018,3.5273046143840694
780200858,43.47658493103399,-80.54142658500241,245.10753255040726,355.33594,133.39221,1.324671,0.8611677,-4.664048,-2.4199121713766356,-2.559681667980225,3.8833580584265603,3.5224913283883055
780323360,43.47658221784432,-80.54143043042177,244.63483052065428,355.33783,134.27017,1.3656774,0.90024245,-4.662185,-2.4671845979159905,-2.5308522264263025,3.855697100468113,3.534432462532119
780507038,43.47657861777814,-80.54143549099292,244.01062181068056,355.3399,134.4385,1.3536168,0.9668059,-4.660106,-2.498598340052379,-2.548057055657195,3.8898306984392828,3.5686956193820896
780727644,43.47657553713408,-80.54143978397573,243.47737624050012,355.3425,134.72884,1.3898828,1.013474,-4.6575155,-2.5114950943828838,-2.5353807859426056,3.9065545512351076,3.568720126156748
780898598,43.476572150240166,-80.54144448071013,242.8951786523093,355.343,134.86455,1.3469826,1.0559722,-4.6570053,-2.5376463726278464,-2.5496739402866755,3.9066596487922784,3.5972887449144597
781020890,43.476569848830394,-80.54144765570176,242.50234305690773,355.34348,134.96838,1.3283314,1.0804145,-4.6565285,-2.561929354791339,-2.56475785358522,3.928355954015934,3.6251158417999045
781155536,43.47656673735348,-80.54145192783827,241.9686354535084,355.34518,135.1578,1.3278544,1.1385866,-4.654828,-2.5763845110627503,-2.5622312345975007,3.975176673642731,3.6335638219785102
781278615,43.47656387917602,-80.5414558178767,241.48283565236153,355.3471,135.38814,1.3473896,1.1904212,-4.6529055,-2.58768090899779,-2.5528573425831853,3.938064309342958,3.634992860842028
781486921,43.476561557040064,-80.54145900474235,241.08931221892198,355.34763,135.11829,1.3125011,1.1840026,-4.6523886,-2.5850017448973133,-2.5743496864457587,3.9352343343957177,3.6482201590947785
781830233,43.4765586597795,-80.54146292462406,240.59806646534594,355.3501,135.61311,1.3672403,1.1880358,-4.6499043,-2.5909199805367686,-2.536055549938408,3.9457669596084877,3.6255267338578614
782014486,43.47655485350576,-80.54146800269555,239.96022411757627,355.35318,136.03993,1.3835719,1.2495116,-4.646826,-2.634933812297115,-2.540979381255331,3.9472837152475515,3.6605262478435163
782271323,43.476552495946855,-80.54147112158296,239.56012424978388,355.3552,136.16937,1.4149847,1.238501,-4.644799,-2.624434574329548,-2.519436870784388,4.000998677924105,3.6380240489590148
782577378,43.476550129398284,-80.54147420995626,239.1592704268443,355.35696,136.55962,1.4401301,1.2485523,-4.6430264,-2.6344418688180404,-2.4947875785703104,4.008538229395726,3.6282570226446476
782822221,43.47654547164119,-80.54148006036999,238.36361173689426,355.35928,137.90099,1.4983512,1.2390372,-4.6407113,-2.603351246122493,-2.352226431597672,4.037929535405511,3.50861894428481
782981285,43.47654173832238,-80.54148453966067,237.71904463227511,355.36356,139.44875,1.5803902,1.2486192,-4.636433,-2.621081337089959,-2.2426725661782667,4.055272439417377,3.449586586060698
783226424,43.47653938107996,-80.54148725949563,237.31073662383696,355.36475,140.06136,1.6074722,1.2522957,-4.6352425,-2.624082266983532,-2.1970823348882607,4.083080084381613,3.422422903466999
783533083,43.476537045587214,-80.5414898981543,236.90387603796358,355.3655,140.65334,1.6287206,1.2444247,-4.634496,-2.5998705272170173,-2.131508155490408,4.068605858733601,3.361941964878902
783668175,43.476533899208114,-80.54149334729401,236.35228087280709,355.3669,141.82642,1.6824625,1.2454741,-4.6330976,-2.5962209405669427,-2.0410869534826586,4.082424234776511,3.3024837810223113
783851818,43.476531577810455,-80.54149580551952,235.9412434824667,355.36737,142.46034,1.7069609,1.2434684,-4.63263,-2.584179872118085,-1.9857542606739074,4.110373903404134,3.2590191155077353
784330055,43.47652723370757,-80.54150018641529,235.17776503181784,355.369,144.11073,1.7665445,1.2590295,-4.6310034,-2.6077218828276254,-1.8869310291512313,4.10877189129727,3.218807562895269
784574512,43.476524065509324,-80.54150332822873,234.6128044877072,355.37036,144.23709,1.8034791,1.2277335,-4.6296287,-2.574291999657931,-1.8541057765262914,4.14280147309605,3.1724891694142934
784697016,43.476521772603796,-80.54150561370477,234.20149321585768,355.37152,144.12161,1.812847,1.2002542,-4.6284842,-2.552462437637696,-1.8462072703956651,4.113112718495267,3.150165992580896
784917287,43.476517256188735,-80.54151010047154,233.38913303145495,355.3746,144.26952,1.8902572,1.1296643,-4.6254106,-2.5361776182702,-1.8244751972263318,4.118943105014842,3.124244973863088
785052123,43.476514162787495,-80.54151311396207,232.83364786772677,355.375,144.92186,1.8819841,1.1546636,-4.6249914,-2.5605796678967967,-1.7981464847327604,4.115110136973858,3.1288814321100844
785259911,43.47650992911041,-80.54151723413221,232.07249179385602,355.37662,144.58563,1.8979715,1.1095884,-4.62338,-2.529578622148959,-1.7986328146746469,4.110318578874005,3.1038440694818203
785382136,43.476507150065565,-80.54151995113125,231.5700007241929,355.37717,144.7411,1.9197174,1.131173,-4.622825,-2.5339035665472043,-1.7913761329560343,4.117632048783563,3.1031751053211867
785504946,43.47650489142726,-80.54152219654821,231.15735037325382,355.3771,144.19302,1.8974812,1.1104648,-4.6229005,-2.514316161657402,-1.8138475506658913,4.126503509390867,3.1002949372323054
785663881,43.47650263386234,-80.54152443386391,230.7449014696614,355.37784,144.27832,1.9248623,1.1035945,-4.62215,-2.51312127183243,-1.8073033387313393,4.1244890359245305,3.095500587162938
785908277,43.47649818416592,-80.54152888879665,229.92581024648152,355.37808,143.70294,1.9393247,1.0816863,-4.621906,-2.5097257113996556,-1.843378152622062,4.180284800698712,3.11396309548216
786030922,43.47649593305379,-80.54153118375325,229.50668356994922,355.37772,143.50636,1.9137733,1.0688521,-4.6222773,-2.505938022034555,-1.8538656604915242,4.191266765322937,3.1171370289783753
786166571,43.47649370620788,-80.54153347267561,229.0871360778765,355.37814,143.28133,1.915392,1.0422176,-4.62187,-2.4789248675417253,-1.8489912051075386,4.195474920727151,3.092545387780394
786289508,43.47649148604456,-80.5415358139386,228.66212917789284,355.37744,142.57545,1.8877252,1.0359294,-4.6225433,-2.471485810308809,-1.8912719542591927,4.25006899983691,3.112097639137496
786435804,43.47648824280336,-80.54153927902571,228.03215351101778,355.3753,142.08054,1.8120998,1.0034466,-4.6246934,-2.467052418203976,-1.9218943307419685,4.323311426728821,3.1273032236583975
786656432,43.47648464185495,-80.54154315393798,227.3323162004827,355.3761,141.96878,1.8352408,0.98963076,-4.6239004,-2.4956902698998347,-1.9520377668205018,4.346181841680161,3.1684256921010916
786779221,43.47648185413465,-80.5415461009003,226.80090208864337,355.37592,142.36882,1.8285782,1.0135028,-4.624094,-2.5263574218863445,-1.9477486203065915,4.324512590116465,3.190016694474568
787023699,43.476478476986195,-80.54154971474799,226.14790198551702,355.375,142.134,1.7990419,0.9879783,-4.6249914,-2.52062164801956,-1.959849187195182,4.394484285222496,3.1928893386734307
787158081,43.47647543399174,-80.54155298847478,225.55616690333375,355.37482,141.97318,1.7581108,1.0032883,-4.6251726,-2.5198589087521905,-1.9706306389614947,4.406616818659382,3.198917634955856
787280671,43.47647319727129,-80.54155545945721,225.10968859287277,355.37408,141.28235,1.7388726,0.98028296,-4.625919,-2.4899172018012234,-1.9960593141552394,4.464783104609675,3.1912286752051346
787464620,43.47647042586761,-80.54155856978694,224.55255085098722,355.37277,140.73099,1.7429751,0.9467394,-4.62723,-2.471885002627235,-2.0209834698760334,4.469853127687407,3.1928967493054983
787611668,43.47646820712009,-80.54156109387141,224.10265486683087,355.37183,140.45972,1.7133213,0.940757,-4.6281743,-2.4699097342920817,-2.038955123970983,4.498959841563463,3.202778808022544
787831837,43.4764659993953,-80.54156364490039,223.65382524478235,355.37097,140.0203,1.6889263,0.92505306,-4.6290154,-2.4576392354957406,-2.0607209103675364,4.488296220485252,3.207266949019694
788150370,43.47646242728408,-80.5415677595615,222.92951641479942,355.3699,140.12682,1.6909688,0.995826,-4.630109,-2.4695358824695934,-2.0628897330556533,4.4940812608165155,3.217782081737559
788296906,43.47646020582099,-80.5415703273266,222.47731261697544,355.36902,140.01083,1.6643962,1.0015848,-4.63098,-2.4729327123289635,-2.0742403346824325,4.522037978239532,3.227672406817361
788738204,43.476456610099945,-80.54157448757954,221.7507237450592,355.36688,139.98657,1.6191896,1.0380834,-4.633112,-2.488035064059767,-2.0887030013767114,4.5108980488636,3.248537933894411
788860784,43.47645388319322,-80.54157768631747,221.1941169009321,355.36517,139.49457,1.5781049,1.0045164,-4.6348376,-2.4727739507800592,-2.1123539246439518,4.543957690842776,3.2521762121101507
789007532,43.47645111286484,-80.54158093342124,220.62871892407588,355.3654,139.64113,1.623406,1.0394667,-4.634602,-2.475870902404601,-2.104069066172654,4.536852260741499,3.2491604085668713
789166789,43.47644888368074,-80.54158352740974,220.1739683647947,355.36563,139.82196,1.6452377,1.0583504,-4.6343546,-2.4815277331995422,-2.0954235898931484,4.547505592812235,3.2478885312952395
789313605,43.47644666249749,-80.54158612054545,219.71499182811345,355.36545,139.72968,1.6504405,1.0302014,-4.634557,-2.4726212009622817,-2.09473470612218,4.5897653668124105,3.240643314602971
789533809,43.476444444773406,-80.54158871479524,219.25382210941058,355.3652,139.67348,1.6474072,1.002952,-4.6348004,-2.4687704448489636,-2.095634668501557,4.6116971870284935,3.2382884635537614
789668068,43.47644147425227,-80.54159219891041,218.63118274396464,355.364,139.57613,1.640213,0.9630659,-4.6359806,-2.4624061415803182,-2.0974417420208598,4.643931488068326,3.2346106206565217
789814453,43.47643870876622,-80.54159543902227,218.05476206407445,355.36288,139.63956,1.6149179,1.0115182,-4.637105,-2.4805376693721928,-2.1081521263770426,4.6361208036097805,3.255360581736296
789997792,43.47643647049597,-80.54159806334245,217.58848828897453,355.3619,139.60838,1.5901325,1.0307809,-4.6381044,-2.4916424442448117,-2.1199255096617007,4.662737750999059,3.271447116564271
790341851,43.476432596758386,-80.5416026254278,216.77984838837318,355.36075,139.5221,1.5668072,1.0296414,-4.639244,-2.4941136277610254,-2.128511314588624,4.664803034623454,3.2788966443782663
790562832,43.47642897532755,-80.54160689331947,216.02211636808838,355.36,139.38611,1.5452555,1.0191301,-4.6400023,-2.4960823708684714,-2.1404513207563474,4.707702046967094,3.2881543544499188
790929710,43.47642452768623,-80.54161219077456,215.08376276769394,355.35876,139.1731,1.5034387,1.0231664,-4.6412263,-2.5165951987422743,-2.1743301727308326,4.759658481083342,3.325802624086456
791088788,43.47642092023273,-80.54161653050582,214.32779437117551,355.35718,138.74709,1.4460404,1.0342991,-4.642826,-2.526157773885755,-2.215608314298085,4.750328971814022,3.360118048662909
791333484,43.47641810515263,-80.54161998374492,213.72995679953002,355.35654,138.22333,1.4001212,1.0400987,-4.6434565,-2.515065771115882,-2.2468866406589467,4.8142979685122596,3.3725443524156025
791554081,43.47641444527225,-80.54162452493937,212.95075441228425,355.3554,137.9434,1.3134058,1.0404985,-4.644601,-2.5295039931259966,-2.28210385738791,4.830381227024944,3.4068150033638664
791676532,43.47641216337661,-80.54162735508197,212.46693263464545,355.3559,138.01274,1.2992002,1.0653677,-4.64409,-2.540206224916717,-2.2861888538439086,4.8382177763877925,3.417500130291989
791799054,43.476409879554,-80.54163020841112,211.98302325727616,355.356,137.80426,1.2675668,1.0672319,-4.644016,-2.542351326468856,-2.30491893840338,4.839093773693126,3.431647065158146
791921427,43.476407604558375,-80.54163309818972,211.49840114758823,355.35593,137.33159,1.2393626,1.0532862,-4.6440635,-2.532525129817489,-2.334362794378024,4.84622109687921,3.4442609060484175
792203106,43.47640396002636,-80.541637804009,210.71606055770965,355.35638,136.62712,1.1671355,1.0319518,-4.643601,-2.5057271535047065,-2.3673028114918644,4.855428780702269,3.4471424642895285
792386979,43.476401713130564,-80.54164074244363,210.23135002258925,355.35657,136.4991,1.1420785,1.0127404,-4.643427,-2.5012443997061133,-2.373667137923396,4.847105351203941,3.4482632191755087
792509624,43.47639944553253,-80.54164366734382,209.74544959433396,355.35684,136.8934,1.150841,1.0404466,-4.6431665,-2.5242901295873983,-2.362734008363672,4.859004282552804,3.45753563287649
792669321,43.47639719747037,-80.54164658702793,209.2584228790886,355.35736,136.69705,1.162167,1.0110667,-4.6426535,-2.502542798730704,-2.358520470480104,4.870267152453516,3.438799102761398
792853711,43.476394969792395,-80.54164950592178,208.7685314247203,355.35764,136.44423,1.1634611,0.98200834,-4.642375,-2.479851124213023,-2.3578821056713783,4.898914543683258,3.4218810064796066
793037405,43.47639085539811,-80.54165481592399,207.86862541114647,355.35873,136.94373,1.2138928,1.0014116,-4.6412764,-2.492176294116148,-2.328571845353698,4.888257956758575,3.4107461822786553
793294432,43.47638642070502,-80.54166045423834,206.89906586447918,355.36047,137.40915,1.2959466,1.0174692,-4.63954,-2.4959298628728854,-2.2943892268645336,4.898105471188148,3.3902636777591053
793515218,43.47638198556196,-80.54166605532123,205.92761125035827,355.3621,137.51395,1.3523962,0.9882811,-4.637919,-2.495372218482255,-2.2854704575097258,4.930292113300702,3.383822944677036
793674688,43.47637840962502,-80.54167054025052,205.14181079078762,355.36438,137.76016,1.4316583,1.0021069,-4.6356344,-2.4968636903885733,-2.267182880336443,4.927178761233163,3.372602333698934
793919777,43.47637394739152,-80.54167607840982,204.16713674580498,355.36588,137.99182,1.449765,1.021356,-4.634125,-2.506776367576973,-2.257759692768797,4.913522796182385,3.3736340328099987
794079142,43.47637089568213,-80.54167987777487,203.49343304728447,355.36713,137.91595,1.4735025,0.97669864,-4.632878,-2.4870744503025843,-2.2459870268415947,4.945923543757865,3.3511187752881346
794384298,43.47636865390891,-80.54168262881358,202.99884292865903,355.36737,138.31482,1.4990313,0.98897165,-4.6326194,-2.4955419596242567,-2.222288729519971,4.945901186254277,3.3416009440980177
794629234,43.47636641509359,-80.54168538013802,202.49986256518525,355.3679,138.27429,1.4969816,0.9607021,-4.63211,-2.492249210296008,-2.222519546140482,4.989803634737893,3.3392962221398643
794973105,43.47636228027563,-80.54169039767564,201.5668512669272,355.3701,138.82011,1.5482503,0.9411861,-4.629922,-2.468359737497034,-2.1593559390307018,5.0065165771519515,3.2795758666515993
795119765,43.47635952603259,-80.54169367561997,200.93494298755405,355.37155,139.22716,1.6073694,0.93523043,-4.6284347,-2.460390020023043,-2.121717182523517,5.087050947469503,3.248877168075845
795241654,43.476356839467364,-80.54169685771801,200.31225161626426,355.37277,139.40247,1.6517607,0.91864794,-4.6272407,-2.4535585970425524,-2.1027712785777495,5.114466530183236,3.2313459794848525
795364241,43.4763541363195,-80.54170001230628,199.683476309437,355.3754,139.923,1.7214112,0.93574697,-4.6246114,-2.4585987271439853,-2.068645749873394,5.140571962708636,3.2130986507705113
795524003,43.47635192055508,-80.54170248442742,199.1719301802347,355.37625,141.00597,1.7556161,0.9409568,-4.6237464,-2.466588946218585,-1.996979156195399,5.115461292022965,3.173639358825542
795658838,43.476349715292564,-80.54170489796216,198.65622039931887,355.3772,141.5438,1.7842005,0.9354915,-4.622811,-2.4548982398023895,-1.9496530628399185,5.1570978091584685,3.134911870089165
795867780,43.47634641636303,-80.5417083550731,197.89199691316387,355.3784,143.13951,1.8432753,0.9476833,-4.6216145,-2.4636412041900537,-1.847099217224348,5.110752865365278,3.0791725351551538
796051622,43.47634235903278,-80.54171244263199,196.9471954027232,355.37924,144.12369,1.883735,0.95833,-4.620749,-2.4643135997133756,-1.7823137897621046,5.151547951787502,3.0412964279906114
796235255,43.47633828311461,-80.54171637298924,196.00208980911583,355.38345,145.59712,1.9914802,0.99193877,-4.616551,-2.4742249461347328,-1.694319612518182,5.138273790774959,2.998751078939228
796701568,43.476335237886026,-80.54171919382551,195.30269002594048,355.38425,146.16832,2.0296116,1.011457,-4.6157503,-2.483147576791585,-1.664311091816791,5.111395223547259,2.989306491223394
796823825,43.47633301628376,-80.54172125279696,194.7938160741168,355.3844,146.0778,2.0346005,0.9808869,-4.615595,-2.473087639041273,-1.663236884091964,5.088739518236869,2.980355583312616
797043786,43.476329995704106,-80.5417240633874,194.09296817111937,355.385,146.00443,2.0403326,0.94788,-4.614994,-2.457348690663178,-1.657226334968234,5.141751704576682,2.9639436082382336
797632136,43.47632697926598,-80.54172683956412,193.38436479921515,355.38596,146.29425,2.102994,0.9411161,-4.6140347,-2.453299229284344,-1.6365028703397255,5.188427831353236,2.9490369195785453
797816628,43.47632341606257,-80.54173010493989,192.54555255303967,355.38635,146.40897,2.1080978,0.989677,-4.613638,-2.460081267543896,-1.6339192489231524,5.203462794926288,2.953251082268824
797976302,43.476320389128816,-80.5417328469912,191.82764789385809,355.38776,146.71541,2.1599069,1.0179497,-4.6122575,-2.466105626428621,-1.618979762377121,5.267655618611195,2.9500461745012707
798098653,43.4763176780258,-80.54173528892962,191.18549859223089,355.38837,146.7479,2.1827848,0.9995339,-4.611644,-2.460810818435212,-1.6135072084941957,5.255365622145267,2.9426170997923786
798220801,43.47631547133413,-80.54173731157633,190.65736149593667,355.38806,146.37079,2.1580229,0.992185,-4.611941,-2.4564891642723343,-1.6338937716579671,5.281370962942229,2.9502453917005087
798405115,43.47631329240985,-80.54173931557408,190.1271440752376,355.38812,146.28088,2.175216,0.96767485,-4.611888,-2.4255785121761395,-1.6188291322993613,5.302174206990827,2.9161685270765334
798564834,43.47631031988233,-80.54174206298526,189.39890381606662,355.38815,146.08658,2.1815546,0.94698066,-4.611845,-2.4208980334303125,-1.6275993913506415,5.334690946592671,2.917160788676506
798760782,43.47630607812734,-80.5417459682093,188.34209367827003,355.38928,146.25568,2.2323673,0.9140914,-4.6107264,-2.4066256749595505,-1.6077113089793575,5.400204777746044,2.8942326776530307
798931470,43.47630284449198,-80.54174891630807,187.53378123705937,355.38925,146.66443,2.21794,0.93358505,-4.6107454,-2.4259101305189246,-1.5956817251275601,5.442862616517952,2.9036597819407857
799066223,43.47630064458391,-80.54175085967444,186.9863341126244,355.3897,147.33876,2.2393517,0.9536939,-4.610293,-2.448937671558747,-1.5698511249703144,5.47447124434957,2.9089049956556057
799213494,43.47629792130283,-80.54175327556042,186.30418298653552,355.39062,147.15248,2.2598193,0.9461528,-4.609362,-2.4251954076740336,-1.565780096305538,5.471154916768109,2.8867351931532967
799592717,43.47629574290361,-80.54175519852213,185.75853820543972,355.39252,147.35776,2.289863,0.9463294,-4.607491,-2.4249940069234945,-1.5533682204149994,5.456447810958055,2.879852211800135
799775844,43.47629196383778,-80.54175849579103,184.7973490586557,355.39304,147.92108,2.3322892,0.92155904,-4.6069536,-2.401435666559862,-1.5051867867917108,5.510114825444285,2.8341631081781733
799997235,43.476288457977766,-80.54176149237512,183.91330892242897,355.3922,148.32388,2.3473742,0.9483548,-4.607792,-2.4329993613932173,-1.5012506821042368,5.474836056655309,2.858887808756797
800215242,43.476284967638236,-80.54176438282728,183.04021474538078,355.39313,149.09677,2.3937027,0.94738203,-4.606871,-2.429702366054168,-1.4543325521078951,5.458656218259251,2.8317020958656447
800374025,43.476282793538935,-80.54176617096775,182.4948020788968,355.39343,149.16985,2.4125705,0.93030804,-4.6065764,-2.4202073394512587,-1.444459659016115,5.454126664839599,2.818486699003331
800484192,43.47628039031587,-80.54176812585189,181.89103561389356,355.39374,149.49362,2.4585822,0.9703263,-4.606267,-2.429638632270657,-1.4315310876707172,5.484997938890922,2.8200044571577783
800704062,43.47627604566857,-80.5417716157837,180.80178494988735,355.39334,149.82555,2.4845037,1.0041465,-4.6066585,-2.440138726593255,-1.4187383570601801,5.510506121964891,2.8226043879392613
800924399,43.476273856647374,-80.54177337531587,180.24729994635663,355.39328,149.7458,2.4694786,0.9820952,-4.6067076,-2.436818392481714,-1.421349859499367,5.544850035307082,2.821049326232357
801230486,43.47627032617611,-80.54177625908916,179.35279720188,355.39316,149.30482,2.4317257,0.95811063,-4.6068354,-2.4357807086023238,-1.4459832850757843,5.55353648414778,2.832648111064591
801389407,43.47626685116807,-80.54177914302859,178.47276140824073,355.391,148.83487,2.377836,0.9535052,-4.6089954,-2.435416974868872,-1.4729158989192537,5.543207024018155,2.8461793841514207
801634998,43.476264651632135,-80.54178100639993,177.91907077929133,355.39053,148.41885,2.3497744,0.9605378,-4.6094546,-2.448523403935031,-1.5052311451616187,5.53690628949383,2.874193392933424
801855704,43.476261101824356,-80.54178403328794,177.02080716159264,355.38998,148.25694,2.309993,0.98026353,-4.6100082,-2.452599011884391,-1.5173037598823642,5.584846183821214,2.883999412768569
801977964,43.476258405878376,-80.54178635770093,176.33753455321963,355.38892,147.87991,2.2516944,0.9844704,-4.611081,-2.455873437422986,-1.541766907567359,5.5898794454923575,2.8997171479145356
802173479,43.4762540758983,-80.54179010952504,175.23951062629047,355.38873,147.83359,2.2092001,1.026126,-4.611274,-2.4678962216665346,-1.552097527771427,5.61793157811297,2.9153933691064973
802295904,43.47625136593278,-80.54179246719848,174.5507554974514,355.38885,147.8005,2.2120686,1.0258982,-4.6111403,-2.4662780942010434,-1.5530677028725268,5.628307130361976,2.914540603189751
802504682,43.47624722233947,-80.54179605261639,173.50388731928422,355.38727,147.93443,2.1801918,1.0717059,-4.612725,-2.4876033358024947,-1.5583877268440331,5.630074332880856,2.9354288721537456
802627716,43.476244987804904,-80.54179798183225,172.9410388120745,355.38782,147.93266,2.1867132,1.099411,-4.6121836,-2.487483876893859,-1.5584203269286994,5.628485072097018,2.9353449462016314
802762346,43.47624197712055,-80.54180057204886,172.18062436118308,355.3885,148.05266,2.2145338,1.1364272,-4.611514,-2.4897320188849643,-1.5525771799106582,5.6538075624368185,2.934154294756895
803019642,43.47623974181182,-80.54180248863581,171.61463953416433,355.3891,148.11063,2.2434468,1.1298398,-4.6109066,-2.488345686223557,-1.5482186994803508,5.659848270187653,2.930673198356994
803166446,43.476236460628186,-80.54180528193785,170.7816278989316,355.38858,148.23546,2.2407541,1.1355653,-4.611417,-2.489896880779616,-1.5416689576301632,5.67209455667679,2.928537118056818
803374411,43.47623422887218,-80.54180718796775,170.21318421677856,355.38892,148.21161,2.2500677,1.1082766,-4.611083,-2.4843907823874236,-1.5396907129634707,5.6844368215301975,2.922814576944209
803496620,43.476231993238734,-80.54180907709542,169.64300891289386,355.38974,148.48401,2.2764611,1.1188259,-4.6102533,-2.488707155311929,-1.5260371078301536,5.701753038846845,2.9193239901346018
803619289,43.476229759272265,-80.54181097470784,169.07213245956058,355.38953,148.35039,2.2483027,1.1109691,-4.6104746,-2.4868514720457715,-1.5328910763971693,5.7087645333329435,2.921332794481706
803754212,43.47622675238197,-80.54181352789564,168.30025067404915,355.3889,148.35144,2.2527845,1.0748929,-4.6111197,-2.4761100976532604,-1.5262076786301586,5.727724762618171,2.908682020092622
804023071,43.476222620268125,-80.54181696777756,167.23375392550528,355.38922,149.41718,2.2466576,1.0837313,-4.6107697,-2.476383081133242,-1.4635267845540274,5.777022088335891,2.876522868608908
804182279,43.47621910313884,-80.54181963421333,166.30385813244362,355.39215,152.32645,2.3479552,1.0761718,-4.6078377,-2.4490475094552284,-1.2843368395221062,5.8382800388592555,2.7653851125878455
804426838,43.47621637354959,-80.5418214271098,165.57761891301854,355.3932,154.9817,2.4077754,1.0715172,-4.6068068,-2.439589530022014,-1.1385475352438779,5.830722149720269,2.69219010565802
804830334,43.476212874895865,-80.5418234413648,164.63733146881586,355.3949,158.24553,2.4967759,1.0683086,-4.605116,-2.411352995062664,-0.9622501797162496,5.8350965749099295,2.5962566658867985
805013511,43.476209407659134,-80.54182510320393,163.69279037643432,355.3955,161.82027,2.5712142,1.06705,-4.604489,-2.3857025611494245,-0.7834441988672862,5.87325774877549,2.5110478934129725
805233610,43.47620518935875,-80.54182665299274,162.52733074910677,355.39624,166.5261,2.6644607,1.0652332,-4.603768,-2.3605132672325633,-0.5655724029985386,5.891493324786348,2.427322604808535
805417395,43.476201776721744,-80.5418275520875,161.57439685339432,355.39777,170.14977,2.7435887,1.0620743,-4.6022363,-2.346765952088082,-0.4074764272934349,5.8974355281101065,2.381878979436131
805576835,43.47619843818067,-80.54182813742736,160.63104195106,355.39862,173.5991,2.802647,1.0588101,-4.6013947,-2.3262900913094384,-0.2609722037571181,5.92194468465948,2.340882756581013
805698784,43.47619634498765,-80.54182835826916,160.0386062517467,355.3989,175.62196,2.8293247,1.0638034,-4.6010914,-2.3301424661070658,-0.17839597178364597,5.924356993133269,2.3369614962819028
805821397,43.47619400475826,-80.54182849017609,159.373155919045,355.40002,177.87982,2.884339,1.0585872,-4.599982,-2.322214107135038,-0.08597078810015178,5.934380699787659,2.323804926361837
806004712,43.47619064069268,-80.54182842282374,158.41527554997475,355.4005,181.95622,2.981316,1.067008,-4.5994782,-2.328345334368793,0.07952679527500683,5.964979990306088,2.329703094225451
806114670,43.47618856705439,-80.54182823289503,157.81562845367924,355.4007,183.80254,3.0068707,1.0622756,-4.5993066,-2.3083741421864374,0.15342439451508152,5.996470962955179,2.3134671437362777
806275319,43.476185997996055,-80.54182782797281,157.07144127860232,355.40137,187.03273,3.067624,1.0648199,-4.5986185,-2.298921575358743,0.28360498810091705,5.986486549981193,2.316348894041147
806407486,43.47618392634495,-80.54182736461486,156.471504703097,355.40186,189.21898,3.0960891,1.0689743,-4.5981402,-2.3061620072086155,0.3743004940283784,5.999365755053372,2.3363398860872873
806689850,43.47617986167509,-80.54182623186144,155.27729135050802,355.40344,192.22496,3.1761632,1.0595915,-4.5965447,-2.2867373274338885,0.4954531232328512,6.0469694556307685,2.3397951624021855
806812184,43.476177360115855,-80.54182539928733,154.53701289619775,355.40433,194.08948,3.231111,1.0509753,-4.595661,-2.2671542881571227,0.5690269268208006,6.040659655409987,2.3374730393645944
807068989,43.47617530200226,-80.54182461605122,153.92935544922497,355.4044,195.43779,3.2568502,1.0652426,-4.5956182,-2.29109204823917,0.6326980442162631,6.076574469727925,2.376848667597464
807472316,43.47617274385816,-80.54182358465674,153.16992674045602,355.40497,196.46577,3.3085785,1.0668631,-4.595025,-2.2862954766138577,0.6757463411982263,6.104672949227576,2.384067978063498
807619321,43.47617018519628,-80.5418224813355,152.4079786549511,355.40646,197.52875,3.3626537,1.0759454,-4.59354,-2.2878211793447627,0.7226097862409117,6.122745212038324,2.3992270946764496
807803420,43.47616687487108,-80.54182086582587,151.42020924323643,355.40707,200.00409,3.4216278,1.0801412,-4.59292,-2.29433779837081,0.8352562513006507,6.122509452347136,2.4416467677307114
808085928,43.476163558835296,-80.54181907281601,150.4313079133275,355.40808,201.78268,3.4850461,1.0713301,-4.591925,-2.2786828872858234,0.9106093520539338,6.108757419604593,2.45389590098222
808208448,43.476161052689285,-80.54181763592779,149.68267815550985,355.40942,203.2123,3.5702448,1.0784254,-4.590583,-2.2769615591783223,0.9764852972052172,6.0808544364533965,2.477514374859153
808330676,43.476159004250995,-80.54181639299733,149.0603936287997,355.40994,203.76418,3.6128418,1.0843954,-4.5900607,-2.2803215063435065,1.0040390701188031,6.222845267101507,2.4915779391015946
808551573,43.47615616495588,-80.54181459938322,148.2051509911723,355.40985,204.905,3.6604302,1.1182885,-4.5901423,-2.3254478510079903,1.079683300901968,6.260553731681502,2.5638689003153514
808734562,43.47615281254504,-80.5418123761617,147.18565424332576,355.41068,205.76376,3.703718,1.1004257,-4.5893307,-2.3150425746478094,1.11732990245388,6.351474862129498,2.570573522261045
809016070,43.47614946313832,-80.54181008492279,146.15338932923635,355.41138,206.37543,3.7016835,1.0902675,-4.588626,-2.3150071919245745,1.1479426895794427,6.4460741611914,2.583995107816845
809175750,43.47614616473056,-80.5418076865667,145.11870398769906,355.41183,208.20537,3.7765777,1.0581313,-4.5881605,-2.2883606336366635,1.2272845539083046,6.507124503592877,2.5966943920761834
809481197,43.47614412778582,-80.5418061136013,144.4702105592862,355.4126,209.26471,3.8046412,1.048311,-4.587403,-2.267526884374057,1.2706412632873696,6.484934284128637,2.5992705498519464
809603599,43.47614209061927,-80.54180451586217,143.81650842038434,355.41275,209.64542,3.8255293,1.0525585,-4.587243,-2.267773805499428,1.2906534767679474,6.5370213890186015,2.6093264322431082
809726128,43.476140052021485,-80.54180283947075,143.16208962319118,355.4129,210.82559,3.8547843,1.0566819,-4.58711,-2.2693670552982996,1.3541887788332363,6.54418797193173,2.6426982575373845
809860639,43.476138029389645,-80.54180111225719,142.50331555318752,355.41245,211.78522,3.876987,1.0482485,-4.5875497,-2.251593760145647,1.395242897540396,6.587740700036665,2.6488445035267234
810006908,43.47613602002776,-80.54179932163461,141.8434645698522,355.41147,212.88916,3.9051175,1.0427786,-4.5885406,-2.236821656089155,1.4464647098722785,6.598509833353336,2.663762616686278
810410304,43.476134014722824,-80.54179747240917,141.1841754853783,355.41174,213.78947,3.9372437,1.0403669,-4.588269,-2.23230545345877,1.4938040819562655,6.592890844739081,2.6860078690895466
810533179,43.47613155806521,-80.54179515067996,140.37482662930157,355.4116,214.59985,3.9790366,1.033176,-4.5883994,-2.2207815024251403,1.5320064935210727,6.58339766467031,2.697946325949498
810716684,43.476128354558355,-80.54179200891042,139.31287594897825,355.41266,215.74678,4.0378585,1.0287219,-4.587342,-2.207395082235073,1.5889089031543704,6.595352152245553,2.7197839163431365
810851359,43.47612567604092,-80.54178926448314,138.42244607538234,355.4134,216.82349,4.097394,1.0373745,-4.586595,-2.216076322380282,1.6592544517914491,6.620111343830425,2.768414637008745
810973877,43.47612322706959,-80.54178668071587,137.60907852959036,355.4145,217.68784,4.1526523,1.0379009,-4.585517,-2.2207293989092953,1.7156215759577902,6.636882725951806,2.8062424084657995
811157571,43.47612072421088,-80.54178397869056,136.78003190154945,355.41583,218.09773,4.201509,1.0558351,-4.584159,-2.241754584997225,1.7576169027521815,6.659431645785385,2.8486278795582014
811304547,43.47611774685455,-80.54178073702691,135.79731493404836,355.41663,218.52519,4.2462163,1.0841066,-4.583383,-2.2537774941431126,1.7943544386718926,6.69761305370286,2.8808368306253533
811488804,43.476114031751656,-80.54177653054809,134.56168881551434,355.41928,219.83247,4.3218937,1.0783947,-4.5807233,-2.235738871526363,1.8648951658163033,6.699082259055483,2.911419289820515
811684732,43.476110138480514,-80.54177199106597,133.2404781931403,355.42026,220.66794,4.3245883,1.038494,-4.579746,-2.195112563719725,1.8859588339486477,6.716265770144522,2.89402140468054
811831276,43.47610769351923,-80.54176903252177,132.4062425045629,355.42184,221.39465,4.379585,1.0264468,-4.5781646,-2.1842647620013,1.925325759517371,6.697995767254296,2.9116819590713776
812112326,43.476104988252274,-80.54176573259943,131.48499619691688,355.42188,221.51474,4.415129,1.0383847,-4.5781307,-2.210647737894383,1.956830139452154,6.747319915256365,2.952312249022093
812368734,43.476102967598095,-80.54176328264633,130.81144333910717,355.42224,221.34213,4.4306674,1.0642693,-4.5777545,-2.249392225969351,1.9790718132996463,6.735528578097158,2.9960792093081423
812515936,43.47609996585456,-80.5417596673969,129.81681749809442,355.4242,221.27675,4.4506516,1.0965621,-4.5757914,-2.26659970472505,1.989627430552925,6.778195685901499,3.015972734271369
812638492,43.47609747030205,-80.541756632788,128.98857564503538,355.42734,221.45915,4.502063,1.0960883,-4.5726514,-2.266172395239981,2.0020610260995024,6.7474157490096305,3.023869322106083
813274365,43.47609418324092,-80.54175261585155,127.90549651432414,355.4305,221.59258,4.5302877,1.089079,-4.569502,-2.2825701743590283,2.0260313815431283,6.728509080928844,3.052036985337983
813421354,43.4760916316681,-80.54174946118806,127.0676761141967,355.43375,221.97433,4.5781455,1.1113739,-4.566244,-2.281053370272522,2.052020344284161,6.729100621838079,3.068222933782309
813605075,43.476088311690674,-80.54174532834693,125.97380225492495,355.43613,222.10246,4.631927,1.1311172,-4.563864,-2.304801145504381,2.082727916565052,6.830292567063805,3.1064230064107026
813825089,43.476086252932426,-80.54174275996547,125.28606014679536,355.4367,222.15404,4.6182923,1.1041125,-4.5633016,-2.2918096775984202,2.0747382350487005,6.8774210812958625,3.091428527769447
814105944,43.476082952224544,-80.5417386300321,124.1761739220621,355.43817,222.33331,4.5924964,1.0653176,-4.561815,-2.2727009227163837,2.070415565174308,6.881537390914106,3.074376375239692
814350723,43.47607893538541,-80.54173356583146,122.82154536455417,355.4398,222.51617,4.603944,1.0494328,-4.5602117,-2.265762929570305,2.0773664178853637,6.839962229250366,3.073944190640565
814595776,43.47607689477237,-80.54173099472281,122.13688372316093,355.4403,222.43678,4.59837,1.0801855,-4.5596843,-2.2716104349289177,2.0769412551934767,6.846616413932352,3.0779699390349156
814804959,43.4760741152489,-80.54172749206792,121.19738237449076,355.441,222.47632,4.5643406,1.0650792,-4.559004,-2.2602346569700194,2.0694050590743824,6.881511934124799,3.0644898438550956
814963879,43.476072050696914,-80.54172495214436,120.50857467198196,355.4416,221.75659,4.5486374,1.0899771,-4.55842,-2.298259270069284,2.0517499407075417,6.888077025088029,3.080855967365693
815109922,43.47606997706093,-80.54172242178339,119.81827472787262,355.4419,221.52437,4.529053,1.1078551,-4.558116,-2.30837157621068,2.044025276949643,6.902999441093293,3.083280504051885
815219739,43.476067714287254,-80.54171962459715,119.05831077446265,355.4434,222.04745,4.5747824,1.0635015,-4.556623,-2.2878613710595888,2.063433630427788,6.923700811138769,3.0809199925293522
815452390,43.4760656476584,-80.54171709044996,118.36412958346423,355.4432,221.66318,4.5515237,1.0774446,-4.5567966,-2.300571238262649,2.0470837873774634,6.941811909984235,3.07947723727015
815684035,43.476063514934104,-80.54171457898158,117.65933475620372,355.4428,220.51463,4.545629,1.1053705,-4.557198,-2.374148687856967,2.0287638580005107,7.047948272605054,3.1228936555031894
815806356,43.476061363667576,-80.54171208064655,116.95127799870397,355.44183,220.12175,4.5385046,1.1305071,-4.558161,-2.3947898999152626,2.0181547370535626,7.080567574997526,3.131767425500797
815928798,43.47605918690685,-80.54170959795962,116.25093628606533,355.44022,219.61255,4.5286155,1.1531893,-4.559798,-2.423170035650666,2.0055141931356184,7.0034171263865455,3.1454475358116625
816063444,43.4760562452103,-80.54170631042147,115.30899643087653,355.43787,218.9155,4.437383,1.1457182,-4.5621395,-2.4327867067841504,1.9640980378763624,6.9715535297442095,3.1266807101294254
816210023,43.4760530818759,-80.5417028086553,114.28371149804809,355.43463,218.7109,4.381402,1.0880059,-4.565368,-2.3929093912126564,1.9178298475917637,6.998810087325352,3.0666083347678383
816332026,43.476050911581616,-80.54170045963362,113.5855831881421,355.43335,218.1466,4.361738,1.1059998,-4.566637,-2.415971591347943,1.897539429036857,6.981283099060074,3.0720635759941284
816515056,43.476047478281735,-80.54169671613363,112.45118176933224,355.4265,218.21802,4.317913,1.0919855,-4.5734816,-2.3785804316748895,1.8729693043373286,7.052602153598676,3.0274839198477275
816624972,43.476045141106496,-80.54169423804386,111.67428304384774,355.41794,217.5088,4.259359,1.0738281,-4.582068,-2.359323924618728,1.8109493994815467,7.060594480163698,2.9742136958801217
816784410,43.476041818069994,-80.54169071248654,110.54826150410068,355.4015,217.52347,4.2332287,1.0013067,-4.598504,-2.3101087896506183,1.774112239737293,7.08617406539428,2.9127438711988938
816931402,43.47603883398026,-80.54168757419623,109.50111800928462,355.37885,217.39355,4.1725187,0.97699225,-4.6211452,-2.2316972998619438,1.705863409826586,7.150864399987525,2.808993202411903
817188888,43.476036973392915,-80.54168545779301,108.79538399301228,355.36584,219.5372,4.1846304,0.94528514,-4.634169,-2.0712058346788207,1.7096302626529198,7.057340162723539,2.6856524802338595
817299419,43.47603520644589,-80.54168333126643,108.0953521110398,355.35098,221.13165,4.1946917,0.91111666,-4.649032,-1.9669654222329702,1.7178079217615139,7.0003188197246775,2.6114779394677528
817519887,43.47603192102032,-80.54167939257745,106.6966362491186,355.31454,220.76785,4.148894,0.863013,-4.6854615,-1.8163525423376594,1.5660562924340067,7.042103856023557,2.398263719679015
817679274,43.47602951897101,-80.54167641149431,105.5827237527894,355.25168,222.78714,4.1063128,0.76739454,-4.748333,-1.588632736328798,1.4704278673248559,6.9667690368365625,2.164696764893653
817923358,43.47602818413803,-80.54167464702743,104.88149141179917,355.2256,223.80753,4.0955,0.7394075,-4.774428,-1.4859360697569997,1.4253361314152257,7.0123234099022795,2.0590262482354618
818107609,43.476026996629294,-80.54167300631143,104.1765669139053,355.1982,225.07436,4.0778437,0.71272343,-4.801802,-1.3219347294320174,1.3253701893410856,7.049244978938673,1.8719288361667294
818328180,43.47602592299905,-80.54167138928014,103.47093688768865,355.16907,227.5425,4.077767,0.68853354,-4.830928,-1.195165187545404,1.3062376708058432,7.056300262166458,1.7705018153486076
818463137,43.47602461383352,-80.54166929441975,102.5102043765304,355.07886,230.16718,4.0605574,0.6117169,-4.921131,-1.031802226356241,1.236965581810595,7.129574696365276,1.6108071532302428
818646301,43.476023818764446,-80.54166777953903,101.800156483611,355.04816,234.1232,4.0631647,0.5859899,-4.951831,-0.8850708931014316,1.2237204656492968,7.100478929193772,1.5102457627367467
818769097,43.476023001716186,-80.54166598389388,100.93183578656615,354.98468,238.62628,4.043984,0.5352605,-5.015313,-0.7055250438364541,1.1570283563440926,7.084832158525417,1.3551679618647805
818916474,43.476022508502716,-80.54166452758297,100.22054312840567,354.9524,244.98091,4.0499206,0.5065069,-5.0476193,-0.5490452359321418,1.1764077803670412,7.1129265816048735,1.2982241473674296
819051702,43.47602203602213,-80.5416625664781,99.25824631583788,354.88644,253.40332,4.0455294,0.44141072,-5.113556,-0.3489052621674466,1.1706275303461835,7.1102367803090765,1.2215169654051226
819259391,43.47602189449384,-80.54166112046485,98.54951478670887,354.85184,262.31842,4.0480356,0.42103568,-5.1481633,-0.15754928815373576,1.1680893166160573,7.087315291290133,1.178666377644801
819381608,43.47602186636266,-80.5416593742153,97.68105508301781,354.70483,272.29166,4.034167,0.31803274,-5.295163,0.045614181053082195,1.1398296760764952,7.125300310546195,1.140742014645639
819578091,43.47602208029021,-80.5416579552984,96.9690306521156,354.66592,281.73724,4.0316477,0.2901129,-5.33408,0.2381441550509832,1.1462008839041755,7.120244309022032,1.1706789076632669
819724559,43.47602248662906,-80.54165661654002,96.25766346162524,354.6266,292.69806,4.0264354,0.2609864,-5.3734183,0.45233640832490873,1.0814488565848228,7.1136719049035335,1.1722371158195337
819908399,43.47602304564482,-80.54165529546827,95.5441018841995,354.58432,300.24783,4.026607,0.22903803,-5.415693,0.6222963442856733,1.0671616025391424,7.135615774257298,1.2353487872035265
820030834,43.47602375971661,-80.54165402889919,94.82864136031367,354.5408,307.84473,4.022699,0.20005986,-5.4592032,0.7949047185483554,1.0231343502109465,7.154605238858292,1.295637839117095
820434761,43.47602506178471,-80.54165242784951,93.85500256614151,354.4498,320.75995,4.0162044,0.1433386,-5.550196,1.1289913827827063,0.9220981257445122,7.0858814798202125,1.4576990416060338
820680447,43.476027299292014,-80.54165060867754,92.70587247259277,354.3584,331.67374,4.0012145,0.08427756,-5.6415954,1.6929081551699785,0.9125386163086923,7.151712773694556,1.9231912926424148
820876552,43.476029079941306,-80.54164968846368,91.97928196517225,354.31168,339.44354,3.988675,0.040142257,-5.6883364,1.982218790741995,0.7433486507691375,7.265905074205305,2.117016426712593
821023591,43.47603098247283,-80.54164865934032,91.2353627210434,354.26627,338.56882,4.0375457,0.017308252,-5.733746,2.1178980941033205,0.8313257162604322,7.439192441288571,2.275213129252378
821182216,43.476034239817416,-80.5416470334455,90.02223902981123,354.17642,341.72156,4.0734577,-0.030743528,-5.8235803,2.3708354085678396,0.7830892604920889,7.818417726461857,2.4968158371047475
821304560,43.47603701592233,-80.5416459029431,89.06466978286088,354.0493,344.36722,4.034179,-0.12693566,-5.950714,2.6165467661068007,0.7321663124906485,7.833798957967524,2.7170543771463445
821426550,43.476039544272474,-80.54164505310742,88.28796487848695,354.00607,346.29266,4.028212,-0.15105689,-5.993935,2.8145593794533528,0.6864971601578012,7.767049043739388,2.8970714266951667
821585099,43.47604331432527,-80.54164380492102,87.23436936770224,353.917,346.55835,4.0567174,-0.20180716,-6.0830045,3.1518968783571815,0.7533101476174097,7.6961916969691355,3.240668158004011
821707462,43.47604688224804,-80.54164270401384,86.2880853808372,353.8266,347.4941,4.0640244,-0.25588593,-6.1734047,3.2521563471847315,0.7213361616265552,7.746003873312401,3.3311929941995357
821830577,43.47605002424439,-80.5416418247852,85.52294685811336,353.78552,348.5215,4.0658135,-0.2781857,-6.2144847,3.497670333639169,0.71024078562842,7.651385227238562,3.5690530587803835
821965321,43.4760544841066,-80.541640612921,84.49733272230063,353.70734,348.90408,4.0825877,-0.31357437,-6.292679,3.7259103475635267,0.7307194648143142,7.591739050515516,3.7968880486971797
822112115,43.4760595651127,-80.54163922431555,83.36538432164542,353.59436,348.60068,4.0624022,-0.3571108,-6.405645,3.8968910244183803,0.7857041469135191,7.744315519155712,3.9753101341492383
822234581,43.47606404074453,-80.54163800514112,82.39817496466333,353.52216,348.83517,4.09366,-0.41210932,-6.4778457,4.086569210446723,0.8065551811974203,7.912016828088517,4.165402642252914
822369574,43.47606776619663,-80.5416369817478,81.61507802714203,353.48914,348.72644,4.104151,-0.44060045,-6.510863,4.147173275325463,0.826697003373561,7.830969375212914,4.22876744583579
822480291,43.476071640464816,-80.54163592323074,80.83915507196087,353.45984,348.78586,4.12517,-0.46313402,-6.540165,4.3128353431884054,0.8550699520409818,7.759229551811671,4.396782155206057
822639910,43.47607795376249,-80.54163416208935,79.59764132292042,353.34894,348.32535,4.206462,-0.529273,-6.6510506,4.437909560050452,0.9169986552142776,7.798554797748282,4.531658393662521
822798692,43.476084433322384,-80.54163221546703,78.33308221394219,353.29852,347.511,4.267575,-0.57199925,-6.701471,4.588373441192308,1.0162949396892504,8.014026771843115,4.699577240590575
823131170,43.4760885017885,-80.54163064214852,77.51970191070541,353.28113,344.3249,4.312707,-0.55869925,-6.718866,4.529016486182689,1.2709265071187983,8.133803032367709,4.703960514142501
823632137,43.476096634616326,-80.54162740176822,75.90120610884463,353.24457,343.78564,4.3602095,-0.6252613,-6.7554364,4.596630468008786,1.3366942440532046,8.186403548717795,4.787041169815822
823913564,43.476103284587694,-80.541624549704,74.58620903754405,353.2241,342.44598,4.4353266,-0.6074545,-6.7759013,4.6200338140628725,1.4614804129854788,8.169656712686725,4.845682350363521
824035881,43.47610739011024,-80.54162260915344,73.77754713436588,353.21765,341.06833,4.4696155,-0.5937703,-6.7823467,4.57026769752684,1.567576512830445,8.086619031781836,4.831629430185529
824158834,43.47611146877772,-80.54162066208244,72.96548735532599,353.2157,340.89325,4.4613214,-0.5628627,-6.784317,4.540372634927415,1.5728437116639724,8.120597790398588,4.805082830224534
824342892,43.47611554459185,-80.54161856729328,72.1470574031589,353.21375,339.54675,4.4922748,-0.55274934,-6.78626,4.5371962932318795,1.6921704236248516,8.18429952167105,4.842477769273476
824465497,43.476119633874674,-80.54161641112253,71.33273794101348,353.2116,339.0622,4.5213375,-0.55851436,-6.788376,4.552189638406746,1.7417544660159838,8.143194621454231,4.874026992529316
824588176,43.4761245963708,-80.54161362410463,70.32977675912133,353.20657,337.43015,4.592725,-0.51762444,-6.7934155,4.493113645501982,1.8675291408697121,8.206598140913849,4.8657718116855495
824710233,43.476128628146505,-80.54161116753458,69.5243540993838,353.20477,336.14767,4.6214213,-0.51808274,-6.795241,4.488172714612611,1.9844169876145137,8.054226597375111,4.907301202996021
824832513,43.47613355335958,-80.54160809238464,68.53281091886947,353.19992,335.22794,4.696412,-0.49138728,-6.800066,4.4757439797007486,2.065436331736881,8.116898159625308,4.929331740944831
824967035,43.47613899429424,-80.54160444804344,67.44864142401258,353.19547,333.69662,4.7774243,-0.51648873,-6.8045373,4.524207523736668,2.236333755810524,8.058068083113236,5.046745722266288
825211492,43.47614697124478,-80.54159877099067,65.85752997925152,353.19104,332.10358,4.8562293,-0.48115474,-6.8089676,4.47255844334356,2.3677394662097675,8.033758526603478,5.060629329339493
825321681,43.476150990297775,-80.54159574035108,65.06325871339385,353.1892,331.3128,4.8881936,-0.47510633,-6.8108063,4.474009793220586,2.448150300359238,7.94271265857682,5.100019953194569
825676628,43.476154912713724,-80.5415925290473,64.27214101451148,353.18912,329.28552,4.8937616,-0.45820117,-6.810884,4.366433433051533,2.594090799859493,7.9111769888239785,5.078882554576928
825798695,43.476159651883826,-80.54158850251594,63.29922432071112,353.18677,328.18695,4.949633,-0.41453502,-6.813218,4.312703845571516,2.6753501110857365,8.001452252596918,5.075126863093553
825921012,43.47616349396068,-80.54158513445688,62.49509656963727,353.18628,327.53842,4.9769516,-0.39832312,-6.813731,4.276999943996447,2.720717690850484,8.041277510738338,5.069026856730234
826204340,43.4761672842618,-80.54158169283322,61.67635304948129,353.18668,326.61908,4.990623,-0.3726662,-6.8133183,4.219363214916752,2.780143176823885,8.187435201559765,5.052941917638974
826351410,43.47617193732821,-80.54157729365915,60.66147562522008,353.18497,325.3573,5.0169272,-0.3316367,-6.8150363,4.154383142207564,2.8704896693064814,8.145255606922433,5.049614859952551
826547084,43.47617570978753,-80.54157367891796,59.85298904322991,353.18423,325.18842,5.044877,-0.34751862,-6.8157544,4.199501713182858,2.9199874874749088,8.08486581990176,5.1148940913801715
826669137,43.47618027394276,-80.54156926618222,58.855797353809294,353.18182,324.85083,5.040451,-0.2897442,-6.818175,4.1517494976796465,2.9232237233979945,8.184052432180744,5.0776235414335344
826791899,43.47618483499199,-80.54156472783498,57.84586024964426,353.17844,324.048,5.0893807,-0.26451823,-6.821574,4.135809108789977,2.999549164894034,8.238482689601716,5.109032411031137
826914462,43.476188561935864,-80.54156091505288,57.023537867225,353.17798,323.41095,5.1222277,-0.26802057,-6.8220263,4.148833916379774,3.079964910548343,8.223223824192749,5.167108157946008
827097341,43.476192254276015,-80.54155698088243,56.201407469921776,353.17773,322.28943,5.1435895,-0.25946167,-6.8222623,4.110313059312661,3.1780224117992724,8.221303973032065,5.195623147944303
827219487,43.476196767374404,-80.54155208542726,55.194996963965025,353.1749,321.7337,5.196165,-0.2462955,-6.825108,4.111254354331819,3.2429493261565048,8.240732791943813,5.236328169436219
827378739,43.47620181015327,-80.54154660368917,54.0705065718455,353.17206,321.7817,5.204138,-0.23819026,-6.8279524,4.102174327793709,3.2302150489957686,8.214190578472817,5.221314343952919
827623358,43.476206465540116,-80.54154148325406,53.06693486828931,353.16815,321.3193,5.248548,-0.27338338,-6.8318486,4.172730835003499,3.3406786702369464,8.014442142511351,5.345261134796418
827843922,43.47621252102593,-80.54153478149418,51.77177765393196,353.16385,321.3115,5.2757487,-0.28136042,-6.8361464,4.199159194157349,3.3627792628494695,8.037596163965585,5.3797046674075535
828027883,43.47621861427597,-80.54152800496762,50.47188087270945,353.159,321.08435,5.3266845,-0.29116732,-6.841005,4.201656819082152,3.3922031025151798,8.062677640851215,5.40008906538153
828186698,43.47622457881054,-80.54152138040419,49.17366971956932,353.1562,321.1516,5.2751155,-0.25781634,-6.8438215,4.170310413909239,3.3588176611611593,8.215223489362623,5.3547310884196575
828308902,43.476228352977124,-80.54151728695862,48.35278929356633,353.1533,321.79572,5.2571406,-0.2816917,-6.846703,4.201402246808955,3.306684824930942,8.208804260030028,5.346582588057526
828430982,43.47623211042378,-80.54151321803579,47.52414545541541,353.1519,321.83942,5.228831,-0.26373476,-6.848105,4.182789613144463,3.286875364285828,8.286438381509443,5.319706628017968
828712572,43.47623808174521,-80.54150663075237,46.19119747258998,353.14993,321.0573,5.254388,-0.2421714,-6.850063,4.0743558955990125,3.2926055259255826,8.254128380430078,5.238475647872969
828834583,43.47624174631654,-80.54150251221172,45.36819912939956,353.14868,320.80103,5.290307,-0.24642485,-6.8513203,4.079400806162554,3.326956631596233,8.229983431903996,5.264043252656825
829018372,43.4762475955043,-80.54149596750548,44.04181452858688,353.1493,321.02396,5.279527,-0.20620257,-6.8507075,4.023202872520661,3.255140411248662,8.262445869857812,5.175142553631021
829275941,43.4762525538129,-80.5414905799015,42.90844008796313,353.14813,321.8646,5.241622,-0.22949407,-6.851879,4.027486897129378,3.161974848789029,8.3090512522391,5.120423385905039
829484235,43.476256139270774,-80.54148669400335,42.080710274700095,353.1484,321.8163,5.2189775,-0.21062265,-6.851606,3.991331707322174,3.1390280588282735,8.277298132630577,5.077817045934851
829802594,43.476263049410356,-80.54147925036652,40.458799318501804,353.14792,322.27908,5.184193,-0.17766614,-6.852067,3.9123222266370994,3.026067343110607,8.34914925696737,4.946043749309053
830010429,43.47626959897405,-80.54147245738042,38.905175963371335,353.14746,323.21127,5.1310477,-0.18634345,-6.852542,3.911107183023428,2.9246824532771827,8.376406962801537,4.88370011872196
830132852,43.476273122879604,-80.54146896076092,38.06148613971942,353.14752,324.24472,5.115508,-0.19113627,-6.8524837,3.9228116634762475,2.8245687994774773,8.43689823651933,4.833905279387146
830548725,43.476277888873454,-80.54146429933729,36.905380270511955,353.14798,324.69052,5.0676856,-0.16722234,-6.852021,3.8579562755805585,2.732543706282797,8.430844122005066,4.727644416729873
830768410,43.4762842340291,-80.54145830868319,35.3401123347852,353.1461,326.07727,5.011466,-0.15430667,-6.853898,3.806178703108291,2.5598391443594646,8.453496429423673,4.58691320661184
830951919,43.476287613907715,-80.5414552859307,34.4962427230746,353.1448,327.01718,4.984282,-0.14794715,-6.8551936,3.7624808750731944,2.44177909242612,8.43869611710586,4.485370382867046
831098422,43.476292493237594,-80.54145106305418,33.257036625314925,353.14276,328.4854,4.904963,-0.11863224,-6.8572435,3.6892845926812132,2.2620899775261734,8.46410776036638,4.327571128499144
831380346,43.47629576641604,-80.54144844134758,32.40672471224383,353.14172,329.83374,4.874687,-0.10933786,-6.8582764,3.64370224088006,2.1178142785091727,8.503119130711191,4.214463588459592
831625507,43.476299761009734,-80.54144538486887,31.34445138720247,353.14157,331.18747,4.822267,-0.07789561,-6.858422,3.5516167174771454,1.9535302869753954,8.523092139093823,4.053425944801916
831846578,43.476305992608225,-80.5414409085239,29.670691197095266,353.13977,333.18845,4.7236195,-0.05330342,-6.860214,3.4393730376643323,1.7382218941270722,8.449765324290984,3.8536608887439856
832079855,43.476308998318316,-80.54143889541606,28.824075201268784,353.14072,334.0795,4.7043314,-0.03699234,-6.8592806,3.3459564690520303,1.6261882588736982,8.466159958264976,3.720203347411241
832250909,43.47631191973957,-80.54143703082524,27.96735739507494,353.14243,335.14886,4.679495,-0.01851711,-6.8575883,3.2521261469999434,1.5062162359428104,8.567178061938417,3.583993837246156
832520335,43.47631479101439,-80.54143533896037,27.109249357914734,353.14468,336.8492,4.647659,-0.014119701,-6.8553033,3.1963031216602356,1.3666882324912752,8.581080371602322,3.476232208924641
832654765,43.476318565540254,-80.54143333321943,25.948050102726086,353.151,339.94025,4.5498724,0.00076869427,-6.8490033,3.095790773397227,1.1304331907313125,8.685538261227267,3.295724459259053
832777375,43.476321914902115,-80.54143191021413,24.883403576509068,353.1544,343.4566,4.505335,0.007001712,-6.845625,3.032431854403145,0.9007462457038078,8.680582792634961,3.16338216956921
832924266,43.47632462703734,-80.54143103247426,24.012765216219805,353.15613,346.78375,4.4811463,0.0048488765,-6.843868,3.0191489357738375,0.7090381528460009,8.70638360289236,3.101289312298284
833145156,43.47632888472732,-80.5414299563406,22.6094327297547,353.1584,350.44565,4.4196744,0.022786574,-6.841616,2.899958292094701,0.4881142615239591,8.676809542158425,2.940750521243156
833267615,43.47633200880839,-80.54142940807039,21.548668582554058,353.16055,353.6246,4.332883,0.045113504,-6.839439,2.8187386049442056,0.31494644360800933,8.660106230354538,2.8362790034381558
833732424,43.47633541243835,-80.54142911674789,20.365249310220804,353.1624,357.11542,4.2665815,0.051874157,-6.8375745,2.763256055095922,0.13923576295919374,8.659787703488753,2.7667617576710697
833916269,43.4763379118666,-80.54142906836371,19.500716760640955,353.16226,359.1952,4.2456985,0.044222824,-6.837724,2.7823635282172594,0.039084734568287385,8.645325495798662,2.7826380324486815
834076032,43.47634188027796,-80.5414292603648,18.122414403470202,353.16226,2.708417,4.1936,0.04964127,-6.837732,2.7489394768683004,-0.13004142382476094,8.63085169495011,2.7520136299435976
834454432,43.4763458098046,-80.54142974578353,16.727210847853257,353.15656,5.863135,4.135576,0.05527691,-6.8434534,2.7139590149557167,-0.27869564375090156,8.667244673707835,2.728231074653526
834601314,43.47634831807232,-80.54143022794996,15.858597028567488,353.14825,7.94114,4.113151,0.03981959,-6.851739,2.792203624935266,-0.38949397847832123,8.68613819285742,2.819238663606278
834723757,43.476350869061704,-80.54143086008561,14.996752485309173,353.1362,10.193851,4.0831995,0.02752804,-6.8637958,2.8397613838325957,-0.5106391062320117,8.618445432583236,2.885307091787674
834907476,43.47635559978856,-80.54143233443878,13.417241054723206,353.09238,14.012106,3.9833732,0.009710101,-6.907622,2.865669176650694,-0.7151347367447638,8.590524198480841,2.9535533720765685
835189733,43.4763592215445,-80.54143380859689,12.240477131985699,353.0557,17.037706,3.9251842,-0.013634119,-6.9442983,2.972572985653095,-0.9109462960414195,8.602702128314132,3.1090212783617512
835434561,43.476362003967004,-80.54143506175691,11.386436762057372,353.0298,18.098639,3.904597,-0.041946385,-6.970205,3.097392732122549,-1.012302513336023,8.540403699283106,3.258619050381928
835814556,43.476366639666516,-80.54143724831026,10.002773291276412,352.9425,18.988934,3.8585362,-0.11395694,-7.0574837,3.2361566857257933,-1.1135989911376838,8.581704701155411,3.4223986920916474
836021638,43.4763722667813,-80.54144007701302,8.40482952639644,352.86737,20.540148,3.8287034,-0.16498402,-7.1326404,3.436507970115164,-1.2876030502986404,8.624020486873524,3.669810437039413
836156842,43.47637657991944,-80.54144243156766,7.234387988141748,352.74567,22.090937,3.7620761,-0.24377708,-7.2543373,3.604570220883012,-1.4630000691083354,8.685476499719613,3.890153683273657
836279204,43.47637997184939,-80.54144437861189,6.369240188064907,352.70065,22.613813,3.7497063,-0.26788712,-7.2993526,3.7758964220206632,-1.572822095004326,8.65147800076854,4.090374448918124
836523498,43.47638433064777,-80.54144697047465,5.2950124263091425,352.60333,23.478033,3.7156897,-0.32032126,-7.3966675,3.9273851018541674,-1.7058855246474975,8.644468472521003,4.281868652991114
836706862,43.47639120976082,-80.54145123593308,3.701765976489412,352.39566,24.720015,3.6708825,-0.4268104,-7.6043253,4.297465028670053,-1.9784321954651456,8.720796548349616,4.731004082083965
836963818,43.47639493292101,-80.54145363557967,2.7900305589728305,352.3456,25.06543,3.6986158,-0.41126356,-7.6543913,4.144621922793328,-1.9384342292856251,9.117354175166026,4.575523810905722
837416837,43.476399648672114,-80.54145681930619,1.6599247290620838,352.25092,26.228622,3.6670475,-0.42736623,-7.7490788,4.237987658679456,-2.0879787885627916,9.074465866592794,4.724425342473677
837636473,43.47640746222601,-80.54146186562136,-0.14690828098582642,352.14816,24.533236,3.6994731,-0.479235,-7.8518243,4.439175485859439,-2.026159539821394,9.120737642308287,4.879713257463458
837820425,43.47641417861069,-80.54146581276659,-1.6224535643669356,351.99582,22.502836,3.7452536,-0.5879789,-8.004184,4.7248989808184865,-1.9573913551512774,9.162667963458961,5.114298710102934
837980075,43.47642137355575,-80.54146951222614,-3.1084616816976904,351.84235,19.78283,3.7677646,-0.6628555,-8.1576605,5.117136391439873,-1.840550312412198,9.43011601866914,5.43807965196529
838102300,43.47642611271665,-80.54147175911602,-4.060219034140573,351.79117,18.985346,3.7745013,-0.6888892,-8.208828,5.275633909570538,-1.8150373680345888,9.517573524429078,5.579128408198941
838237294,43.476431006706015,-80.54147396949635,-5.008463588984284,351.74228,18.14624,3.7822251,-0.72391975,-8.2577095,5.447988961659544,-1.7855449704478201,9.482445548437305,5.7331278171566815
838359838,43.4764360613685,-80.54147614824535,-5.949741437504372,351.69437,17.368889,3.7872214,-0.7500268,-8.305633,5.62685028050884,-1.7599931665197481,9.412778485200977,5.895678080209148
838506945,43.476443759351845,-80.54147927586679,-7.327091293195679,351.60425,16.034641,3.8146794,-0.7776823,-8.395743,5.855692748688455,-1.6829249604679142,9.323963174679857,6.092731242194135
838629661,43.47644908489609,-80.54148129225811,-8.269436790480825,351.56204,15.363058,3.8323214,-0.7951244,-8.437962,5.928395854851536,-1.6288406628605938,9.423454972851589,6.148089078470563
838764344,43.47645638859805,-80.54148394271638,-9.54144774878165,351.4815,14.574264,3.863874,-0.8494408,-8.518492,6.081384061276774,-1.581165263646427,9.44152119965745,6.283575072497603
838996913,43.476461972809425,-80.54148589624849,-10.494341591686407,351.44547,14.244049,3.8679712,-0.87606454,-8.554533,6.216344098884343,-1.5780630018391903,9.528938429047788,6.41351828511527
839254385,43.47647327416923,-80.54148953300526,-12.386908403503071,351.30487,12.615064,3.9645448,-0.95606005,-8.695121,6.446059618376434,-1.4426445872768818,9.585123406807348,6.605521024783935
839621881,43.47647919336219,-80.54149114248557,-13.342212414705614,351.27985,11.161776,4.0053463,-0.9811812,-8.720141,6.589245605140198,-1.3001380023138616,9.553040112025265,6.716287402272188
839805594,43.47648901910888,-80.54149360433965,-14.884973025319141,351.22903,10.051208,4.0402913,-1.024496,-8.770978,6.815434802523568,-1.20802669904474,9.57364598005266,6.921667433000115
839965283,43.4764951810056,-80.54149508613318,-15.84919855721904,351.2051,9.898635,4.0510178,-1.0506443,-8.794878,6.859423422358173,-1.1969926394809907,9.64225531899919,6.963079854932555
840087735,43.47650283092908,-80.54149682139838,-17.02454967467014,351.15915,9.062709,4.086714,-1.0981725,-8.840847,7.00691355134866,-1.1176487704524618,9.590981057886385,7.095489855546789
840210235,43.47650910399339,-80.54149818951933,-17.98732934604641,351.14044,8.99313,4.0962634,-1.0650419,-8.85957,6.983175194801306,-1.1051679269905887,9.6277967137628,7.0700871245082215
840332544,43.47651678062078,-80.54149978805295,-19.16555532380181,351.10132,8.471781,4.159061,-1.0493408,-8.898674,6.989964612251233,-1.041137854330622,9.642184997282028,7.067076716170888
840467654,43.47652310032894,-80.54150104115315,-20.134865528343823,351.08557,8.18788,4.1794224,-1.0684295,-8.914414,7.0350991261948534,-1.0122541978000443,9.693102045419984,7.107550793089797
840614694,43.476529535504106,-80.5415022980019,-21.119361616902438,351.06708,8.066647,4.1934376,-1.1073555,-8.932925,7.163637000322317,-1.0152822648886213,9.844960885586115,7.235225853405289
840774012,43.476536016055974,-80.5415034702609,-22.09495619264709,351.05264,7.47806,4.2356515,-1.1211284,-8.947356,7.214150334674362,-0.9469506723722644,9.755945757446312,7.276034677431691
841056117,43.4765488904502,-80.54150564634539,-24.01668034446078,351.00372,6.5334096,4.268608,-1.1918328,-8.99628,7.239052576124362,-0.8290621066929195,9.676893277390302,7.286372635039115
841240844,43.476555377632906,-80.54150669740453,-24.989422879168387,350.9976,6.7055597,4.240517,-1.1732415,-9.002404,7.221531782284596,-0.849045446311242,9.727425347076089,7.271272203160077
841363440,43.47656189032415,-80.54150774782156,-25.966000035155446,350.99136,6.67549,4.249795,-1.1996115,-9.008634,7.249927896861287,-0.8485267449482778,9.765771559870656,7.29941450710809
841607710,43.47656840373217,-80.54150885076318,-26.941916216026925,350.98752,7.0052853,4.215762,-1.209649,-9.012476,7.2507258130326315,-0.8909561176134535,9.759161808715024,7.305260270468846
841730787,43.47657489439277,-80.54150998007569,-27.91459251278326,350.98355,7.195924,4.1987715,-1.1935409,-9.016454,7.225403373162975,-0.9122584963913736,9.726762967563488,7.282765235070615
842122846,43.476585325929996,-80.54151183704042,-29.47529045302275,350.97192,7.4785357,4.1731753,-1.1394763,-9.028091,7.1891806143774115,-0.9437338053221892,9.640907632148325,7.2508586664923955
842257434,43.47659174522109,-80.54151309646997,-30.442202686081316,350.96802,8.102727,4.138472,-1.128982,-9.031973,7.1459548515822195,-1.017367029209336,9.66912233058556,7.218012635966613
842404340,43.476598137768114,-80.54151447925402,-31.409162222568398,350.96667,8.920811,4.107171,-1.1246756,-9.033335,7.116183343599993,-1.11701279576136,9.66959536487072,7.203317497210892
842807654,43.4766084071798,-80.54151690385225,-32.96005088227582,350.9659,9.823921,4.0430236,-1.1070331,-9.034096,7.082550858280646,-1.2264144311789515,9.553658444067075,7.187949569740727
843016382,43.476620031851304,-80.54152003137857,-34.75337151633124,350.9666,11.441047,3.9867878,-1.0780402,-9.033382,6.912307727912295,-1.3989198178234907,9.660988709352482,7.052444596170561
843151106,43.47662623197129,-80.54152196628307,-35.714656064544556,350.96768,12.759937,3.9370167,-1.0880381,-9.032324,6.901973570001435,-1.5630156243691218,9.612845482133281,7.07674056349534
843420177,43.476633892779624,-80.54152460536103,-36.905453150637015,350.96924,14.27475,3.8661532,-1.0864061,-9.030765,6.828937085670862,-1.737469575716862,9.542120364399118,7.046501418902332
843640482,43.47664365452877,-80.54152832670435,-38.44936110530921,350.96924,15.904183,3.7998173,-1.0418125,-9.030749,6.711946797250774,-1.9124781312267443,9.61911178745639,6.979097535609132
843860671,43.476649649526514,-80.54153080435422,-39.40989537527503,350.9692,16.69417,3.7660475,-1.031795,-9.03078,6.6736314912226105,-2.001445264991579,9.605342699657914,6.967290752465791
844007962,43.47665700927226,-80.5415340067441,-40.608284702729975,350.96814,17.677574,3.7144628,-0.9975559,-9.031864,6.552029239844837,-2.088193880419841,9.617963008917204,6.876746384883231
844130238,43.47666281748201,-80.54153670711223,-41.577067327075724,350.96622,18.643044,3.6823761,-0.98060524,-9.03378,6.46569908633476,-2.1813570398288618,9.687826243457724,6.823751403021734
844314473,43.47667213658219,-80.54154138528999,-43.14537659075813,350.9641,20.634714,3.5917103,-0.9627797,-9.035888,6.4239076755920275,-2.4190311993112883,9.725680272482395,6.864277221075179
844534560,43.47667997290118,-80.54154564389965,-44.45847168103228,350.96277,21.724125,3.5388281,-0.968717,-9.03722,6.355301371486835,-2.5321817196977308,9.592607685124928,6.841184092245567
844718532,43.476689152213076,-80.54155094357817,-45.9958802288503,350.96277,23.121506,3.4600465,-0.96247435,-9.037238,6.328216273286264,-2.7020208072965546,9.532744486079384,6.88093290510441
844853309,43.47669679616755,-80.5415556865199,-47.28644879783599,350.96307,24.570166,3.41596,-0.96833044,-9.036927,6.311070890868795,-2.88545962310961,9.592002144118503,6.939415899495237
845000705,43.476705054730246,-80.54156116267275,-48.709038102894,350.96393,26.098763,3.380218,-0.95592993,-9.036063,6.19033146443471,-3.032446193363159,9.678967801600816,6.8931802207118515
845123283,43.47671054605414,-80.54156503554394,-49.66762885943956,350.96375,27.102633,3.3579051,-0.9472561,-9.036267,6.112941757231241,-3.1285048737967034,9.585907565455555,6.8669934958955
845343435,43.47671927113892,-80.54157146627968,-51.2058837956796,350.96646,28.528986,3.3209584,-0.9190579,-9.033553,6.005039011362896,-3.264404797660327,9.516428488153366,6.834971266287667
845527360,43.47672462862571,-80.54157561256311,-52.155692073159685,350.97253,29.318644,3.2774277,-0.90961814,-9.027465,5.9639543034756315,-3.34936724625038,9.498082774800613,6.840103207130749
845710986,43.476729913324036,-80.54157983884231,-53.113723308898784,350.97815,30.12751,3.2531946,-0.89077467,-9.021837,5.8829261695466455,-3.4139878255354517,9.58031235739097,6.801774267736401
845930922,43.47674008366569,-80.54158843384882,-55.03342390375849,351.0015,31.78037,3.2452958,-0.84882236,-8.998515,5.674875074023879,-3.515880497831913,9.70281141530968,6.675748855432797
846334244,43.47674693124064,-80.54159438804757,-56.367546611487626,351.03683,32.34749,3.2433162,-0.7892045,-8.963169,5.552850872743996,-3.5168115168156366,9.790722750185704,6.572831662209284
846518137,43.47675460575138,-80.54160145034874,-57.960298118148046,351.08905,33.965054,3.2288458,-0.72399265,-8.910962,5.232154312448128,-3.5244913410810814,9.874064392727712,6.308524230168659
846738115,43.47676189876452,-80.5416085262805,-59.54427183310446,351.14972,35.418343,3.2060282,-0.6708363,-8.850273,5.008039277578387,-3.5614415965212793,9.841347773271329,6.145268395375412
846982846,43.47677033616434,-80.54161735774929,-61.49289576901424,351.28534,38.397636,3.1714683,-0.5604305,-8.714662,4.608365089862903,-3.6522356702265344,9.85111106588959,5.880123654511203
847105473,43.476774361938816,-80.5416219653798,-62.49375748716443,351.3245,39.710873,3.152476,-0.54361737,-8.675497,4.481492149566855,-3.7220433645164337,10.008617181501707,5.825579687376199
847301315,43.47677821170977,-80.54162661965111,-63.49060625909635,351.364,41.26043,3.1329367,-0.52261853,-8.635979,4.285565021554835,-3.759719802638102,9.968487719319198,5.701013992994876
847545650,43.476785008117446,-80.54163527798346,-65.32888214795088,351.44974,43.216354,3.115203,-0.47616607,-8.550264,4.030746818576053,-3.787289097200873,9.927964200115131,5.530865991979699
847767061,43.47678854048649,-80.54164004419994,-66.32696288874422,351.49393,44.3957,3.0935502,-0.4550968,-8.506087,3.932233220813185,-3.850149086716447,9.980807407933552,5.503281393206269
848036352,43.47679191851885,-80.54164483117252,-67.32010932235994,351.53885,45.799892,3.0844653,-0.4249636,-8.461155,3.76042562234155,-3.8669158748222214,9.93146433615749,5.393870525338455
848170993,43.47679519278772,-80.54164966347376,-68.31612151710368,351.58633,46.962234,3.078472,-0.3957688,-8.4136715,3.64491610205403,-3.9035323544892697,9.960121947437575,5.340690801156465
848317852,43.476799102566154,-80.54165577519957,-69.55377752758847,351.68192,48.90394,3.0451736,-0.34024227,-8.318079,3.4681998345609997,-3.9762239517519777,9.937422702588988,5.276245540811672
848573829,43.476803195195444,-80.54166270847077,-70.90825987642421,351.77777,51.34953,2.9925117,-0.2917339,-8.222216,3.3027457353864147,-4.129811949483713,9.899545518024203,5.28805031469176
848708296,43.47680596096,-80.54166789883905,-71.89528626314916,351.82797,53.70935,2.980645,-0.2562938,-8.172023,3.078849105808624,-4.192778862214585,9.870263867249212,5.201798381691854
848855243,43.47680968082052,-80.54167559047339,-73.340685304607,351.9267,56.884926,2.9822137,-0.20475286,-8.073304,2.758824193307388,-4.229595147979965,9.826170961645277,5.049810495988321
849124582,43.47681214404212,-80.54168102679647,-74.31460799345456,351.97516,58.019062,2.957705,-0.18324625,-8.024834,2.7420582899557084,-4.391461116578005,9.73922688847547,5.177240037310551
849247362,43.47681495011605,-80.54168767103103,-75.49770866608583,352.07108,60.329315,2.9452596,-0.0987941,-7.928928,2.4898426917848826,-4.370352818937829,9.610293249765467,5.029840990710583
849430683,43.47681805156081,-80.54169644862459,-77.0322642171314,352.16046,65.0571,2.9449,-0.067978814,-7.839534,2.051195927401297,-4.410273542885683,9.486705198500362,4.863940527562514
849565285,43.47682042418336,-80.54170389331792,-78.31117140823108,352.24408,66.50154,2.9057894,-0.045588836,-7.755913,1.9522688510505848,-4.49024182748745,9.517491480184184,4.896286892748443
849711922,43.47682220912213,-80.54170950788655,-79.26897192812964,352.28397,66.34162,2.8786864,-0.06356192,-7.7160254,1.9869938402179492,-4.535447865382867,9.578005198985926,4.951609017346794
849871295,43.476824848685375,-80.54171864508326,-80.79498178128625,352.3578,68.908875,2.834673,-0.01521732,-7.6422234,1.8082438751427372,-4.688335010889999,9.61693918415291,5.024960804456901
850017943,43.47682676145705,-80.54172590356299,-82.00416779933516,352.41977,70.22329,2.8212137,0.028839413,-7.5802326,1.6985114820448557,-4.723820780751886,9.755838353700812,5.019902790224286
850178162,43.476829109390025,-80.5417354220492,-83.5652212109353,352.49893,71.57123,2.758958,0.08175608,-7.501062,1.6031921719524715,-4.81130519486729,9.718829977072389,5.0713787886891915
850288066,43.476830625505166,-80.54174204114847,-84.6337847726536,352.54916,72.754684,2.7381113,0.1372519,-7.450835,1.509188413329283,-4.861784951075516,9.711724322514314,5.090638719987083
850459334,43.476831939670014,-80.54174806479362,-85.60756375106462,352.568,73.26664,2.725174,0.15689068,-7.4320045,1.4629283103277164,-4.865899829611765,9.737789784110197,5.081057015324086
850606613,43.47683356539998,-80.54175555270433,-86.81904308878495,352.60272,73.2909,2.73329,0.16149577,-7.3972898,1.4555645186613324,-4.8488515291221965,9.716588508864755,5.062610909348699
850766686,43.47683560907021,-80.54176519985195,-88.3686102536509,352.63443,73.96698,2.7022502,0.22535895,-7.3655663,1.3976462081367036,-4.8635914989908615,9.660782335398398,5.060428558153458
851232293,43.47683683411252,-80.54177120619458,-89.32652766377066,352.6459,74.30106,2.7130957,0.2459761,-7.354092,1.3637170985527995,-4.851922840512074,9.579174101197893,5.039928528775783
851416217,43.476838786304945,-80.54178023745746,-90.72316695210355,352.68045,73.079285,2.68406,0.2065016,-7.319561,1.498185955801756,-4.9247084002428725,9.3043130987824,5.147554175099503
851538622,43.47684032776176,-80.54178778872087,-91.87719533673783,352.7247,74.85417,2.6711972,0.29883847,-7.275285,1.3480958260154459,-4.9804231774539325,9.468288504548445,5.15964895924525
851820458,43.476841472884935,-80.54179403910439,-92.82686534543205,352.739,75.830475,2.6504073,0.3151551,-7.260979,1.2747511223153873,-5.049059046511514,9.496700086942385,5.2074934161268125
851979559,43.47684326890631,-80.54180406666575,-94.35093816511034,352.76297,76.12604,2.6578524,0.32663444,-7.2370353,1.256271193771955,-5.0862676794018515,9.587813158464812,5.239115976844673
852187600,43.47684454682285,-80.541811857724,-95.55693525384743,352.7906,77.52707,2.6815467,0.3902029,-7.209416,1.1169787191275,-5.049653896535056,9.719358466492215,5.171715956408993
852297577,43.47684558289298,-80.54181866498311,-96.63330191018014,352.81235,78.39452,2.7089717,0.4380649,-7.1876383,1.0258378596284967,-4.995068626196318,9.793349433767569,5.099318963808593
852407488,43.47684645021558,-80.54182492699641,-97.61199470381729,352.82834,79.19397,2.675654,0.44894722,-7.1716623,0.9655035310269668,-5.058453587881818,9.786927936371379,5.149771817195397
852628439,43.476847281378774,-80.54183125619097,-98.58014504276957,352.84085,79.74219,2.6448936,0.45987937,-7.159155,0.9252508617096088,-5.112722596789554,9.68150338952295,5.1957695781103395
852812098,43.47684838755282,-80.54183999256509,-99.9031215705424,352.86816,80.156075,2.5929682,0.48288327,-7.1318245,0.8957933754814573,-5.162489282527447,9.666272434832031,5.239631796583345
852995483,43.47684912380447,-80.5418464200993,-100.86556541535441,352.88165,81.02974,2.5779517,0.51679826,-7.118349,0.8195953410254474,-5.192161353270618,9.624438448120324,5.2564508978423445
853154738,43.4768500862322,-80.54185677424358,-102.40000351612241,352.90805,83.07355,2.5540142,0.5708606,-7.0919485,0.6395539488915694,-5.264610616129362,9.623953679618717,5.303315396335087
853338057,43.47685093468455,-80.54186729313818,-103.95333382296212,352.93427,83.64932,2.5300305,0.58551663,-7.065728,0.5884588459817892,-5.287311144779183,9.675820675691977,5.319957044480752
853521678,43.47685173985668,-80.5418779376463,-105.52143974828363,352.95984,84.23514,2.473875,0.61544216,-7.0401626,0.5399095122375075,-5.347927900758754,9.69963339171313,5.375112567483446
854206890,43.4768525582937,-80.54189111828029,-107.42889825196318,352.97845,85.39985,2.45137,0.6735246,-7.0215406,0.4325609479887951,-5.3760498614484105,9.65552873928205,5.393423874173477
854329690,43.4768530230891,-80.54189934380379,-108.60439172685284,352.99887,85.5019,2.361509,0.63676983,-7.0011344,0.4266110743769983,-5.422908804042737,9.519571160143277,5.439663308123521
854464192,43.47685359153853,-80.54190867380711,-109.90103615990085,353.0141,85.16673,2.289925,0.61472934,-6.9858937,0.47945411056164783,-5.670180272454217,9.661618560122923,5.6904147973819486
854733353,43.47685428077849,-80.54191930779476,-111.34164866280963,353.0177,84.91341,2.2469158,0.5910138,-6.982299,0.5164015318141677,-5.801498834774603,9.691059011858071,5.824436390926687
854917912,43.47685500034918,-80.54193117541463,-112.91434484188574,353.01825,85.25968,2.1601973,0.5918267,-6.9817457,0.4971810266931757,-5.995658279928716,9.754451209978589,6.016236962003862
855052851,43.47685564032458,-80.54194135520157,-114.23021165170724,353.0156,85.06101,2.0816658,0.5588928,-6.984394,0.5306872257697125,-6.141092836953918,9.755833325581662,6.163980058670037
855296713,43.47685647359366,-80.54195561842374,-116.04302472256865,353.00726,85.36917,2.0233712,0.5306231,-6.9927287,0.5049008584019601,-6.233366663532193,9.83585453472333,6.253781643042032
855407383,43.476857008169254,-80.54196427146968,-117.14040351918476,352.99756,85.01476,1.943697,0.48873866,-7.002453,0.5551420976743214,-6.364188704367149,9.944369365566748,6.388355078844996
855542030,43.476857688400166,-80.54197497057292,-118.47247370251586,352.98322,85.08409,1.876044,0.49000546,-7.016797,0.5534482115707311,-6.434699260071006,9.858229779825331,6.458456432496018
855725565,43.47685813381899,-80.54198298210022,-119.46555026874421,352.9749,85.61875,1.8609401,0.5074288,-7.0251,0.49584024530233994,-6.4717107795428745,9.930765662283461,6.490677773770081
855859622,43.476858746613914,-80.541993819923,-120.79219135649493,352.95456,85.448746,1.8287483,0.46499735,-7.0454435,0.5205798304662127,-6.539796057982086,9.896534529128171,6.560482896851897
856067979,43.47685976942703,-80.54200901486452,-122.62174396133736,352.91788,84.4243,1.793586,0.3836044,-7.0821285,0.6506405751773782,-6.664847512457179,9.850805116084995,6.6965308572703375
856190555,43.4768604677146,-80.54201921210621,-123.8297878651212,352.87207,84.68664,1.7235084,0.38852775,-7.1279287,0.6267811992989787,-6.739405212753572,9.854414606935691,6.768488553102878
856569355,43.47686103674497,-80.54202758366944,-124.82160977525666,352.85214,84.64874,1.6994838,0.37625903,-7.147856,0.6334446008509586,-6.762547751559993,9.918219101354564,6.7921501863899
856716042,43.47686174703693,-80.54203806146388,-126.0513199601022,352.8098,84.67264,1.649196,0.36413527,-7.190182,0.6351503747632689,-6.8113443766648345,9.883372802521842,6.840893817045078
856850791,43.47686253520662,-80.54204946006521,-127.38495958067568,352.77182,84.570915,1.6115179,0.33137178,-7.228178,0.6499891704491061,-6.8391144125754595,9.909110109078481,6.869932450177257
857120031,43.47686330157133,-80.54206009905825,-128.61704141513377,352.73138,84.296265,1.5679945,0.28308854,-7.26862,0.6883639725451507,-6.8919748891655255,9.858609822082688,6.926266153678062
857242277,43.47686411158231,-80.54207056242736,-129.82318082764232,352.65723,83.67884,1.5356705,0.16872568,-7.3427835,0.7669938869093983,-6.923900014738442,9.87009584991106,6.966252294932432
857425789,43.476864851566816,-80.5420790802439,-130.81041381531543,352.63596,83.17309,1.5564657,0.14079607,-7.364053,0.8237507559672214,-6.880691160544631,9.872329876731245,6.929825117183952
857560201,43.476865902347754,-80.54209047360575,-132.1341119774636,352.5713,82.60615,1.6165097,0.09534909,-7.4287133,0.8852546579776577,-6.821815466011412,9.857463013292989,6.879014614156858
857743112,43.47686676745486,-80.54209890754599,-133.12000584872197,352.54382,81.95431,1.6200832,0.06284101,-7.4561725,0.9630372294713614,-6.812935898074649,9.858938712583814,6.8806639401021545
857988444,43.47686864632645,-80.54211451821458,-134.95333631266186,352.47955,80.29502,1.637363,0.017183488,-7.520442,1.157196500204707,-6.7663371537983705,9.862968635164687,6.8645773518082125
858111092,43.47686975170816,-80.54212288671715,-135.93722224458577,352.43982,79.68362,1.6452541,-0.010224882,-7.5601935,1.2305109171947717,-6.760075354152498,9.838859319239027,6.871155354898879
858391787,43.476871505108655,-80.5421343196272,-137.2708087268623,352.35074,77.52159,1.6769537,-0.04413492,-7.6492577,1.498007661676808,-6.769147014109705,9.745261240701572,6.932919893744104
858551489,43.47687309678655,-80.54214273644651,-138.22392722139608,352.29843,75.39352,1.6769954,-0.073130846,-7.701555,1.7718558277740761,-6.799105613362017,9.531184945337914,7.026187459502333
858698364,43.47687486769009,-80.54215114432586,-139.16991424861442,352.2417,73.81443,1.6834245,-0.104119554,-7.758307,1.9713698295529274,-6.791883916334214,9.459870272183528,7.0721981121735356
858821353,43.47687678866261,-80.54215960324291,-140.12379984011068,352.18234,72.62246,1.6790054,-0.14098263,-7.8176603,2.1384266012169983,-6.83311216094969,9.538855914962419,7.159908528250275
858955943,43.476879667801256,-80.54217103316618,-141.44033391863877,352.05884,70.881805,1.6507003,-0.14369585,-7.941148,2.3784133591522303,-6.861401134285795,9.793943655966904,7.261933326089697
859360125,43.47688423921102,-80.54218704971967,-143.282690973574,351.92856,67.641685,1.6396016,-0.21026626,-8.071455,2.872666581598252,-6.98402958520554,9.901410600730712,7.551746985701895
859482667,43.476887622878195,-80.5421977067414,-144.5106689316451,351.79138,66.10548,1.6289005,-0.27758688,-8.208613,3.123629019369712,-7.050689080375263,10.081871589963834,7.711632431513548
859630050,43.47689051867486,-80.54220638345065,-145.5253197729283,351.7228,65.301346,1.63681,-0.29659474,-8.277183,3.22360084244144,-7.009044668308104,10.146508412831952,7.714811051071013
859764855,43.47689455373782,-80.54221818064471,-146.88372453855436,351.58432,64.30751,1.5980549,-0.33451363,-8.41569,3.4072487011924926,-7.082116274860208,10.013208985578224,7.859116657895959
859973204,43.476900748194204,-80.54223463995501,-148.75226139663243,351.4449,62.126633,1.5926245,-0.40490228,-8.555125,3.785422903129827,-7.157462484330437,10.013536410515394,8.096832452887826
860120119,43.47690442548808,-80.54224351507125,-149.75224973307826,351.3783,60.274338,1.5918043,-0.4308692,-8.621718,4.093563538844642,-7.169317810548239,9.999883364458187,8.255687755432763
860242787,43.47690906950506,-80.54225439319745,-150.9758682065547,351.18436,59.30421,1.5980222,-0.4509258,-8.815649,4.240225792972511,-7.142549861758926,9.952505791111221,8.30635499500845
860524292,43.476913017554324,-80.5422632460482,-151.96184537602778,351.1318,58.426514,1.6020937,-0.48484477,-8.8681965,4.394968437759187,-7.151331743681467,9.859771694730656,8.393884278275799
860708004,43.47691964612985,-80.54227748251583,-153.55662909621043,350.98306,56.84236,1.623189,-0.58885884,-9.016925,4.659991157727708,-7.132717449124974,9.931160492279158,8.520045527997624
860831269,43.47692490866276,-80.54228834461702,-154.7774477842293,350.89484,56.212948,1.6602576,-0.63901937,-9.105167,4.760507084859623,-7.114637812857798,9.887260699408404,8.560402964413806
860966631,43.47693077459658,-80.54230017983596,-156.1132381383445,350.8214,55.681664,1.6827847,-0.6255337,-9.178601,4.81867970277623,-7.059066753698502,9.855028891520025,8.546934977588114
861113163,43.47693518231669,-80.54230883760756,-157.11662832409536,350.79547,54.94726,1.7143458,-0.6465131,-9.204538,4.906674026289667,-6.993746842933234,10.033901857508244,8.54329824501663
861235559,43.47694065332208,-80.54231937437376,-158.35205984118443,350.74826,54.30813,1.7484251,-0.6989539,-9.251746,4.992310582958049,-6.949616036408296,10.101589747652307,8.556887752577936
861639750,43.47694517770935,-80.5423279330972,-159.35799168718586,350.74222,53.92725,1.7741985,-0.7256819,-9.257789,5.036547903822665,-6.913735745468695,10.059318460014465,8.553745188259471
861823449,43.47695256862144,-80.54234162974866,-160.97367312546783,350.72934,53.213196,1.8134396,-0.78387713,-9.270656,5.117226030944291,-6.843622600993767,10.00860133043684,8.545242685647176
861958171,43.4769588704561,-80.54235292297213,-162.31708829680406,350.72736,52.35495,1.8654538,-0.79888695,-9.272644,5.209779843634413,-6.754045108739131,9.987553486665913,8.529884603558385
862227656,43.47696759744301,-80.542368354634,-164.18159514099375,350.72726,51.77171,1.9060086,-0.81114626,-9.272747,5.267418572016,-6.686897993274689,10.01834434377681,8.5123617865596
862447878,43.47697585823855,-80.5423827453553,-165.90442800747843,350.72983,51.942543,1.8761631,-0.81101394,-9.270163,5.26734245180626,-6.727972971631575,9.838330305027633,8.544619173000362
862631827,43.47698057711681,-80.54239110792935,-166.89184441708784,350.732,52.1306,1.8508432,-0.8030806,-9.268002,5.253055282794464,-6.755286297277386,9.874164096093882,8.55736424153363
863035679,43.4769881774285,-80.54240461047218,-168.49348332451513,350.73584,52.283474,1.8488243,-0.77555096,-9.264149,5.2188185797753865,-6.748338492630516,9.936369318583603,8.53089325801979
863219202,43.47699579913685,-80.54241801991235,-170.10272768593558,350.7414,51.721977,1.8806337,-0.7863274,-9.258599,5.297275222712068,-6.7128059743649064,10.013512153304333,8.551192246384616
863353794,43.477002257448305,-80.54242927502796,-171.44359090047544,350.7472,51.63359,1.8628553,-0.8271044,-9.252815,5.3508471504635775,-6.759225427077864,9.938532923779478,8.620829055356573
863500593,43.47700822091557,-80.5424396718282,-172.68658001217494,350.75385,51.691593,1.8512983,-0.830059,-9.2461405,5.32339714723522,-6.738557130979474,9.993552846203723,8.587590430072128
863733093,43.47701289433616,-80.5424481416115,-173.69483977961562,350.75836,52.751286,1.8199635,-0.81377816,-9.241635,5.202451801891817,-6.841889907220214,10.082597674406703,8.595170868198563
863880414,43.47701926580777,-80.54245977133492,-175.08004400421373,350.77072,52.97707,1.7834938,-0.7948489,-9.229288,5.185680526752149,-6.87590335148102,10.143389603615455,8.612161716110792
864051390,43.47702716399823,-80.5424745193409,-176.81392333036968,350.78967,53.858753,1.7303036,-0.77613086,-9.210338,5.096867011188635,-6.978990358344152,10.144630832577901,8.642011325588715
864173606,43.47703169430769,-80.54248324531315,-177.82483955145915,350.80475,54.417915,1.7094452,-0.75404465,-9.195239,5.043140494548509,-7.048839321033598,10.109162210895132,8.667144963683507
864356889,43.47703612310393,-80.54249199930155,-178.83700098811426,350.82605,55.116302,1.6903954,-0.73316383,-9.173952,4.930135971148244,-7.071470766589666,10.121614366550693,8.620437314704057
864503791,43.477041450641856,-80.54250292340467,-180.10016997510093,350.87448,56.298798,1.6728247,-0.6803625,-9.125517,4.728419976585322,-7.089644726727255,10.140255390375717,8.521796631355544
864724138,43.477048550049304,-80.5425181129391,-181.8510964074228,350.9345,57.65354,1.6801506,-0.6204024,-9.065506,4.4744961099670935,-7.065262397680238,10.074914911251028,8.362956904479717
864883321,43.477052435914906,-80.54252689516953,-182.84812939926928,350.96848,58.627216,1.6607105,-0.59270823,-9.0315275,4.325745586834464,-7.094284664747929,9.970329918465229,8.309088384804646
865031411,43.47705792105352,-80.54253985552958,-184.3348170894708,351.041,60.199093,1.659217,-0.53587765,-8.959003,4.0567538631937525,-7.083231763135041,10.05274475303723,8.162684859580368
865288151,43.477062662045924,-80.5425519594088,-185.71119554190398,351.1161,61.98699,1.6048871,-0.48049918,-8.883897,3.8125173637719096,-7.1663763016965865,10.061333752680746,8.117403399276197
865496395,43.477065917001255,-80.54256087266161,-186.71991639682312,351.1582,63.28647,1.6016005,-0.45209226,-8.841791,3.6234162743674005,-7.200124544036678,10.087208549191779,8.060455256807144
865655788,43.47706908354413,-80.54256981786875,-187.7366262123512,351.19992,63.995705,1.5823494,-0.4260834,-8.800071,3.524995526736365,-7.225937228047883,10.167098155281245,8.039885713565816
865802662,43.47707352327406,-80.54258295100894,-189.23211642730223,351.32123,65.48134,1.5639015,-0.33142683,-8.678758,3.294515985258206,-7.2229208554481605,10.20508362922108,7.9387921789898135
865961596,43.47707794015371,-80.54259730923542,-190.85040323707494,351.4038,67.26627,1.5513812,-0.27897003,-8.596191,3.0538990174856,-7.288525313155337,10.175275968423165,7.9024616702332455
866157353,43.477082129196646,-80.54261181750886,-192.49879861998932,351.52927,68.76891,1.5760795,-0.18709892,-8.470744,2.823302082682346,-7.267211227387979,10.247966561735197,7.796370544910777
866279926,43.477084561578835,-80.5426208315496,-193.52841436918493,351.57065,69.601746,1.5720369,-0.15997662,-8.429357,2.70772785637066,-7.281541003694288,10.29615749195579,7.76869548461303
866488716,43.47708687249642,-80.5426298115496,-194.56673840199312,351.6128,70.473885,1.575815,-0.12583931,-8.387218,2.572513459083924,-7.2540429104903374,10.383240328082469,7.6966852634366605
866647887,43.47709027299283,-80.5426441046074,-196.22843960251635,351.69913,72.40446,1.5765593,-0.086383775,-8.300862,2.295063737176593,-7.236911603271511,10.49683843369983,7.592114798346296
866831919,43.47709333894927,-80.54265856514142,-197.93851763272016,351.78714,74.13877,1.5613447,-0.046119317,-8.212855,2.054958115902608,-7.232557055595106,10.677740512916367,7.5188253351539265
866955227,43.47709542972615,-80.54266966160961,-199.25075873742867,351.87506,75.920815,1.5309179,0.003322304,-8.124932,1.828708009531744,-7.291603851527021,10.654089952984208,7.517423741663712
867175884,43.47709699254638,-80.5426786072691,-200.30604659246035,351.9214,76.463646,1.5457491,0.023241302,-8.078618,1.739731478474825,-7.226302645923238,10.552878550317297,7.43277307252639
867420608,43.47709865353074,-80.542689700431,-201.6198539920283,352.01422,78.724174,1.5547873,0.08712791,-7.9857726,1.4349709582610557,-7.19712955453828,10.551347312991043,7.338788420159082
867543372,43.47710005782538,-80.54270062721147,-202.9113670361321,352.16028,80.520294,1.5455811,0.1637658,-7.839731,1.1988517005235564,-7.179676691150781,10.491102890436451,7.279079803745941
867775542,43.477101343577736,-80.54271271798436,-204.3524054609968,352.2586,81.89871,1.5445814,0.21770525,-7.7413864,1.0170736158032099,-7.1451795218936764,10.57160250980043,7.217203692570396
867897875,43.47710230296093,-80.5427235295235,-205.65052553401222,352.36017,83.412636,1.5294156,0.28160366,-7.6398315,0.8243365152476871,-7.138320725242414,10.626763037627642,7.185760465448043
868056562,43.4771029308684,-80.54273227255199,-206.72753761254398,352.40997,84.34785,1.5463309,0.31654248,-7.590021,0.698986592183736,-7.062617348565508,10.770120785317102,7.097122379409216
868275959,43.47710361354019,-80.54274524559116,-208.33145587376964,352.50983,86.245,1.5317886,0.3714683,-7.4901752,0.4624356459201532,-7.045982392423371,10.785598970222107,7.061141168462627
868557342,43.477103967021,-80.54276238431737,-210.44897906265112,352.60828,88.77162,1.5430475,0.42140046,-7.391716,0.14904136356631975,-6.950737043704592,10.629445312311017,6.952334771771349
869009950,43.47710400258229,-80.54277837006295,-212.41768180916313,352.73923,90.04875,1.5431165,0.48640865,-7.2607784,-0.005913340089655175,-6.9493044935456085,10.56655053221806,6.949307009450957
869144783,43.47710402666186,-80.54278713851795,-213.46630366229056,352.77197,89.78317,1.5003325,0.47244313,-7.228039,0.02680538280765922,-7.0831568794893105,10.486218531273884,7.083207600233401
869328419,43.47710393365832,-80.5427958538785,-214.53137151617955,352.79843,90.84251,1.5042309,0.5046337,-7.2015653,-0.10353154646095271,-7.040267192456666,10.650678538889979,7.041028399480736
869597127,43.47710377525926,-80.54280469179743,-215.60325785458997,352.82205,91.41483,1.4828961,0.52099174,-7.1779428,-0.1763298341547346,-7.139269832433956,10.718863384104424,7.141447048793025
869817153,43.47710327051438,-80.54282217232118,-217.69593797890582,352.91727,92.46943,1.450651,0.5979988,-7.082739,-0.3087911097592028,-7.16014018608397,10.473570425994968,7.1667956182551285
870037199,43.477102787375834,-80.54283423407026,-219.11319204968515,352.9601,93.33284,1.448993,0.63047504,-7.0398774,-0.4129682983403353,-7.091451770516881,10.323405723582145,7.10346612781402
870220159,43.47710210125971,-80.54284858135472,-220.79925156783577,353.0022,93.484436,1.3935546,0.6220151,-6.997808,-0.4412196216208211,-7.246179402973856,10.55800481739641,7.259599899070593
870379568,43.47710170321844,-80.54285758103366,-221.85533025974564,353.0163,93.48784,1.3871102,0.6172301,-6.983699,-0.44309955008101565,-7.2699395489553424,10.560786919098856,7.28343039073945
870624242,43.477101235329265,-80.5428687976638,-223.15891271359453,353.04675,93.215515,1.4330442,0.6250043,-6.9532375,-0.4077236240863241,-7.257405729845196,10.416569227593955,7.268849735771677
870758443,43.47710075129996,-80.54288090355067,-224.54516070614363,353.08664,93.27214,1.4079813,0.61733663,-6.9133725,-0.41755646326585644,-7.303543194279468,10.300039763209465,7.315469676700262
870929600,43.47710046593415,-80.54288997617607,-225.57565230579485,353.09882,92.481926,1.4021344,0.5858625,-6.90117,-0.3176692210660957,-7.328865703776407,10.304915996512182,7.335747149268628
871089208,43.47710009001598,-80.5429044936276,-227.2221545985567,353.11722,92.150475,1.3300974,0.5384621,-6.882795,-0.27755727385735945,-7.391565707119775,10.299504127002692,7.396775083976813
871211725,43.47709981443326,-80.54291574686452,-228.49007150072146,353.1221,91.98224,1.2785354,0.52763945,-6.8778963,-0.2575383332201214,-7.441056443084028,10.343228387084013,7.445511868383538
871395125,43.4770996780707,-80.54292500871153,-229.53342332138936,353.12122,91.16233,1.2760524,0.5000022,-6.878771,-0.15179879687678835,-7.481718885375142,10.433518206679066,7.483258672163638
871518150,43.477099662032806,-80.54293430648471,-230.5763402054181,353.11212,90.13619,1.2802033,0.48117068,-6.8878827,-0.017853383867549255,-7.510740034439561,10.429168840287373,7.510761253578009
871653184,43.47709972212039,-80.54294361546272,-231.6273256355721,353.10434,89.49036,1.2915045,0.45370245,-6.8956714,0.06688949844275288,-7.519791294250061,10.50985430154023,7.520088783656808
871873813,43.47710006120544,-80.54296112974113,-233.57489606239733,353.07898,88.06512,1.2395256,0.4063419,-6.9210343,0.25834012240929294,-7.647076808234111,10.500106355735717,7.651439297928099
872021019,43.47710054491557,-80.54297516431741,-235.1220109598779,353.03043,86.947235,1.2615228,0.3524448,-6.9695773,0.41210232162540716,-7.727217933746845,10.501086568297273,7.738199100508329
872143581,43.477100960959824,-80.54298474856817,-236.17991378603642,353.0099,86.576614,1.2560055,0.32773045,-6.9901204,0.4631404619640692,-7.7421565883335415,10.57902826158487,7.75599688794321
872266313,43.477101497497664,-80.5429964630995,-237.47627672812268,352.94827,86.31101,1.3460374,0.29242805,-7.0517135,0.4965431610010813,-7.701438765125681,10.570795375418161,7.717429245786288
872388911,43.4771020816478,-80.54300834272225,-238.7820409376892,352.9039,85.87858,1.3046075,0.25143567,-7.0961056,0.5655153283317,-7.848199214369435,10.679200185067009,7.868547419632618
872548016,43.47710306286363,-80.54302385569069,-240.44293140738273,352.85532,84.65008,1.2883027,0.20373343,-7.144676,0.7359839307236086,-7.859205402545066,10.409376188328112,7.8935911919529325
872732178,43.47710425036918,-80.54303946734218,-242.13121455367434,352.8019,83.79032,1.3327941,0.15417016,-7.198096,0.8496125919053146,-7.8085320994479765,10.502637972977684,7.854617438451951
872891758,43.4771056994409,-80.54305504386423,-243.7910412444595,352.74255,82.2708,1.3201623,0.10659935,-7.2574534,1.0710013470503466,-7.891003249395022,10.336618209294546,7.963352068529085
873050037,43.477106963926076,-80.54306721276596,-245.08240269861972,352.671,81.786095,1.3103871,0.05233463,-7.3290043,1.141518281854382,-7.907989610575752,10.4027687285274,7.989953921568123
873172150,43.4771083879342,-80.5430792146823,-246.36054021605798,352.59537,80.377884,1.3012882,0.0017794389,-7.4046183,1.3482861606955028,-7.952876066990347,10.459255704217432,8.066356879535574
873454114,43.47711104940559,-80.54309769371163,-248.31470225956218,352.46915,78.04327,1.31053,-0.08182124,-7.5308557,1.7019530883486929,-8.036894685507823,10.55613969796428,8.215127540147112
873601391,43.47711303363288,-80.54311019039444,-249.60580370108357,352.37515,77.59052,1.2808222,-0.1299351,-7.6248507,1.7853339824542265,-8.113765085745326,10.325306948464307,8.30786382264212
873723642,43.47711474050317,-80.5431203726619,-250.64396768028018,352.32333,76.99244,1.2765254,-0.16519476,-7.6766605,1.900088002179608,-8.225234406901636,10.38163979196575,8.441849054828296
873882986,43.47711761581582,-80.54313666982446,-252.28871495865394,352.2132,76.06434,1.2693554,-0.2172006,-7.786813,2.0515452911276952,-8.267839716976011,10.298179491709549,8.518568639575207
874066950,43.47711955656649,-80.54314683184354,-253.33057998900006,352.15836,75.25505,1.2939517,-0.23375313,-7.841639,2.16044364838296,-8.208877777318504,10.418650303461412,8.488415112421862
874189257,43.477122009401874,-80.54315926511576,-254.60251207586634,351.99597,74.49333,1.3008469,-0.30597782,-8.004018,2.2810114540695623,-8.221344472683025,10.361409284716586,8.531911754824488
874348054,43.47712544331478,-80.54317544873636,-256.2307492384077,351.8849,73.51794,1.2981728,-0.36897486,-8.115107,2.437420811162943,-8.23806290952369,10.209649083103931,8.5910826274667
874568892,43.477127735799364,-80.5431856514523,-257.26004734767946,351.82867,72.79527,1.2924377,-0.38476506,-8.171318,2.5519938383042926,-8.241752684688649,10.29298109271705,8.627813156664649
874715800,43.477130200848215,-80.54319594947393,-258.2949252036808,351.7708,71.7439,1.2779801,-0.40242624,-8.229182,2.7440923758168485,-8.318740616810015,10.348778560013118,8.759651158395569
874838180,43.47713280862972,-80.54320625891917,-259.32894159644025,351.7119,70.78235,1.2775127,-0.42830294,-8.288071,2.902982373679371,-8.327968606275805,10.340163927594162,8.819431261085292
874972619,43.477135462982076,-80.5432166172625,-260.3649380663254,351.65533,70.55022,1.245713,-0.4479009,-8.344669,2.954825040489964,-8.36746847850048,10.359964698851265,8.873867238053862
875119679,43.477138187347165,-80.54322702655742,-261.4018659487507,351.59537,70.16701,1.2269337,-0.4660348,-8.404641,3.032763221702963,-8.40862716203276,10.369278824252826,8.938828978618465
875241927,43.477141613027634,-80.5432398112166,-262.66806355240965,351.42056,69.42361,1.1820691,-0.56482834,-8.579424,3.1811227255400643,-8.47383953088359,10.393249055702565,9.051270529053523
875425931,43.47714723650928,-80.54325929204147,-264.58006036453,351.2447,67.94123,1.1960478,-0.66568893,-8.755296,3.4688510755845274,-8.560416014824042,10.332839097238093,9.236538861036632
875560887,43.47715053543307,-80.54326996060729,-265.6174948871711,351.18414,66.92,1.206491,-0.7066466,-8.815852,3.6723619582471487,-8.61806617308685,10.374345226411185,9.36788700380639
875707465,43.47715482088357,-80.54328325635528,-266.91933662094607,351.05945,65.89189,1.2095948,-0.74277663,-8.940548,3.8573535549146403,-8.619949138510258,10.478896369477955,9.443659227127815
875830214,43.47715926111859,-80.54329647005095,-268.201250720702,350.93784,64.96208,1.1879526,-0.820772,-9.062176,4.072826434835157,-8.719135171009558,10.480003066798183,9.623473037247413
876234040,43.4771658265822,-80.54331531560527,-270.047479780221,350.75888,64.18333,1.1769003,-0.87022364,-9.241105,4.241567415615738,-8.767590084555884,10.724359080184483,9.739688395016334
876368304,43.47717102426276,-80.54332983028442,-271.498880009873,350.64984,63.600834,1.2368375,-0.8977981,-9.350145,4.332270527145154,-8.727621929280637,10.829267185179347,9.743713484130721
876698595,43.47717490569104,-80.54334056084012,-272.5988986346174,350.60855,63.505135,1.269354,-0.8789072,-9.391447,4.3208059577254545,-8.66814158191073,11.000186247443906,9.685351960995822
876857517,43.477178798907175,-80.54335118590143,-273.68063654050025,350.57706,63.208607,1.3023703,-0.8799459,-9.42293,4.333928201845324,-8.582923228798679,10.817379058828545,9.615066552562295
877041357,43.47718601627339,-80.54337087794686,-275.6641039170182,350.52856,63.096718,1.2812865,-0.9239664,-9.471446,4.389791258615939,-8.651522336112652,10.803753801059067,9.701500194633665
877224328,43.47719243347469,-80.54338796249854,-277.4166509357216,350.4732,62.462425,1.3548003,-0.96361816,-9.526797,4.449775363674919,-8.534268947177726,10.921734862735743,9.624668682605664
877358972,43.47719772345434,-80.54340187299648,-278.9012596707421,350.45148,62.505272,1.3698161,-0.91276944,-9.548515,4.328929961218216,-8.317665494713586,10.991050169034493,9.376736846637094
877591607,43.47720153197185,-80.54341229721058,-279.99694394931294,350.44843,63.27567,1.3650053,-0.89095736,-9.5515785,4.239641692403545,-8.42067888237476,10.956842785708268,9.42774599361049
877762544,43.477207940627856,-80.5434301513385,-281.8828290125755,350.45053,63.919277,1.38513,-0.84933037,-9.549458,4.14104824279931,-8.460134100628762,11.091577969295948,9.419243576307649
877934475,43.47721161374293,-80.54344064195264,-282.999600059009,350.45206,64.24239,1.3947916,-0.8175412,-9.547943,4.0889116971495625,-8.474316819732483,11.167710464335311,9.409210616639813
878167604,43.47721879289506,-80.54346164383684,-285.23216051182465,350.4584,65.108246,1.386329,-0.7994441,-9.541594,3.969610083306956,-8.555017864250864,11.323160752109331,9.431125853849245
878290139,43.47722314088237,-80.54347465751431,-286.6077552005079,350.4638,65.26103,1.3353661,-0.7798983,-9.536206,3.9477295797806575,-8.56762638474925,11.19269686575204,9.433387021835088
878474483,43.47722760149023,-80.543487818242,-288.03497128635456,350.47107,64.80928,1.3116531,-0.784353,-9.528946,4.00896201462216,-8.52306236259492,11.505782183209124,9.418830525673847
878621866,43.477231195362506,-80.54349843608128,-289.18914073418523,350.47412,64.99377,1.2589607,-0.77807426,-9.525892,4.000698615946827,-8.577089273791557,11.541694478306495,9.46425114978618
878805698,43.4772369196941,-80.54351563557518,-291.05178880932544,350.48053,65.49584,1.2033552,-0.73153615,-9.51946,3.9307679052346227,-8.62362322662392,11.531333342072879,9.477226064602982
879087113,43.47724390004871,-80.54353699057789,-293.32695387296644,350.48367,65.648476,1.1821452,-0.74616504,-9.516326,3.943336733815842,-8.71262440601727,11.436840705498373,9.563457985299522
879209555,43.47724746145238,-80.54354771655184,-294.46417853472735,350.48602,65.41277,1.2095522,-0.760824,-9.513985,3.9645545629913617,-8.664440449050595,11.372246617609054,9.528390272133047
879369108,43.47725101758327,-80.54355841042629,-295.5963199306402,350.4868,65.3799,1.241555,-0.7534537,-9.513207,3.958684912246081,-8.63851047540195,11.321413959128972,9.502370728827307
879516232,43.47725619807021,-80.54357414542416,-297.2427835839652,350.4926,65.69014,1.2308798,-0.6889698,-9.5074005,3.9007266226352986,-8.635188487241606,11.180741696233653,9.475344236212518
879736010,43.47726092153376,-80.54358874423131,-298.7760979321587,350.49423,66.05344,1.2361367,-0.63599926,-9.505761,3.8296357708952904,-8.623136911232422,11.226874257236718,9.435284856726891
879895001,43.47726646916163,-80.54360576373568,-300.55889968077463,350.49762,65.709435,1.2448609,-0.6659638,-9.50237,3.920040589873073,-8.68573998684098,11.191370482731598,9.529365002205592
880054712,43.47727087040133,-80.5436191418034,-301.9420044115881,350.50003,65.54504,1.2524896,-0.65682,-9.499981,3.936700603244902,-8.656326063237698,11.05649922654462,9.50944754192782
880176922,43.47727517083579,-80.54363222819997,-303.3006704035163,350.5036,65.6426,1.2431877,-0.6292804,-9.4963875,3.913962008682068,-8.645360575383908,11.12696348117338,9.490066284479205
880336006,43.477279516178214,-80.54364571748506,-304.68536991430017,350.50726,66.170906,1.2323,-0.6459134,-9.492727,3.878508869257504,-8.781677752887113,11.121922372486377,9.600036208497423
880458226,43.4772830239906,-80.54365664112825,-305.80079600859847,350.50964,66.12939,1.2148556,-0.6631116,-9.490371,3.904896747612962,-8.824117632407999,11.154260942982464,9.649521780901479
880790070,43.47728658850053,-80.54366754044246,-306.9170690739528,350.5099,65.73978,1.2003559,-0.6847015,-9.490106,3.9680124586523093,-8.804464681633334,11.162730653543521,9.657314388697756
880913488,43.47729093571695,-80.54368099768134,-308.3089391839409,350.51312,65.91706,1.2062485,-0.6640977,-9.486887,3.9310424796043053,-8.794979706700031,11.28366937053945,9.63352287679429
881096037,43.47729443879695,-80.54369198814739,-309.45469385188915,350.51434,66.28693,1.177581,-0.655954,-9.485661,3.8996286532436413,-8.878097134426433,11.457546679482787,9.696788765437228
881255558,43.47730005562899,-80.54370956200793,-311.30074269197394,350.51837,65.86329,1.2112235,-0.6840527,-9.481618,3.9718799825017976,-8.86400807355664,11.566833128576587,9.713211092294648
881378088,43.477304416142246,-80.54372305636672,-312.72334799796715,350.5198,66.00891,1.2008744,-0.6714303,-9.480185,3.972990956454938,-8.927220251062424,11.632093545117824,9.771382632516843
881573707,43.47731123695833,-80.54374464277535,-315.0014980896166,350.51877,66.5009,1.20353,-0.62088263,-9.481238,3.875367444431042,-8.913117173703816,11.629136438321884,9.719163059725352
881720961,43.477314744019274,-80.54375563423044,-316.17418632701515,350.51944,66.264854,1.236476,-0.63933,-9.48057,3.904060241527984,-8.878896083176873,11.726882373985399,9.699303172152788
882027162,43.47732026933715,-80.54377334488875,-318.0597873173539,350.52322,66.9252,1.2143601,-0.5479637,-9.476764,3.78402216254872,-8.882339542040036,11.655614086153445,9.654780135598525
882161665,43.47732357446665,-80.54378435236274,-319.241229563602,350.5246,67.52117,1.216646,-0.52040315,-9.475411,3.67927016372083,-8.891836134867402,11.814422462481412,9.622981803317513
882418700,43.4773297039216,-80.5438047648804,-321.4320294786186,350.53204,67.45004,1.2396877,-0.51113915,-9.467967,3.6997865671530246,-8.910094632954427,11.823906017185617,9.647704753499106
882578165,43.4773349766505,-80.54382237598699,-323.3347743473943,350.54285,67.65257,1.2546698,-0.4673651,-9.457169,3.6644107692895367,-8.913731262660407,11.967303120602194,9.637557331036462
882821969,43.47734139761748,-80.54384420564863,-325.7093143307161,350.5523,67.904755,1.2589713,-0.43707788,-9.447701,3.6064389271146085,-8.883704274617108,12.0050589978413,9.587836219599177
882980826,43.477345835936184,-80.54385924821129,-327.35341681783007,350.55893,67.86986,1.275786,-0.45686835,-9.441079,3.6207002435390456,-8.903271186473825,12.04954384420056,9.611332273595515
883225715,43.477351032825474,-80.54387701775329,-329.29144361886176,350.5694,68.20202,1.2702619,-0.4755086,-9.430593,3.553716091382906,-8.885833095692899,12.00251888694566,9.570105948351097
883359934,43.477355274312025,-80.54389181954545,-330.8947437733907,350.5785,68.66281,1.1914605,-0.4187262,-9.421512,3.4882233467264787,-8.92970036885332,11.965827386045243,9.586826940867702
883628329,43.47735829770576,-80.54390279911055,-332.09535937989995,350.58194,69.21968,1.2184665,-0.38514352,-9.418049,3.3656419161624394,-8.869291349134972,12.006156065092897,9.486404721688299
883811748,43.477363132923024,-80.54392053948936,-334.00938590865917,350.59106,69.31947,1.2181933,-0.3841165,-9.408948,3.3482983064334757,-8.870129832259055,11.818871202746667,9.481049772572515
883933943,43.47736690424647,-80.54393383064871,-335.4404703665392,350.5984,68.59171,1.254945,-0.44106263,-9.401621,3.444352043391353,-8.785209966420092,11.696150673859607,9.436285029231637
884093947,43.47737192181666,-80.5439512933293,-337.30576986389553,350.6072,68.1918,1.2482753,-0.47107127,-9.392782,3.537544226174873,-8.840822863348487,11.613341330932839,9.522308966487515
884289910,43.47737725587115,-80.54397044064234,-339.3366732027074,350.61337,69.4143,1.1939092,-0.39041126,-9.386616,3.3618825850501173,-8.950924178833446,11.720152985720988,9.561448539363086
884497620,43.47738299193232,-80.54399120555506,-341.52167544899214,350.61664,69.11752,1.1521778,-0.4349887,-9.383377,3.468756592954044,-9.09211813020633,11.804251869687961,9.731335180476973
884620402,43.47738682293992,-80.54400502622175,-342.96865907685446,350.6182,69.18772,1.1949173,-0.40633765,-9.381813,3.451083787660451,-9.079182130532052,11.7507638928688,9.71295668006531
884804466,43.47739101065412,-80.54402034481562,-344.55875665082215,350.62024,69.416016,1.2151997,-0.3620539,-9.379772,3.3883927993129324,-9.022331241723998,11.578726772670588,9.637617278032192
885024094,43.477397182752476,-80.5440425304411,-346.83970517176044,350.6213,68.775505,1.1821755,-0.41927287,-9.378704,3.5180313130337653,-9.058538250438083,11.524765972010522,9.717698264205156
885206806,43.47740132997922,-80.5440579413643,-348.4291089032274,350.62207,69.87919,1.1509911,-0.36200085,-9.377932,3.3463076757074357,-9.133933230608578,11.658304870755915,9.727615911502374
885464040,43.4774043561104,-80.54406934947544,-349.6148093109465,350.62106,69.92026,1.1151288,-0.37416053,-9.378932,3.3686892281890546,-9.215470778278888,11.857004077191235,9.811878962840352
885732772,43.47740816897746,-80.54408361786808,-351.0875917887182,350.62088,69.7559,1.083077,-0.38527837,-9.379118,3.4191257402303865,-9.270885164956109,11.824328659716727,9.881281929451728
886013592,43.47741415933045,-80.54410594904817,-353.41103181644246,350.61816,69.62329,1.1410841,-0.37499905,-9.381833,3.3797975691675766,-9.0993213858307,11.618274466083545,9.70673381169933
886197164,43.47741728686051,-80.54411721286061,-354.5708233594265,350.6166,69.06136,1.1710739,-0.3951023,-9.383398,3.4815664618720827,-9.098906313242818,11.597915429841098,9.742248258261668
886380777,43.47742048176809,-80.5441284588928,-355.76206817806906,350.6142,68.619804,1.2039708,-0.41850314,-9.385794,3.5565711222969143,-9.084543428385636,11.912448186425296,9.755927810832805
886674056,43.477424908183906,-80.54414381650582,-357.38542325083176,350.61096,68.194,1.234375,-0.41742897,-9.389028,3.6323947720007252,-9.078875965269999,11.831197169370943,9.778562295778222
886821419,43.47742901138971,-80.5441576841587,-358.88246089707,350.60846,67.781204,1.279677,-0.4302229,-9.391551,3.667823545711747,-8.979307203073542,12.080809908240976,9.699530267474085
887006188,43.477432307775096,-80.54416903160616,-360.0908330985368,350.60703,68.1827,1.231746,-0.43612686,-9.392961,3.669536218249945,-9.16646666611482,12.083722014667359,9.87368255505727
887129139,43.4774355423047,-80.54418028928245,-361.30133202636614,350.605,68.3993,1.2588327,-0.41558644,-9.395,3.600678348372326,-9.09394953304711,12.104989278293575,9.780838546773227
887361614,43.477439918457776,-80.54419566646035,-362.95246626290987,350.60733,68.6121,1.2303519,-0.3756292,-9.392676,3.555638784372557,-9.078564569441921,12.058130499861177,9.75002060543774
887532996,43.477445324270114,-80.54421493198181,-365.02467941850114,350.61478,69.129364,1.2247326,-0.31558895,-9.385236,3.4730366976354516,-9.108987665571215,12.165032816913364,9.748622476773377
887753125,43.47745022422243,-80.54423316321873,-366.9901632494517,350.63135,69.89025,1.1847559,-0.25589117,-9.368665,3.3510104802575635,-9.152240598010863,12.197057173210199,9.746423918682908
887912525,43.47745493334526,-80.5442511882812,-368.93427404897295,350.6471,70.17004,1.1819421,-0.24918404,-9.352917,3.2951140342893512,-9.137535934187577,12.193854878451903,9.713513239170464
888120620,43.477460199097614,-80.54427231493268,-371.20921643503857,350.67993,71.36978,1.1301868,-0.18246062,-9.3200655,3.1119433193043036,-9.230845244620216,12.274577864429578,9.741288167008014
888402127,43.47746289652783,-80.54428361391695,-372.43059897762726,350.69513,71.789406,1.1453077,-0.15149176,-9.304855,3.002779318196607,-9.127318111300939,12.213825425886565,9.60857010895333
888525165,43.4774660784668,-80.54429738692313,-373.9292493076953,350.72763,72.40011,1.1746848,-0.10463899,-9.272358,2.862042670155855,-9.022362495093693,12.164456113920107,9.465427261284415
888647746,43.47746907986138,-80.54431108494995,-375.4228425838925,350.76282,73.42234,1.1408538,-0.052239582,-9.23717,2.690084202109449,-9.036577440334787,12.190107528990387,9.428482637710399
888966801,43.47747137314925,-80.54432231447555,-376.65333195750475,350.78336,74.28194,1.122062,-0.022295963,-9.216639,2.552888056248832,-9.071209411326123,12.30489373612295,9.423591545258612
889235262,43.477473601956596,-80.54433347420803,-377.8779129378945,350.80365,74.611755,1.1364992,0.0032827766,-9.196353,2.481108338045976,-9.014830533441899,12.245809803897735,9.35003038133019
889394295,43.47747578687793,-80.54434467870186,-379.10928973634225,350.82324,74.958374,1.1075194,0.020185545,-9.176755,2.4322544282300314,-9.05098875668717,12.313767984477723,9.372100035601528
889517007,43.47747793443046,-80.54435588147624,-380.3453841275757,350.84137,75.20208,1.1063519,0.045932017,-9.15863,2.390655478516698,-9.049599768604049,12.360943912334958,9.360047520652891
889651304,43.47748082196939,-80.54437098797379,-382.003517035909,350.89594,75.30721,1.0303804,0.024669053,-9.10407,2.3907577767425656,-9.117705160584123,12.329878738703492,9.425936035344044
889957387,43.47748397292677,-80.54438772076294,-383.85314351769046,350.92706,75.54325,1.0706906,0.027380556,-9.072933,2.3394740492795,-9.074325922702798,12.463016469504815,9.371047421643334
890141419,43.477486522511626,-80.54440176935957,-385.4015773138017,350.95645,76.03549,1.0480006,0.08610102,-9.043539,2.2637305179218585,-9.103347516721167,12.398074184775304,9.380586968200028
890324777,43.47748846173379,-80.54441293363178,-386.6392468693598,350.96915,76.5385,1.0824413,0.11455625,-9.030867,2.158742116392114,-9.01849773026016,12.37669555558073,9.273266352035444
890508430,43.47749191501448,-80.54443358568398,-388.90793543106656,351.01108,77.17624,1.0245538,0.14259951,-8.988924,2.0717576255604726,-9.101402895646222,12.352566746818905,9.334222748999801
890631192,43.47749410826335,-80.54444739963711,-390.4381611395354,351.03775,77.843704,1.0095581,0.19614185,-8.962259,1.9568476924805167,-9.084323587708635,12.491885556114575,9.292695407564256
890863687,43.47749642004643,-80.54446271415961,-392.13796030871174,351.0651,78.37035,1.0052694,0.25439194,-8.93491,1.8589672969588666,-9.032450893386734,12.401913111219176,9.221763852572098
891034918,43.477498135856024,-80.54447385884342,-393.37763203369934,351.07767,78.021545,1.0115942,0.23265322,-8.922334,1.9100392388027472,-9.002674223257856,12.396717249876183,9.20306433009558
891255235,43.477500457184675,-80.54448915727356,-395.0660056310044,351.09882,78.212296,0.97230524,0.26658562,-8.901181,1.8872056169098306,-9.043236669302848,12.334558907164805,9.238055774756921
891377487,43.47750257590496,-80.5445029264611,-396.5766832343394,351.1395,78.014366,0.8695542,0.21912397,-8.8604965,1.9393488192438797,-9.135180281084384,12.352600947720804,9.338768259819686
891621919,43.47750438829846,-80.5445142140932,-397.80605520240135,351.1502,77.52329,0.88322616,0.1933349,-8.849795,2.017556451331636,-9.118147820969586,12.293719680619732,9.338691220902547
891757173,43.4775067700835,-80.54452942491966,-399.45569422446226,351.1786,77.83151,0.86393005,0.23426117,-8.821417,1.9623667639029665,-9.1005329913842,12.163999929228067,9.30970375701307
891904184,43.477508850634976,-80.54454346876034,-400.982834762066,351.1997,78.577515,0.795684,0.3082028,-8.80028,1.8437954695887855,-9.125720722581049,12.308744268186222,9.310121397716644
892027155,43.47751045766519,-80.5445546131091,-402.2325128948429,351.21317,78.76067,0.8303149,0.32546398,-8.786845,1.788946035034652,-9.002403563478905,12.496781327768725,9.178431120622081
892247115,43.47751198237038,-80.54456569228464,-403.5034419928594,351.2306,79.26151,0.8502922,0.34407115,-8.769424,1.697301815961595,-8.94975665085259,12.709290980165006,9.109279750010245
892430565,43.47751467926655,-80.54458583016806,-405.82548249772435,351.26382,79.62025,0.8988149,0.38632447,-8.736165,1.6169233806742846,-8.827490880389886,12.617745989262218,8.97435437579427
892613968,43.47751674149772,-80.54460346161798,-407.86365776402704,351.2996,81.37632,0.9014006,0.46515912,-8.70041,1.3395472672658508,-8.832650020294503,12.623694741510564,8.933649492914297
892833997,43.477518215104126,-80.54461823840181,-409.5766256170182,351.33963,82.30723,0.9059467,0.5224438,-8.660376,1.1775369131534497,-8.717537408129958,12.521206688364483,8.796706863592998
893017424,43.47751936235175,-80.54463297178108,-411.28716651337436,351.38617,84.32848,0.87459224,0.59175515,-8.613841,0.8672530257697202,-8.7326821867491,12.542279561200733,8.775640488618013
893152122,43.47752007764251,-80.54464754013351,-412.9640034327797,351.4403,86.46799,0.828817,0.62578833,-8.559683,0.5411944330425684,-8.768050836146651,12.422379378441638,8.784737154838968
893335393,43.47752089838735,-80.54466743445619,-415.25781122165677,351.52527,86.9602,0.8414477,0.65322423,-8.474735,0.46412541465182977,-8.739873327395612,12.536510155393817,8.752188193785997
893457492,43.477521334324194,-80.54468065493657,-416.78645357507196,351.6119,87.552895,0.83672917,0.7196581,-8.388106,0.37448388604823096,-8.76272762235852,12.471653953244786,8.770725942848449
893580288,43.47752148096561,-80.54469383050925,-418.3204343661072,351.6682,89.48168,0.8773775,0.7811035,-8.331798,0.07824827489362668,-8.64947856468478,12.503634100991663,8.649832497422437
893702862,43.47752143656591,-80.54470457305507,-419.53821728817377,351.6973,90.32633,0.8661478,0.79933006,-8.30269,-0.04942574634413591,-8.677827207013001,12.17782922066644,8.677967961405294
893825267,43.47752129824411,-80.54471526710657,-420.7635065720011,351.73053,91.021164,0.8564921,0.8323882,-8.269476,-0.15397982183587067,-8.638653492020357,12.252892838273505,8.640025690976163
894009193,43.47752078765155,-80.54473482930435,-423.033134100917,351.84808,92.5989,0.8745941,0.94428074,-8.151911,-0.38872519170104364,-8.564028824233976,12.348185818004344,8.572846492091958
894131949,43.477520300901446,-80.54474545862489,-424.2611900648833,351.8805,93.610916,0.8699855,0.97235364,-8.119504,-0.541850216213688,-8.586363842742731,12.280559639662794,8.60344382772216
894364787,43.47751890872793,-80.5447663645089,-426.70870969577027,351.98163,95.865166,0.8995153,1.0639104,-8.018377,-0.8724359902184953,-8.492889724397347,12.352270378070623,8.537582821138697
894572452,43.47751795972254,-80.54477687298238,-427.9388828864785,352.01862,97.09405,0.89674073,1.0793889,-7.9813843,-1.0564327980156976,-8.488743585287208,12.301731907082125,8.5542280723323
894694460,43.47751689369653,-80.5447894590173,-429.43797518872304,352.09238,96.771736,0.9369979,1.1091421,-7.907636,-0.9882291602884438,-8.322459607411556,12.275084856958003,8.38092660689982
894817137,43.47751602892741,-80.5447996963845,-430.6610187923528,352.12747,96.63978,0.969011,1.1082203,-7.87252,-0.9626609868330093,-8.269743986052047,12.230436036298016,8.325585971594691
895074292,43.477513984757095,-80.54481975329705,-433.11456850094055,352.2337,98.30042,1.0040355,1.1847913,-7.7662864,-1.1853207093124913,-8.124661335758239,12.45924268259723,8.210670313968885
895221149,43.47751256604532,-80.54483213904126,-434.67985139194536,352.30493,99.094734,1.0234073,1.2261655,-7.695071,-1.2820963989047796,-8.009105648236995,12.59583073468186,8.11107541949317
895355940,43.47751132988342,-80.54484197165137,-435.9274058168212,352.33948,99.82899,1.0338603,1.2401223,-7.660528,-1.3760954259275862,-7.942781245861742,12.475544248758725,8.061104920596916
895625195,43.47750928689162,-80.54485653658506,-437.8053112532855,352.40613,101.32006,1.0518031,1.3100963,-7.593879,-1.577294930707414,-7.879232730819007,12.631039747250655,8.035556466408835
895808277,43.477506723490954,-80.54487215443862,-439.8411946550282,352.47186,102.959465,1.0604285,1.3551627,-7.5281343,-1.8079972777994038,-7.856653749604535,12.609175631673223,8.062001134811695
896212286,43.47750320697561,-80.54489139956198,-442.30324917709754,352.56363,104.548065,1.0299025,1.4315875,-7.4363647,-2.0345947069352106,-7.840054201592608,12.341591849474081,8.099754657111454
896395828,43.47750139831214,-80.54490113197394,-443.5316313825002,352.5889,104.364624,0.9928844,1.4044622,-7.411092,-2.0134041745636293,-7.861841200084767,12.283822054026345,8.115561805907248
896653429,43.47749956684373,-80.54491088024898,-444.7574480669697,352.6092,104.51546,0.97348684,1.4315125,-7.3908,-2.03879062812544,-7.874655376588253,12.258166844694143,8.134301723280394
897020419,43.47749779700337,-80.54492072908486,-445.98243633339973,352.63193,103.908844,0.9553993,1.4069575,-7.3680778,-1.9701862915812403,-7.955888429101205,12.249882664300516,8.196206117457093
897179680,43.47749488900855,-80.5449366517602,-447.9412027870982,352.69812,104.20435,0.8905081,1.4356724,-7.3018737,-2.0566983193715096,-8.125394929220414,12.31554540675385,8.381649642684096
897423838,43.477491117760785,-80.54495689127518,-450.36719253785645,352.74094,104.303185,0.8323987,1.455159,-7.259063,-2.135997605668204,-8.377906461737153,12.274884089708245,8.645912470817493
897607751,43.4774879789081,-80.54497374712001,-452.353606493675,352.78088,104.46813,0.7823845,1.4705957,-7.2191286,-2.182810597067006,-8.459711807372019,12.327004003227788,8.73678350232267
897730582,43.47748597271386,-80.54498437234646,-453.58798253168743,352.799,104.58485,0.7543666,1.4756267,-7.200991,-2.2332954351425864,-8.583056636213584,12.34376038012465,8.868848274780596
897951754,43.477482746918035,-80.54500178804277,-455.58767309282064,352.83325,104.24508,0.69188684,1.4559247,-7.1667547,-2.2172760165053416,-8.733687182261761,12.377599373716771,9.010749398966391
898135496,43.47747905324307,-80.54502203524221,-457.87573207047376,352.86212,103.99776,0.6249026,1.4596388,-7.1378736,-2.2328743544961753,-8.957063281869765,12.493394183311814,9.231181425927359
898257449,43.47747658798659,-80.54503574331578,-459.406985441611,352.88998,103.909615,0.5551605,1.4580289,-7.1100054,-2.26030805008615,-9.126913480289197,12.539765222431377,9.402634851889598
898440922,43.47747333912619,-80.5450542019414,-461.4378037627441,352.9147,103.51094,0.49287406,1.4399863,-7.0853066,-2.233794305196542,-9.29660056912254,12.646113286387623,9.561203854104255
898723374,43.47747135105953,-80.54506576910866,-462.69759885577366,352.92212,103.32496,0.4665399,1.4279087,-7.077875,-2.213115813435399,-9.343956305074219,12.597950930295788,9.602468486530642
898943795,43.477468144509764,-80.54508459647117,-464.7321707619243,352.94354,103.19068,0.38249952,1.4084758,-7.0564513,-2.2195074672297253,-9.469846919257419,12.647560863264154,9.726469764064335
899065967,43.4774661790869,-80.54509642144106,-465.9886855568176,352.94806,102.90092,0.35659954,1.3930832,-7.0519443,-2.187908728399479,-9.552209229933773,12.565147948932754,9.799573754824165
899249092,43.47746266187341,-80.54511831939354,-468.2934082337837,352.96066,102.21821,0.28303334,1.3469616,-7.0393257,-2.106371191394854,-9.727386385129721,12.597784383845125,9.952831028483567
899432090,43.47745960655802,-80.54513794486206,-470.3299908837738,352.96457,102.08887,0.23593108,1.3448882,-7.0354447,-2.112723713549454,-9.86432719456908,12.634076157024761,10.088040071852872
899566568,43.477457066723126,-80.54515449290356,-472.03691146211975,352.9683,101.89461,0.18027398,1.3314489,-7.0317144,-2.0993144153221617,-9.966610291133238,12.70589873188758,10.18530518490744
899836189,43.47745426859204,-80.54517303170269,-473.9283549207902,352.97208,101.71257,0.0936262,1.3144493,-7.0279226,-2.093563893288855,-10.098283159455589,12.71410243385895,10.313017625497745
899970657,43.47745173390784,-80.54518992650138,-475.642484396211,352.97424,101.636215,0.013873816,1.3073224,-7.025757,-2.0972611803832675,-10.184376209353106,12.755914292379165,10.398077862392652
900387319,43.477449397552654,-80.54520560364243,-477.2336110089417,352.97476,101.603355,0.02085222,1.2895216,-7.0252485,-2.089143243315103,-10.174486742430533,12.79325757596448,10.386755988420246
900595464,43.47744708667754,-80.54522125334566,-478.8230944080452,352.97534,101.48133,0.051460117,1.245644,-7.0246487,-2.0646960896523776,-10.165259194834851,12.77880381682407,10.372823359182412
900852350,43.477443897910234,-80.54524300853477,-481.0357586071784,352.9757,101.40227,0.09603093,1.1876279,-7.0242815,-2.043046846597328,-10.130315862689411,12.7618274728919,10.334279844055317
900974743,43.47744166472701,-80.54525831967881,-482.5991775258934,352.97705,101.35043,0.15026015,1.168291,-7.0229635,-2.0270908531735308,-10.098328173030492,12.779245753938872,10.2997732604772
901097180,43.47743985916128,-80.54527079747328,-483.8772818696425,352.97775,101.277374,0.17305231,1.1509415,-7.0222564,-2.009955775496467,-10.07956085623714,12.781043437491112,10.278009013132827
901219565,43.47743805737786,-80.54528324941447,-485.1549712306323,352.97864,101.27712,0.19975062,1.148431,-7.0213604,-2.0057452977683186,-10.058676574897786,12.776893609898028,10.25670457008084
901623775,43.47743626995838,-80.54529567877172,-486.43384937506903,352.9792,101.20931,0.22323278,1.1326255,-7.020827,-1.9897553620648905,-10.040433273531656,12.788781444367206,10.235693758661775
901807467,43.47743341863816,-80.54531567318602,-488.4960298521394,352.98013,101.08717,0.2701024,1.0998622,-7.019879,-1.9613173001832087,-10.008780912167664,12.782735415959271,10.199140203947081
901967722,43.47743101738266,-80.5453326192319,-490.2512985045522,352.98114,101.04498,0.31976,1.0794516,-7.0188546,-1.946947693913872,-9.974361367476764,12.804497690860977,10.162602521591085
902212822,43.47742758396441,-80.54535702237747,-492.7907639902195,352.98203,100.950905,0.3688911,1.0530372,-7.0179706,-1.9227640870172296,-9.937214474656265,12.827782263560422,10.121524255251341
902335544,43.47742586912597,-80.54536930217438,-494.0761768595763,352.98236,100.89299,0.39435342,1.0384655,-7.0176353,-1.9089581521418033,-9.919618444758601,12.85412869356865,10.10163112156763
902470405,43.47742416638489,-80.54538153746908,-495.36383689142417,352.98303,100.85638,0.42392632,1.031899,-7.0169826,-1.8954913675342226,-9.883669571497965,12.876600318478594,10.063787146146899
902654398,43.47742246932128,-80.54539376540995,-496.652435336718,352.98346,100.827385,0.44501376,1.0134095,-7.0165296,-1.8891712084318413,-9.877729138703636,12.885984452938024,10.056763932416963
902777173,43.47742039590124,-80.5454087515959,-498.23776484813277,352.98477,100.7833,0.5007468,0.9918437,-7.015218,-1.8769995382758902,-9.855176961690605,12.917238813453748,10.032329750009474
903107690,43.47741871463105,-80.54542093347348,-499.5288364536332,352.9856,100.76859,0.52702,0.984585,-7.0144186,-1.8715899754521257,-9.840519219079097,12.910716055004455,10.016919064127352
903266457,43.477417044548,-80.5454331110158,-500.8189688306642,352.98575,100.702324,0.53804106,0.95793545,-7.01426,-1.8591364540777755,-9.837017200652692,12.90132377031033,10.011158562365187
903510914,43.47741437528619,-80.54545268055331,-502.90035698470365,352.98672,100.629715,0.58837986,0.93455684,-7.0132775,-1.8397881163759318,-9.802700031397007,12.922874817459414,9.973853228251807
903633153,43.477412732160815,-80.54546481271669,-504.1929281239437,352.98694,100.571976,0.59738135,0.9064233,-7.0130754,-1.8291271640239926,-9.800360097862649,12.925711392400169,9.969591979110723
903767721,43.477410527371724,-80.54548111908147,-505.9308667766244,352.98807,100.54969,0.6422867,0.8799783,-7.011918,-1.822806252822186,-9.787605497670151,12.915160808905945,9.955894937842134
903914990,43.47740848965936,-80.54549621255865,-507.5395256249608,352.98895,100.538216,0.6960838,0.86572134,-7.0110474,-1.8186647969930696,-9.776244228800872,12.89397574788423,9.94396766210471
904135201,43.47740686775062,-80.54550831105743,-508.8289197062272,352.98917,100.466896,0.70628774,0.838786,-7.01084,-1.8055088116164666,-9.773165840599102,12.893940812664848,9.93854278134767
904257656,43.477404884573545,-80.545523107586,-510.40900214360045,352.99026,100.46403,0.78982943,0.8311234,-7.009746,-1.8009038025838207,-9.750970860289156,12.910685505776653,9.915880557185485
904453011,43.47740267830414,-80.5455395976892,-512.1733436454755,352.99045,100.44504,0.7875678,0.81812507,-7.0095506,-1.7963331821033792,-9.744306694696993,12.899227387544379,9.908497659153092
904599944,43.47740107154574,-80.54555167357036,-513.4619344968916,352.9902,100.39026,0.7652561,0.79785097,-7.009795,-1.788643446013945,-9.75489532021244,12.88590851416069,9.917521267195308
904722202,43.477399481951416,-80.54556372519147,-514.7548265498564,352.99057,100.301895,0.7897773,0.780203,-7.009424,-1.7695364034270469,-9.735298063037074,12.92892052964835,9.894811138128254
904906319,43.477396930221715,-80.54558310436387,-516.8444318601184,352.99106,100.27669,0.82302713,0.7631934,-7.008956,-1.7581587347735304,-9.696948266351622,12.970414929861457,9.855045804914363
905029307,43.47739499062622,-80.54559784577523,-518.4418618728723,352.9921,100.27568,0.8790663,0.7573646,-7.0079017,-1.7550645998881151,-9.680853384387783,12.989663554767919,9.838657123804692
905163831,43.47739287894308,-80.54561394368376,-520.1914016401444,352.99323,100.230385,0.9394806,0.7154882,-7.0067644,-1.7424395118316263,-9.654693849547112,13.016232950955475,9.810668110830926
905493614,43.477389984161654,-80.54563606985423,-522.6085810882748,352.9944,100.20635,1.0209101,0.7152972,-7.0056148,-1.7325924017603587,-9.623221474488142,13.04296224387014,9.77794804535632
905665206,43.47738732598523,-80.54565648709419,-524.8489322543044,352.9952,100.178,1.0729479,0.7078044,-7.0047855,-1.7250987831103166,-9.6088613230084,13.06273529465917,9.762488501211944
905872916,43.47738577257059,-80.54566837774358,-526.154444633893,352.9954,100.20579,1.0880256,0.7313124,-7.004618,-1.7292611753609506,-9.605265126108513,13.055123795886585,9.759685566423087
905995486,43.477383879924844,-80.54568292650593,-527.7564207545585,352.99643,100.14951,1.136276,0.6997862,-7.0035796,-1.716127094175956,-9.586289919125033,13.072306810442916,9.73868813633967
906118027,43.47738234501634,-80.54569477134656,-529.0660957067328,352.99655,100.124916,1.1653329,0.69272375,-7.003434,-1.7086601511817028,-9.568260816616032,13.096749521743128,9.719626256550505
906521554,43.47738025535199,-80.54571092972732,-530.8597745789148,352.9972,100.09978,1.2235157,0.6805661,-7.002807,-1.7004434610479633,-9.546453546963221,13.131288825793284,9.696715077207717
906679991,43.477377840173205,-80.54572964578267,-532.9411216607382,352.9972,100.08073,1.2239958,0.66292053,-7.0028005,-1.695535444804368,-9.537259535185946,13.144387273440381,9.686803388429187
906961475,43.47737631834226,-80.54574146123898,-534.2553707117764,352.99658,100.06487,1.1963085,0.6533991,-7.003414,-1.6941022117753874,-9.544524163984788,13.142490510382986,9.693705371055579
907108388,43.47737442625846,-80.54575615841361,-535.8899485471109,352.99652,100.05976,1.1903664,0.6412508,-7.0034857,-1.6941609825391792,-9.549805291225939,13.146267501133808,9.698915533970025
907267503,43.477372353686924,-80.54577227076244,-537.6863465682948,352.99643,100.05298,1.195276,0.6235208,-7.003583,-1.6900638525392087,-9.533273637791636,13.171890192265984,9.681922437133684
907512392,43.477369354018165,-80.54579562652269,-540.2891897750227,352.99677,100.04795,1.1537414,0.63117576,-7.0032387,-1.689765787823767,-9.536460412354023,13.14986140254516,9.685008291896045
907634998,43.47736749355794,-80.54581010186563,-541.9005629127481,352.99716,100.04035,1.1516464,0.6276087,-7.0028334,-1.6888011236191733,-9.538381353541906,13.14221617417715,9.686731547882047
907769553,43.47736545827175,-80.54582597769337,-543.671452970274,352.99774,100.013306,1.1999432,0.60155624,-7.0022674,-1.6822879435286366,-9.527788229356156,13.17023284861781,9.675166213993407
907953937,43.477363585240234,-80.54584062584534,-545.3130430329619,352.99826,99.98784,1.2585527,0.5930607,-7.0017543,-1.6739759496209066,-9.505388474628068,13.195331457103277,9.651663355790095
908173858,43.47736080530944,-80.54586241484162,-547.7604420374489,352.99808,99.959564,1.2305487,0.5731488,-7.001929,-1.6657778877586347,-9.486238179202896,13.219186788706534,9.63138259877118
908296255,43.477359306411984,-80.54587415683977,-549.0820497525825,352.9982,99.97703,1.2351347,0.601266,-7.001797,-1.668572642473783,-9.485184667199473,13.216077151335952,9.63082877192238
908504615,43.47735689668401,-80.54589302800531,-551.2182303490724,352.9991,99.98251,1.2953502,0.5993338,-7.0008974,-1.662919788813028,-9.447748045626284,13.26483260174452,9.592978961597968
908664444,43.47735540524566,-80.54590471709417,-552.5449385432257,352.99954,99.972404,1.320455,0.5899218,-7.000464,-1.6602691632316573,-9.442444560861903,13.267081941532748,9.587296437438892
908848930,43.47735391360012,-80.54591641183409,-553.8724952608247,352.9994,99.96904,1.2898393,0.58724576,-7.000622,-1.6604998181268587,-9.447009467820425,13.275567175990474,9.59183233439201
909069050,43.47735096482897,-80.54593948383513,-556.506415294696,352.9999,99.99016,1.3438274,0.60350925,-7.000094,-1.6598179538336475,-9.422757960939865,13.319295307219582,9.56782959872949
