timestamp_us,lat_synth,lon_synth,alt_synth,vehicle_heading_deg,ground_track_deg,roll_deg,pitch_deg,yaw_deg,v_north_mps,v_east_mps,v_down_mps,speed_mps
1121223258,0.0,0.0,0.0,359.998,359.998,0.0032055504,0.024104204,-0.0020118258,0.0,0.0,0.0,0.0
1121333103,0.0,0.0,0.0,359.9957,359.9957,-0.006328802,0.047628168,-0.0042934436,0.0,0.0,0.0,0.0
1121516473,0.0,0.0,0.0,359.98904,359.98904,-0.0172787,0.12198954,-0.010963818,0.0,0.0,0.0,0.0
1121651226,0.0,0.0,0.0,359.9844,359.9844,-0.014430115,0.16710047,-0.015590482,0.0,0.0,0.0,0.0
1121986306,0.0,0.0,0.0,359.97955,359.97955,-0.026463568,0.21626908,-0.020446783,0.0,0.0,0.0,0.0
1122545617,43.4776825,-80.54529533333333,342.6000061035156,359.9697,359.9697,0.024356818,0.30632448,-0.03030871,0.0,0.0,0.0,0.0
1122823417,43.4776825,-80.54529533333333,342.6000061035156,359.96478,359.96478,0.015316698,0.35653406,-0.035209402,0.0,0.0,0.0,0.0
1123046768,43.4776825,-80.54529533333333,342.6000061035156,359.957,359.957,0.0073424554,0.41739637,-0.042989615,0.0,0.0,0.0,0.0
1123259343,43.4776825,-80.54529533333333,342.6000061035156,359.9527,359.9527,-0.006356179,0.46479362,-0.047310274,0.0,0.0,0.0,0.0
1123411388,43.4776825,-80.54529533333333,342.6000061035156,359.94946,359.94946,0.0078105605,0.48921198,-0.05053761,0.0,0.0,0.0,0.0
1123535464,43.4776825,-80.54529533333333,342.6000061035156,359.94522,359.94522,-0.026836049,0.5250217,-0.054791443,0.0,0.0,0.0,0.0
1123811560,43.4776825,-80.54529533333333,342.6000061035156,359.94296,359.94296,-0.014459193,0.54826146,-0.057046104,0.0,0.0,0.0,0.0
1123998675,43.4776825,-80.54529533333333,342.6000061035156,359.93582,359.93582,0.023057448,0.60575634,-0.06417784,0.0,0.0,0.0,0.0
1124122443,43.4776825,-80.54529533333333,342.6000061035156,359.93326,359.93326,-0.0016466349,0.6158131,-0.06672904,0.0,0.0,0.0,0.0
1124246659,43.4776825,-80.54529533333333,342.6000061035156,359.92844,359.92844,0.022047943,0.6592002,-0.07156488,0.0,0.0,0.0,0.0
1124455528,43.4776825,-80.54529533333333,342.6000061035156,359.92603,359.92603,0.012384702,0.68434405,-0.07396665,0.0,0.0,0.0,0.0
1124713504,43.4776825,-80.54529533333333,342.6000061035156,359.92328,359.92328,0.030741764,0.7050906,-0.07673396,0.0,0.0,0.0,0.0
1125059242,43.4776825,-80.54529533333333,342.6000061035156,359.91785,359.91785,-0.009907116,0.7395687,-0.08215543,0.0,0.0,0.0,0.0
1125175008,43.4776825,-80.54529533333333,342.6000061035156,359.91547,359.91547,-0.021667583,0.7630693,-0.08452606,0.0,0.0,0.0,0.0
1125297856,43.4776825,-80.54529533333333,342.6000061035156,359.91104,359.91104,0.013685756,0.79925996,-0.088972315,0.0,0.0,0.0,0.0
1125558770,43.4776825,-80.54529533333333,342.6000061035156,359.90942,359.90942,0.019817615,0.823176,-0.09057207,0.0,0.0,0.0,0.0
1125930145,43.4776825,-80.54529533333333,342.6000061035156,359.9054,359.9054,-0.013361294,0.86394906,-0.09461155,0.0,0.0,0.0,0.0
1126113888,43.4776825,-80.54529533333333,342.6000061035156,359.8989,359.8989,-0.059273757,0.8940284,-0.1011103,0.0,0.0,0.0,0.0
1126301007,43.4776825,-80.54529533333333,342.6000061035156,359.89447,359.89447,-0.088724986,0.93887436,-0.10554252,0.0,0.0,0.0,0.0
1126423680,43.4776825,-80.54529533333333,342.6000061035156,359.89322,359.89322,-0.06689643,0.9546027,-0.10678981,0.0,0.0,0.0,0.0
1126622545,43.4776825,-80.54529533333333,342.6000061035156,359.8864,359.8864,-0.05659881,1.000939,-0.113578185,0.0,0.0,0.0,0.0
1126847547,43.4776825,-80.54529533333333,342.6000061035156,359.88327,359.88327,-0.053350676,0.99581647,-0.11673644,0.0,0.0,0.0,0.0
1126969670,43.4776825,-80.54529533333333,342.6000061035156,359.88315,359.88315,-0.023480743,0.9966155,-0.11686023,0.0,0.0,0.0,0.0
1127178184,43.4776825,-80.54529533333333,342.6000061035156,359.87973,359.87973,0.05253961,0.96694213,-0.12028257,0.0,0.0,0.0,0.0
1127427445,43.4776825,-80.54529533333333,342.6000061035156,359.87906,359.87906,0.08082062,0.9625199,-0.1209416,0.0,0.0,0.0,0.0
1127577781,43.4776825,-80.54529533333333,342.6000061035156,359.87857,359.87857,0.13950863,0.95820963,-0.12143354,0.0,0.0,0.0,0.0
1127776204,43.4776825,-80.54529533333333,342.6000061035156,359.8797,359.8797,0.19234894,0.9777784,-0.12030995,0.0,0.0,0.0,0.0
1127923597,43.4776825,-80.54529533333333,342.6000061035156,359.8833,359.8833,0.23631717,1.0011274,-0.116685614,0.0,0.0,0.0,0.0
1128048700,43.4776825,-80.54529533333333,342.6000061035156,359.88678,359.88678,0.24844259,1.028054,-0.113229975,0.0,0.0,0.0,0.0
1128199651,43.4776825,-80.54529533333333,342.6000061035156,359.8907,359.8907,0.2768388,1.041512,-0.10931946,0.0,0.0,0.0,0.0
1128325015,43.4776825,-80.54529533333333,342.6000061035156,359.896,359.896,0.30547032,1.0380976,-0.10400822,0.0,0.0,0.0,0.0
1128459810,43.4776825,-80.54529533333333,342.6000061035156,359.90662,359.90662,0.36502025,1.04717,-0.0933956,0.0,0.0,0.0,0.0
1128601000,43.4776825,-80.54529533333333,342.6000061035156,359.92377,359.92377,0.45185882,1.0673062,-0.07624466,0.0,0.0,0.0,0.0
1128725252,43.4776825,-80.54529533333333,342.6000061035156,359.95062,359.95062,0.5156653,1.1106055,-0.049388465,0.0,0.0,0.0,0.0
1128860808,43.4776825,-80.54529533333333,342.6000061035156,359.9579,359.9579,0.5427963,1.1093848,-0.042125545,0.0,0.0,0.0,0.0
1129448054,43.4776825,-80.54529533333333,342.6000061035156,359.9769,359.9769,0.5654982,1.1232046,-0.023100933,0.0,0.0,0.0,0.0
1129661921,43.4776825,-80.54529533333333,342.6000061035156,0.016914569,0.016914569,0.6127028,1.1527784,0.016914569,0.0,0.0,0.0,0.0
1129762213,43.4776825,-80.54529533333333,342.6000061035156,0.040436205,0.040436205,0.59847635,1.1836671,0.040436205,0.0,0.0,0.0,0.0
1129875873,43.4776825,-80.54529533333333,342.6000061035156,0.08205282,0.08205282,0.6279605,1.2327354,0.08205282,0.0,0.0,0.0,0.0
1129999345,43.4776825,-80.54529533333333,342.6000061035156,0.10579514,0.10579514,0.6252783,1.2565328,0.10579514,0.0,0.0,0.0,0.0
1130124370,43.4776825,-80.54529533333333,342.6000061035156,0.13414924,0.13414924,0.6036458,1.277858,0.13414924,0.0,0.0,0.0,0.0
1130247879,43.4776825,-80.54529533333333,342.6000061035156,0.19466059,0.19466059,0.6393763,1.3256453,0.19466059,0.0,0.0,0.0,0.0
1130374075,43.4776825,-80.54529533333333,342.6000061035156,0.26086336,0.26086336,0.6572829,1.3772428,0.26086336,0.0,0.0,0.0,0.0
1130495248,43.4776825,-80.54529533333333,342.6000061035156,0.29587185,0.29587185,0.6824983,1.3996856,0.29587185,0.0,0.0,0.0,0.0
1130617596,43.4776825,-80.54529533333333,342.6000061035156,0.33286873,0.33286873,0.7269279,1.4110608,0.33286873,0.0,0.0,0.0,0.0
1130751731,43.4776825,-80.54529533333333,342.6000061035156,0.48302862,0.48302862,0.828901,1.4733385,0.48302862,0.0,0.0,0.0,0.0
1130899635,43.4776825,-80.54529533333333,342.6000061035156,0.56503856,0.56503856,0.84139335,1.5309416,0.56503856,0.0,0.0,0.0,0.0
1131025070,43.4776825,-80.54529533333333,342.6000061035156,0.65330595,0.65330595,0.9060894,1.5655806,0.65330595,0.0,0.0,0.0,0.0
1131676994,43.47768240969194,-80.54529525224218,342.6131900437045,0.7435251,213.08757,0.9542374,1.6253886,0.7435251,-0.1005309390000768,0.06550421788776041,-0.13183940188889862,0.11998863386723076
1132077180,43.47768191895131,-80.54529489810406,342.62285188453075,0.8362917,209.95158,0.98194736,1.6623677,0.8362917,-0.3696119092785517,0.21297928502650715,0.01997321729198162,0.426583097802689
1132200851,43.47768146198953,-80.54529438592368,342.6075734893278,0.9338404,215.97356,1.0056602,1.6889244,0.9338404,-0.4696467012235749,0.34088723690095535,0.15568279172323898,0.5803207149948671
1132322923,43.47768092262192,-80.54529376122342,342.5868200376872,0.9850377,220.04521,1.0338758,1.7070432,0.9850377,-0.6004240260517327,0.5046236057332192,0.20753451640647233,0.7843175342444967
1132460679,43.477679801938066,-80.5452926209772,342.5511902215467,1.0897311,216.02615,1.0679142,1.7468703,1.0897311,-1.0060730884197853,0.7316569642118083,0.27324992081579996,1.2439875290862705
1132576606,43.47767873530445,-80.54529150208545,342.51150424627014,1.1391522,217.27818,1.0948056,1.7646074,1.1391522,-1.1873765424010163,0.9038241501798175,0.3968597527651937,1.4922336103614815
1132726118,43.47767684464181,-80.54528954920706,342.44107373107437,1.3048282,216.64183,1.1454778,1.8353239,1.3048282,-1.479509063266024,1.100457265656288,0.5197747995383801,1.8438962177470894
1133048876,43.47767523350945,-80.54528797636813,342.3984618421241,1.3718041,215.31358,1.1613412,1.8675435,1.3718041,-1.7935125489048565,1.2705159418367944,0.42611888950288124,2.1979303950627354
1133358627,43.4776732335099,-80.54528613590905,342.35443775372676,1.4371488,213.73332,1.1702547,1.889722,1.4371488,-2.226399501580871,1.4866955445904075,0.4402408839733821,2.6771474339200148
1133544015,43.47767085557104,-80.54528399591202,342.30040396614913,1.5012003,213.14586,1.2127757,1.9132233,1.5012003,-2.6471215318564054,1.728657857691392,0.5403378757762637,3.1615677113381575
1133666798,43.47766756371226,-80.54528132659605,342.25481852002196,1.617201,209.8265,1.1943209,1.9940891,1.617201,-3.0915839674752386,1.7724664308549045,0.3141987876005528,3.5636398073398863
1133949744,43.477663706028885,-80.54527846717278,342.19860500307243,1.7266988,208.0852,1.1936545,2.054839,1.7266988,-3.506595340438851,1.8711839082435548,0.47788550888888115,3.974611943329447
1134125659,43.47765845869889,-80.54527457031806,342.1481469651506,1.8299886,208.56293,1.2331372,2.1004837,1.8299886,-3.9471876047215493,2.1487645464613614,0.23946610362032938,4.4941605515375995
1134250568,43.477653894908066,-80.54527088342144,342.1261431341817,1.9353136,210.86177,1.313067,2.1297593,1.9353136,-4.094444458582223,2.446764818134316,0.1858467320314895,4.769814828656823
1134568737,43.47764994636904,-80.54526774408725,342.12242273097394,1.9925177,209.98198,1.3382099,2.16544,1.9925177,-4.395513642418327,2.5359075738464862,0.037204032077071264,5.07458051505517
1134715945,43.47764539126992,-80.54526451745744,342.12499276769654,2.0468621,207.20375,1.3506557,2.1891534,2.0468621,-5.0707363446776395,2.606423700936374,-0.025700367226091883,5.701386812525319
1134838617,43.477639346794604,-80.54526055121359,342.1327458970764,2.152142,204.8764,1.3690286,2.2517195,2.152142,-5.585756112160929,2.5900256259561445,-0.0885025964228627,6.157020715220366
1135064639,43.47763416973698,-80.54525756007622,342.11373743053974,2.2002695,202.746,1.340208,2.266296,2.2002695,-5.763100547634517,2.41619638378076,0.1900846653669315,6.249106567113453
1135274164,43.47762894036147,-80.54525470264711,342.08382518676547,2.2532458,201.62856,1.3169724,2.2809927,2.2532458,-5.821340822199672,2.3081888451656885,0.29912243774292824,6.262247576801452
1135424178,43.47762323573337,-80.54525186165196,342.0812654729031,2.307687,199.86891,1.3089995,2.3149855,2.307687,-6.350392000922516,2.2949137360336898,0.025597138623055016,6.752340899363477
1135561311,43.47761491411346,-80.54524785080453,342.08068460684603,2.4089935,198.6631,1.3154978,2.3605678,2.4089935,-6.887498429550145,2.3263469047562224,-0.02771755316536876,7.26976784624685
1135737840,43.477603065117805,-80.5452427735856,342.09978886264366,2.512734,196.74165,1.2945461,2.4041076,2.512734,-7.6439568998985274,2.2993551710567752,-0.09802881532209932,7.982299874733587
1135888990,43.47759589536592,-80.54524000897693,342.1047109408782,2.552134,195.63177,1.2886345,2.4280775,2.552134,-7.981367791169748,2.2332098755303145,-0.04922078234514464,8.287910361851653
1136049557,43.47758435069852,-80.5452357437814,342.1300726876108,2.5913236,194.58617,1.260846,2.4165716,2.5913236,-7.980826806956564,2.076791973128205,-0.14121177373915,8.246615149398343
1136199291,43.47757729935973,-80.5452330286025,342.147864655352,2.582783,195.61116,1.278933,2.390016,2.582783,-7.849550343428906,2.1932812463351152,-0.17791967741243855,8.150210010763535
1136419391,43.47757045558089,-80.54523040892272,342.15361141861433,2.5760162,195.52335,1.2897868,2.3582335,2.5760162,-7.618494600432894,2.116138457292077,-0.05746763262326293,7.906927465662983
1136639562,43.47755945605822,-80.54522617003504,342.11969433585966,2.5537086,195.87329,1.2962346,2.2807994,2.5537086,-7.545354606062942,2.145549495602312,0.25109676011013093,7.84447313522805
1136761847,43.47755272430189,-80.54522322807419,342.06682743673224,2.543335,197.59515,1.3246771,2.2659183,2.543335,-7.493791145951342,2.3764723256963975,0.5286689912742442,7.861585492376177
1136862222,43.477546000879975,-80.54522033920749,342.0153242055664,2.5139167,197.25072,1.2916625,2.2617328,2.5139167,-7.488532656524924,2.3253531310054543,0.4844402954560229,7.841261922147296
1137126055,43.47753357281673,-80.54521495086412,341.95499602237896,2.4648757,197.41191,1.267033,2.2221487,2.4648757,-7.249717022087921,2.273577866941527,0.31544267308316065,7.597865043378814
1137503948,43.47752083010412,-80.54520948673984,341.8614247828948,2.4200442,197.55017,1.1817194,2.138839,2.4200442,-7.06750901941354,2.2351825546215043,0.4566051503745291,7.412538350118403
1137626634,43.47751473950279,-80.54520691112076,341.8366081951119,2.3948545,197.0593,1.1699562,2.1211698,2.3948545,-6.780057408722432,2.0805468754739618,0.24816587782893162,7.0920979806131
1137788553,43.47750516333883,-80.54520281855757,341.78184950058716,2.339067,197.1095,1.1627638,2.0846815,2.339067,-6.571972411213159,2.02299583147055,0.3439818147069486,6.876287770875658
1137901389,43.47749856367754,-80.5452001162043,341.75558237974377,2.2853692,196.37343,1.1174171,2.0582535,2.2853692,-6.492414126154717,1.9075493977360256,0.2387214539777544,6.766844603675807
1138163165,43.47748719014639,-80.54519571485102,341.72454584943193,2.2275226,195.45193,1.0959975,2.0490978,2.2275226,-6.3268487660930735,1.7488766403491998,0.1963152665764879,6.564113406407033
1138285392,43.47748027800503,-80.54519318088549,341.69870300878233,2.152545,194.6555,1.0632722,2.0818596,2.152545,-6.3191604519474005,1.6525565681818937,0.2033712479528546,6.531671457482931
1138660633,43.477471140013506,-80.54519011268147,341.65730889120414,2.0744085,193.3076,0.9945927,2.09532,2.0744085,-6.262196831965135,1.4811974927688965,0.2624036367248552,6.434986804559823
1138989035,43.477460836654444,-80.54518698286216,341.63031172952446,2.021568,191.95122,0.94845086,2.0580144,2.021568,-5.973517493872807,1.264395042026309,0.1027048580730403,6.105866529159082
1139311047,43.47745165938637,-80.54518446910191,341.62650482543063,1.9585128,190.98666,0.9148149,2.0324593,1.9585128,-5.886755381720367,1.1428480954357263,-0.02539961026859286,5.996664964249277
1139650632,43.47744645474992,-80.54518316122437,341.6267559245277,1.9220339,190.33418,0.89544475,2.0210984,1.9220339,-5.7938012962370316,1.0564840744263888,-0.0025109909702840244,5.889337149441734
1139837977,43.47744001883415,-80.54518147537452,341.62177967096096,1.8510048,190.80801,0.9358432,1.9911811,1.8510048,-5.685150620496552,1.0853251435261662,0.03353302784122937,5.787820681819922
1140147259,43.47743253262625,-80.54517952315688,341.61388193700884,1.735288,190.8363,0.8895589,1.9107243,1.735288,-5.4277874971818285,1.0389702537430854,0.08194785439614392,5.526331179247797
1140322771,43.477427844212265,-80.54517825808902,341.5801778638424,1.693396,191.07831,0.87271535,1.8753567,1.693396,-5.219142451260043,1.0219030463300536,0.3370407316647213,5.318245365028144
1140459550,43.47742334713926,-80.54517704721307,341.54746671592017,1.6465727,191.05548,0.8619084,1.8515763,1.6465727,-5.006141674424935,0.9781276245277243,0.32711147922218975,5.100802693133536
1140636131,43.477415770189374,-80.54517478557335,341.47403556343386,1.5041603,193.08588,0.87135404,1.7817651,1.5041603,-4.645564733894132,1.0798495417914853,0.516392984628826,4.76941786067316
1140861460,43.47741174547598,-80.54517329644212,341.4219831349797,1.4508665,195.02866,0.89331704,1.7556623,1.4508665,-4.480310946552115,1.2028981137340389,0.520524284540984,4.638981574636789
1140975676,43.477407849459034,-80.5451717563557,341.36051187865695,1.3983567,196.00526,0.89815366,1.7155231,1.3983567,-4.337046066517769,1.2440589599420477,0.6147125632279711,4.511945398484931
1141099633,43.47740412522276,-80.54516990703495,341.26364902162396,1.3504323,199.81549,0.9242964,1.6869303,1.3504323,-4.145819822323155,1.4938538651331303,0.9686285703296605,4.4067472550102975
1141224457,43.47740056993505,-80.54516797660993,341.1816740988497,1.3041973,201.50465,0.9370063,1.6597869,1.3041973,-3.9577462802920396,1.559368689911069,0.8197492277422912,4.253867220570059
1141449506,43.47739717461287,-80.54516593641199,341.0850845504664,1.2558451,203.55853,0.9435923,1.6165084,1.2558451,-3.77967265146194,1.6480416358745382,0.9658954838339014,4.123344102277344
1141686793,43.47739106308627,-80.54516167109696,340.88212342536127,1.1583923,208.18118,1.0056238,1.58908,1.1583923,-3.5902183663620137,1.923540024676542,1.0105540151428778,4.073042369617061
1141849033,43.47738794634696,-80.5451591955537,340.7801743718433,1.1127207,209.95737,1.0164624,1.5680536,1.1127207,-3.469554209801864,1.9997071255671206,1.0194905351794843,4.004576757011626
1142124521,43.477383358202474,-80.54515533472119,340.5985633102264,1.0339552,211.69115,1.0186057,1.5258428,1.0339552,-3.3678523759487327,2.0793091861847404,1.2506464304593479,3.958024294763206
1142286139,43.477379402622915,-80.54515170676478,340.4251350231355,0.94863063,213.92326,1.0626099,1.495333,0.94863063,-3.180891304180111,2.139345453315965,1.256101067462005,3.833388639002356
1142399987,43.477376643448295,-80.54514899298184,340.30737955181127,0.91376114,215.51562,1.070932,1.4654919,0.91376114,-3.0715131913008347,2.1921536039437743,1.1775547132425388,3.7735567714847904
1142525467,43.4773740270705,-80.54514614754406,340.19507976225697,0.8832172,218.2795,1.1047403,1.4491951,0.8832172,-2.912551754784532,2.298502417476973,1.1229978955428181,3.7102656356986015
1142647982,43.47737084405831,-80.54514253680057,340.0598491771478,0.79938924,220.29259,1.1306677,1.4195452,0.79938924,-2.8562017376692386,2.4216006072294896,1.1308714344979363,3.7446011626338804
1142774336,43.47736756245743,-80.54513868488414,339.8980134399366,0.75155765,220.63484,1.1480142,1.4218884,0.75155765,-2.8682298592319637,2.461397499574171,1.2911064003088628,3.7795793649955005
1142896707,43.477364577151185,-80.5451350306786,339.73213192525975,0.7035068,221.74373,1.1377547,1.3648008,0.7035068,-2.7052164580371314,2.4139666927862953,1.3680993455085833,3.6256628743881536
1143082486,43.47736215646131,-80.54513199324848,339.59805358972403,0.679411,222.31851,1.1644937,1.3497251,0.679411,-2.6947119695544646,2.453590985093697,1.3407833553572361,3.6443903908600626
1143278090,43.47735836647543,-80.54512643475496,339.3408061501838,0.6355258,227.92812,1.175828,1.2851665,0.6355258,-2.3543660757217513,2.6082008360579976,1.505579976219187,3.5136521199064483
1143649920,43.47735461530524,-80.54512053459172,339.0186297135581,0.5849926,228.34581,1.1435848,1.2682316,0.5849926,-2.1975327808915073,2.4704308891250926,1.6941203626137458,3.3063845966608536
1143801195,43.47735191370501,-80.54511593595828,338.76383210957266,0.5415579,230.57767,1.1436373,1.2430214,0.5415579,-1.96827623436776,2.39431549152819,1.6964469111291625,3.0994931856270966
1144074197,43.477349080315044,-80.54511121365516,338.502265644237,0.49005538,230.15941,1.1435776,1.247554,0.49005538,-2.0031313066671173,2.4007722480280917,1.5191096389167302,3.126698325494765
1144198100,43.477347415368875,-80.5451080900001,338.341251235804,0.46212968,233.7013,1.1654,1.2235864,0.46212968,-1.8534180771133346,2.523242222762642,1.6101440843296129,3.1308001985598906
1144323999,43.477345770425096,-80.54510491214873,338.1878435163029,0.4369307,234.49832,1.1939197,1.2190262,0.4369307,-1.8311514172740728,2.567021187080338,1.5340771950114713,3.1532068260588604
1144550365,43.47734353401572,-80.54510051669016,337.9773387738625,0.38556337,235.25992,1.2140979,1.2061422,0.38556337,-1.8238284514080674,2.6300101986891624,1.5443829589083347,3.200516187332062
1144724578,43.47734201877113,-80.54509722860209,337.81813930318305,0.36667246,237.5819,1.220807,1.1780765,0.36667246,-1.6867702760202938,2.6560687562199083,1.5919947067950613,3.1464098909444633
1144975037,43.47733993853,-80.545092780601,337.58941912061044,0.32822686,237.33362,1.2004615,1.1747513,0.32822686,-1.6862951465265001,2.6300669939818344,1.6762692339618026,3.1242349005846974
1145188084,43.477338345504585,-80.54508961807048,337.4202718950965,0.31013674,235.23282,1.1886353,1.1914191,0.31013674,-1.7733558932258366,2.5546452349992887,1.691472255139618,3.1098236928712497
1145449391,43.47733587631823,-80.54508469294167,337.1663874046228,0.270146,235.88513,1.145174,1.1709272,0.270146,-1.6619406575810107,2.453304911907042,1.5571831023058182,2.9632333252897958
1145624058,43.47733437892969,-80.54508178004235,336.9986152117799,0.2512481,234.68576,1.1212703,1.176228,0.2512481,-1.6668929227804334,2.352996846791507,1.6777219284288842,2.8835960495579593
1145812287,43.47733198425779,-80.54507687798876,336.7403823602561,0.20426479,236.70895,1.1430149,1.1123697,0.20426479,-1.6100535153197773,2.45190732916998,1.5417720373889034,2.933278349054354
1145937086,43.47733048183437,-80.54507394126335,336.5921677239171,0.18817389,234.8151,1.1182921,1.1312648,0.18817389,-1.6724977470302669,2.372243216170661,1.4821463633900682,2.9025482925334836
1146161391,43.47732902105294,-80.54507102093739,336.4305634424327,0.17116047,235.42009,1.1178879,1.1013079,0.17116047,-1.626141890591772,2.358995983770913,1.6160428148437829,2.865170064722979
1146523506,43.47732686667544,-80.545066800567,336.18589363049307,0.14035785,234.68253,1.0566639,1.0832851,0.14035785,-1.5827628428230915,2.233971774780317,1.6405358231560025,2.737840044110787
1146748761,43.477324942495905,-80.54506293058441,335.96771477761735,0.10468385,235.73851,1.0903469,1.059724,0.10468385,-1.570721216943915,2.305918797509517,1.559125842004719,2.790058537390481
1147059698,43.477323622868205,-80.54506004470697,335.8086357995361,0.08430977,237.7825,1.0833114,1.0449449,0.08430977,-1.4690095556478053,2.331168976450019,1.590789780812979,2.7554197268923644
1147235985,43.47732198932004,-80.54505666777031,335.62677354974835,0.03681782,236.00473,1.080711,1.067306,0.03681782,-1.5707148189818385,2.329094537588538,1.5504529747780904,2.8092394713861464
1147424479,43.47732014368479,-80.54505284651873,335.4016111003112,359.98593,236.53094,1.0357062,1.0296236,-0.014056005,-1.4819953353861306,2.241680703116551,1.6922732551703963,2.68727418564451
1147611916,43.47731781357802,-80.54504792905726,335.0882468547282,359.94308,236.50716,0.99261725,1.011239,-0.056903772,-1.3740926976515058,2.076590988339575,1.6684537407270494,2.4900523839052715
1147861130,43.47731559885613,-80.54504314527813,334.73124834044904,359.89563,238.11691,0.9654162,0.95594704,-0.10436841,-1.2520914469158524,2.01289244576733,1.921730809732486,2.370541918985407
1148173753,43.47731357767528,-80.54503841811348,334.3603568744236,359.82037,239.95398,0.98084396,0.8936827,-0.1796353,-1.188478106416217,2.0546907285762623,1.9959104911653232,2.373654187013755
1148600147,43.47731256192564,-80.54503595024808,334.1689336227114,359.7892,240.43774,0.95663136,0.8729541,-0.21078467,-1.1307324983861702,1.9935050602098037,1.9142325171220866,2.2918591597191837
1148762602,43.477311032146474,-80.54503207632709,333.8491125708591,359.6859,241.8027,0.9028999,0.80366176,-0.3141012,-1.0210231081724592,1.904416092327908,1.9696571354095729,2.1608537294642707
1148876659,43.47731014904452,-80.5450297394688,333.6551557938351,359.65103,242.49033,0.8933979,0.7792022,-0.34897992,-0.9830690953974516,1.8876794563716706,1.9395677702404412,2.1283229492568108
1149125933,43.47730869367459,-80.54502575751295,333.30696281907797,359.5813,243.13394,0.8795058,0.7816845,-0.41869202,-0.941788369558463,1.8590944188815965,2.079014225941639,2.084033922793074
1149249536,43.47730774926054,-80.54502293712432,333.0409580059057,359.50912,245.71207,0.8686211,0.7223655,-0.4908726,-0.8280235992170619,1.8348983106739005,2.171738146288001,2.0130759775463796
1149350441,43.477307027437675,-80.5450206097208,332.8223638138255,359.43555,247.38284,0.91724694,0.6930528,-0.5644653,-0.7798747222867722,1.8719491773782364,2.170490173615771,2.0279049053515616
1149749150,43.47730635945999,-80.5450183309953,332.592543901084,359.39667,248.00285,0.90134513,0.66775936,-0.6033381,-0.7435927559307757,1.8407206447229245,2.298199127415368,1.9852412142059475
1149874922,43.47730552827019,-80.54501541458565,332.30316952804196,359.32193,248.92796,0.9345124,0.6359206,-0.6780742,-0.722887528765157,1.8761324925123146,2.2950882076623302,2.010581883113609
1150159722,43.47730475428892,-80.5450124930425,332.013974810735,359.243,250.16049,0.9764907,0.6075918,-0.7569735,-0.6844180154813846,1.8969391113831506,2.3247063135971704,2.0166323443331398
1150281787,43.4773041872118,-80.54501006694241,331.7738481895712,359.203,252.14548,1.0033747,0.58910906,-0.79701084,-0.6312702504168813,1.9597676536538884,2.4012662116382546,2.0589296698453445
1150422699,43.477303667283955,-80.54500754072133,331.5322254593548,359.1579,254.16519,1.0305831,0.5693791,-0.84209603,-0.5787836810667636,2.0406439139295456,2.4162273021639087,2.121136047717564
1150560003,43.47730302487397,-80.54500397894154,331.18693832311993,359.06958,257.25763,1.0675869,0.5273215,-0.9304134,-0.47642102144642695,2.1067791608520228,2.5212537055086988,2.15997579205796
1150677965,43.47730263242408,-80.54500082635656,330.88855154755083,358.97803,261.0405,1.0892762,0.46573263,-1.0219679,-0.3409884244100682,2.1628069495687585,2.535035904929619,2.1895220955004264
1150801129,43.47730234462176,-80.54499809895864,330.6279821125338,358.92883,261.72607,1.1194125,0.4427335,-1.0711521,-0.3203815348003889,2.203151567897095,2.6056943501699896,2.226324585267944
1150949631,43.477302101380815,-80.54499383756632,330.2428190753301,358.83478,266.53494,1.1430458,0.38576412,-1.1652265,-0.14084106204649993,2.3260159916797583,2.6135285729197455,2.3302760777016003
1151410502,43.47730213546184,-80.54499007202267,329.90863612367446,358.73312,271.59448,1.1731013,0.31602785,-1.2668906,0.06720999410017436,2.4144794165469574,2.643846148285198,2.415414671694258
1151623487,43.47730234222203,-80.54498439649011,329.41079693637283,358.56775,273.30917,1.187497,0.22299747,-1.4322424,0.14196253818283333,2.4552302865297624,2.630849747909472,2.4593310314271095
1151999689,43.477302433488816,-80.54498123567767,329.1468027795961,358.51382,272.2787,1.2183557,0.24578649,-1.4861696,0.10159818403158552,2.5532573967603716,2.6399415677675715,2.5552779741370735
1152273855,43.47730290890799,-80.54497488257918,328.6575161145172,358.40918,278.13095,1.2553631,0.19923647,-1.5908285,0.39537455420919565,2.7673310405004306,2.5605357433722356,2.7954323683168076
1152547556,43.47730349830527,-80.54497065052533,328.31056527982463,358.30634,281.25558,1.2457967,0.13216193,-1.6936681,0.5447071511473058,2.737035946224146,2.827240217578159,2.790711674722797
1152648942,43.47730402955107,-80.54496715053547,328.0209731889149,358.2033,281.84326,1.3006369,0.10721207,-1.7967046,0.5877218819906891,2.8026961658265708,2.8468648499301628,2.863655497525783
1152861515,43.477304805286096,-80.54496178073069,327.5805290805074,358.12048,280.84445,1.3397244,0.09438784,-1.8795289,0.5538010612779963,2.890936879352751,2.9146067297226543,2.9435032963926604
1153049320,43.477305425823275,-80.54495713842421,327.2005129447867,358.05325,280.3335,1.3739882,0.060133155,-1.9467362,0.5478278502656807,3.0045140226031894,3.049168994443248,3.0540497483744296
1153260711,43.47730652541729,-80.54494985282996,326.61542310887353,357.9925,281.24847,1.414748,0.059105374,-2.007497,0.6411555403453735,3.2237562487710374,3.113901694202661,3.286895918401719
1153409830,43.47730711112143,-80.54494584597515,326.30110533180533,357.96585,281.3894,1.4450634,0.04615296,-2.034154,0.6520058560264699,3.2366778719871983,3.143177770681705,3.301695819318368
1153599299,43.4773080116884,-80.54493891961886,325.7932089980039,357.92252,279.9417,1.5019183,0.063036315,-2.077472,0.5995983450977728,3.4208406242714875,3.071490793191242,3.472991326235948
1153762090,43.47730857860314,-80.54493445629289,325.45980488069694,357.90347,279.92847,1.5400914,0.06948122,-2.0965202,0.6310894883712848,3.6054084866394085,3.3340411730693,3.660224623962879
1154161581,43.47730911498802,-80.5449300066435,325.09889803128294,357.88385,279.43198,1.5327826,0.095746554,-2.1161628,0.5971036420449752,3.594360767398137,3.6090684941401916,3.6436193661734615
1154311926,43.477309509820486,-80.54492534735908,324.72693369508335,357.87027,276.66086,1.5523854,0.108294696,-2.1297302,0.43952750428675613,3.763700832482888,3.7196433619958067,3.7892780820964997
1154437618,43.47730971517067,-80.54492048263401,324.3490705810927,357.85742,273.32925,1.5721942,0.13413216,-2.1425805,0.22859582685312793,3.9296527293179038,3.778631139906473,3.93629605404501
1154661048,43.47731015263164,-80.54491395635556,323.81983850288583,357.83832,276.05222,1.5153301,0.10981983,-2.161668,0.4075802813964972,3.8441588840521703,3.8943809704796544,3.865705525724958
1154930838,43.477310814718614,-80.54490421024987,323.03569413488026,357.81345,275.83713,1.5749108,0.14417794,-2.1865594,0.4128964957997271,4.038856758849006,3.9904258521721707,4.059907318491888
1155238006,43.47731148137455,-80.5448958681288,322.412230472203,357.78494,276.99457,1.5959016,0.17717326,-2.2150447,0.5191167021695309,4.231191554614285,3.8304657518712384,4.262917325296213
1155338120,43.477311969522084,-80.54489049559841,322.01829299882354,357.7744,277.13702,1.6167691,0.16101764,-2.225599,0.5434058395514905,4.339850350404772,3.939374733795116,4.373738786252225
1155562019,43.47731232492233,-80.5448847667644,321.62653301195974,357.76315,274.88647,1.6405503,0.17090198,-2.2368536,0.39563155150673557,4.627667124416414,3.9175998686379057,4.644548130760635
1155676300,43.477312549679574,-80.54487885932228,321.2308613602551,357.74905,273.00134,1.6630939,0.20175916,-2.250959,0.2501997636501687,4.77194409011167,3.956716517045874,4.77849875179248
1155925327,43.4773129022071,-80.54487281968046,320.81564164607386,357.7333,274.59882,1.6986678,0.17834336,-2.2666996,0.392433647542105,4.8787330577310115,4.152197141812989,4.894490822988699
1156100495,43.47731318355188,-80.54486658407332,320.3837311816705,357.7205,273.55795,1.726251,0.1886577,-2.279508,0.31319300584933685,5.03703093547129,4.31910464403323,5.046758415439332
1156388684,43.47731335421118,-80.54485757553688,319.75640155801096,357.7025,271.11786,1.6710101,0.21790116,-2.2974956,0.09429466426427846,4.832521229928144,4.1553047287149445,4.833441105611501
1156513632,43.477313291118946,-80.54485151229252,319.3167965185616,357.69095,269.17844,1.6874679,0.24671826,-2.30905,-0.07023426902658975,4.897798830307609,4.3960503944938,4.898302382939245
1156639209,43.47731323183822,-80.54484549230536,318.8723298797594,357.6741,269.22253,1.6669114,0.24833089,-2.3258908,-0.06599130411528344,4.862856329642474,4.444666388022077,4.863304075930551
1156763821,43.4773129720922,-80.54483818610957,318.30821928193916,357.64774,267.18408,1.6185765,0.24880077,-2.3522687,-0.23033066837985905,4.6827950558264035,4.6148151242018205,4.688456222646056
1156913497,43.477312522106,-80.54482954887412,317.62779359806115,357.63083,265.91064,1.5983425,0.27938747,-2.3691642,-0.33524092252145876,4.689054450520844,4.462834660304331,4.7010230924855465
1157262556,43.47731192961557,-80.54481994663314,316.81583087535085,357.58652,264.978,1.6075126,0.29311258,-2.4134772,-0.40834043190959124,4.646805837684903,5.0706324531237925,4.664712895932032
1157375774,43.47731149415133,-80.54481350654606,316.211754592122,357.54538,264.70618,1.581259,0.2927088,-2.4546208,-0.42469934430259576,4.583508578649034,5.388387845028471,4.60314245093505
1157476317,43.477311203262616,-80.54480782071384,315.6724621339999,357.51532,266.33533,1.591941,0.24888957,-2.4846838,-0.2930159531231263,4.574940574056195,5.362749418443385,4.58431451854367
1157861738,43.47731084749259,-80.5448021903043,315.11546496426246,357.50644,265.02338,1.5877143,0.27369112,-2.493551,-0.3960431921407369,4.548161300932751,5.569971697374251,4.565371992438658
1158106420,43.47731005245908,-80.54479145749887,314.0388151266021,357.46667,264.10938,1.6607643,0.28053313,-2.5333352,-0.4881933313826852,4.7317220540426135,5.944865001878927,4.75683995164014
1158228452,43.477309540760984,-80.54478545799161,313.4478307217992,357.45804,263.2964,1.6663314,0.2869848,-2.5419562,-0.5696223166758847,4.84631296146773,5.9098440480289165,4.87967405716256
1158413692,43.477308359423084,-80.54477428641604,312.3486227001541,357.42624,261.84088,1.6873595,0.31502256,-2.573754,-0.7062830979245062,4.926163949065688,5.970181867147818,4.976537658602443
1158672190,43.4773074033813,-80.54476435225928,311.3597576387441,357.39377,262.55765,1.7153802,0.23860633,-2.6062388,-0.6451113508586055,4.938504252980199,6.150134322047619,4.98046111436583
1158782238,43.477306699984176,-80.54475761836484,310.6747518571943,357.373,261.73065,1.7405499,0.28030166,-2.6269999,-0.7191427928697438,4.948063568116615,6.215190212589673,5.000049942816514
1159002231,43.47730603604901,-80.54475159092617,310.0517516700353,357.36514,261.36844,1.7119306,0.28823784,-2.6348677,-0.7390926348037283,4.86887554379334,6.230001871590128,4.924652981050544
1159187400,43.47730492435154,-80.54474345287345,309.21261568314134,357.3502,258.6108,1.7273535,0.35295686,-2.6498218,-0.9648171545027795,4.78962612243158,6.083316536277831,4.885835704800337
1159500072,43.47730333810852,-80.54473228237298,308.06494162432193,357.33163,260.27374,1.6515728,0.32799932,-2.6683507,-0.7716953397515831,4.5021783081042095,5.8105472099794655,4.567835725522361
1159661841,43.47730217193311,-80.54472345669008,307.12738955826387,357.31302,259.2867,1.5765356,0.35113513,-2.6869664,-0.8337468129871843,4.4068818342515295,5.796507570508436,4.485057552498342
1159810690,43.4773014602342,-80.54471811100723,306.5347586447658,357.2987,259.60345,1.5560963,0.34130472,-2.701296,-0.7922632301372952,4.318163293133031,5.926309134981066,4.390240910472805
1160087290,43.47730037909524,-80.5447082327251,305.3454056505208,357.2719,261.54486,1.5337458,0.30352053,-2.728091,-0.6196109606900352,4.168241261194737,6.378993249047575,4.214042353148995
1160212198,43.47729970520619,-80.5447018598666,304.54703309046016,357.25452,261.70068,1.5258168,0.29770446,-2.74547,-0.6022826511986622,4.128851487259946,6.423188616792885,4.172548261648217
1160347093,43.47729911997328,-80.54469659936774,303.9085472496886,357.24466,261.2837,1.5582051,0.31168664,-2.7553513,-0.6514812768850385,4.249352946729112,6.384858407716236,4.299003177482793
1160523553,43.4772981891149,-80.54468888975643,302.92867052303,357.2277,260.25885,1.5000675,0.3169926,-2.7723224,-0.6923555638030302,4.032997451865727,6.464249897051433,4.091995194704468
1160710523,43.477297040892566,-80.54468116484729,301.8910094601652,357.20932,257.64563,1.4386925,0.34819564,-2.7906697,-0.8194809809401453,3.741422121353474,6.361684554151339,3.830115999323748
1160836655,43.477295977828405,-80.54467538534438,301.07461891113167,357.19492,255.41147,1.3903372,0.36385912,-2.805073,-0.9453287479052933,3.6321506018004492,6.564951333024956,3.7531539317986353
1160987650,43.47729510790387,-80.54467096571823,300.4185744917967,357.18405,254.82358,1.357536,0.37131378,-2.81596,-0.9683999904081605,3.570108431799015,6.560444193349963,3.6991178348661653
1161111285,43.47729424245089,-80.54466655321882,299.7517311081245,357.17114,254.87473,1.3475603,0.3395756,-2.8288727,-0.9634222582119609,3.5643515511186314,6.66843383672191,3.692260070414871
1161331834,43.47729303522993,-80.5446607332463,298.8201354254574,357.1456,253.82076,1.3032657,0.34752244,-2.8543868,-0.9923087767339993,3.4201738971807965,6.872240264956768,3.561216954264399
1161515481,43.47729187007598,-80.54465514337363,297.8831509382143,357.12473,253.94319,1.2481939,0.3162647,-2.8752823,-0.9425947333067048,3.2749592252340824,6.839804451838402,3.407908854151378
1161686437,43.47729040879917,-80.54464881942155,296.76098681018493,357.09866,252.1372,1.2163482,0.34473315,-2.9013405,-1.017283719978255,3.1565782564437765,7.032754593071751,3.3164517870740156
1161811510,43.47728952146221,-80.54464508210347,296.0572097835024,357.08914,251.8822,1.1827658,0.33844897,-2.9108505,-0.9877835048835566,3.018950094142827,7.037770266825543,3.1764407634087917
1162209828,43.47728865514518,-80.5446415067198,295.3508263820268,357.07816,251.53525,1.1555903,0.334006,-2.9218295,-0.964384115519367,2.888141884137273,7.063834014756048,3.0448974145566985
1162344694,43.47728776885428,-80.54463803021216,294.66248164048,357.06607,250.6423,1.1316916,0.3475081,-2.933932,-0.9866190307264093,2.808271304863199,6.883447415468236,2.9765424293145184
1162586061,43.477286448888485,-80.54463305437564,293.6412775346065,357.03287,249.25482,1.1116873,0.3183422,-2.9671433,-0.973715585655377,2.5707311453915613,6.6658021739495235,2.7489599239775035
1162745670,43.477285512064846,-80.54463000579415,292.9735686289737,357.02426,247.0481,1.0814812,0.32946184,-2.9757495,-1.0428720719380438,2.462598896226545,6.6770890563282865,2.67431776012585
1162872732,43.47728425889471,-80.54462613203113,292.1194423742749,357.0001,245.47339,1.0621407,0.37357432,-2.999917,-1.112737271819782,2.4386757714342306,6.705309602965319,2.6805454210434996
1163053712,43.47728299480797,-80.54462266960444,291.3066422488291,356.9787,242.86494,1.0027044,0.39581418,-3.0212882,-1.1616867423381079,2.266713958829742,6.6598399004356725,2.547058746569801
1163200522,43.47728164661004,-80.54461933641305,290.47835355546096,356.9529,240.41148,0.95713353,0.4078728,-3.04708,-1.2156389595967232,2.140910371514813,6.64863335639998,2.461965738784579
1163460394,43.47727948560925,-80.54461426378812,289.16637320150437,356.9324,238.1066,0.9302124,0.40972093,-3.067599,-1.2617420889833664,2.0275943530648344,6.68721144146326,2.3881231039652278
1163646776,43.47727827234384,-80.54461187110593,288.4987465617476,356.9219,235.05444,0.89969337,0.4162599,-3.0781064,-1.3506070579783693,1.9327731740022385,6.676266397567754,2.3579125444349445
1163786118,43.47727707719765,-80.5446094140388,287.8322603723451,356.91257,236.16531,0.92570454,0.40262026,-3.0874414,-1.330436735589434,1.9847823735905612,6.664861894024886,2.3894398879071326
1164012020,43.47727581097723,-80.54460703098604,287.1721055007753,356.9055,233.78696,0.88708276,0.42331275,-3.0945153,-1.409556565210413,1.9249946703056717,6.601548715698416,2.3858864581603667
1164198123,43.477274464112725,-80.54460481107995,286.5089729034705,356.90265,230.10046,0.8440715,0.43610027,-3.0973623,-1.4993295688841963,1.7932072065865083,6.631325973047689,2.3374304785135873
1164323357,43.47727267265446,-80.54460218203342,285.6692440470245,356.90015,225.86612,0.7710681,0.47087505,-3.0998633,-1.623107345866594,1.6729358350021302,6.737699121765818,2.330920797504792
1164448538,43.47727079878776,-80.54459965587488,284.82377073267565,356.90054,223.3669,0.7041633,0.5275626,-3.0994537,-1.6949139490823166,1.600946563381802,6.782976009117871,2.331472323146431
1164599983,43.47726879597816,-80.5445973148212,283.95403916840183,356.91046,219.71568,0.6287456,0.5528196,-3.089529,-1.7610029156654017,1.4628269597091828,6.851456980242508,2.2893217299091138
1164723723,43.477267033206026,-80.5445957721744,283.25182838596555,356.9159,212.4167,0.59076667,0.567459,-3.0841033,-1.9623179461247187,1.2461272000081087,7.022107824362824,2.3245482830612882
1164949458,43.47726516580592,-80.54459428105335,282.54799085933587,356.9248,210.08913,0.5892719,0.5955172,-3.0751874,-2.0787897969805247,1.2045054579146384,7.038375266296333,2.4025404092702547
1165123555,43.47726172838043,-80.5445918911384,281.2962479107769,356.96057,206.25894,0.549465,0.6308662,-3.039437,-2.2093679428152764,1.0899683820464392,7.189019177663785,2.4636026020039714
1165309230,43.47725968807549,-80.54459063265992,280.5563865391914,356.98257,204.11247,0.5287882,0.6430884,-3.0174289,-2.27126745043886,1.016580235798248,7.39861371585514,2.488391289013579
1165444209,43.47725690143041,-80.54458906965387,279.54847912795196,357.0176,201.31451,0.5195212,0.6699354,-2.9824035,-2.302056541062187,0.8982059074610983,7.484835812570643,2.4710803650317033
1165566923,43.47725420618227,-80.54458781778061,278.6229429883746,357.06543,198.50203,0.50196224,0.714611,-2.9345734,-2.4963674845057096,0.8353708318350408,7.513021116031361,2.63243139404964
1165713631,43.47725128690538,-80.544586552573,277.67708519021915,357.1206,197.30394,0.48029342,0.7537678,-2.8793814,-2.6231006444547393,0.8172026265067017,7.611861865903831,2.7474492031170152
1165876139,43.47724724140912,-80.54458516897601,276.43409807195155,357.17874,192.93784,0.44760296,0.7893233,-2.8212473,-2.8213793674571592,0.6481436176362039,7.678083991228857,2.8948698907197032
1166024282,43.477244644260786,-80.5445844343995,275.663075504452,357.2127,191.59834,0.43046236,0.8113799,-2.7872937,-2.891145524207504,0.5933800032904755,7.710225674995495,2.9514102172436294
1166177721,43.47724049655842,-80.5445831170355,274.4722533768533,357.31122,193.44667,0.5144422,0.88337713,-2.6887794,-3.0570847990724013,0.7309325767423455,7.753319537348791,3.143251485398957
1166610209,43.47723652266395,-80.54458191614808,273.4281807624383,357.36545,192.11652,0.5012432,0.92597646,-2.6345599,-3.363726814589307,0.722134364377292,7.776910300274877,3.440368602839196
1166860494,43.477230642169154,-80.54457976297725,271.9476432093885,357.45804,195.93655,0.58467174,0.9561243,-2.5419724,-3.5478856527026683,1.0130891146144712,7.8929673101178475,3.6896940467745796
1167011602,43.47722647370206,-80.54457784221668,270.93841985206274,357.52518,199.0398,0.61510247,0.974199,-2.474834,-3.6118722832988213,1.2464744408848316,7.881112865227983,3.820905641682531
1167225481,43.47722189450439,-80.54457549267477,269.85807614650287,357.6035,200.69188,0.65062004,1.0029116,-2.3965108,-3.765868051839599,1.4223933100509751,7.927228622363861,4.025539083445091
1167360597,43.477218287991946,-80.54457365287566,269.0660962618019,357.6488,200.31323,0.65695333,1.027138,-2.3512053,-4.014769646463101,1.4861624268891735,7.919798847009451,4.281010870490587
1167559668,43.47721110268525,-80.54457006603624,267.6560826555582,357.74268,199.78203,0.68092084,1.0911632,-2.2573173,-4.626792516351853,1.6641083682718039,8.061805820316156,4.916956950261183
1167659768,43.47720661965872,-80.5445678625816,266.87749916787294,357.78806,199.62933,0.68951577,1.1232698,-2.2119591,-4.9905051332841515,1.7799179695869016,7.785834876852058,5.298419525084233
1167900272,43.47720189502987,-80.54456552811465,266.08753313054285,357.83633,199.725,0.6862761,1.156783,-2.1636512,-5.259456833143423,1.8857477639198545,7.899660373300835,5.587300851827094
1168176009,43.47719263695917,-80.5445610574934,264.5772783263392,357.91934,199.4489,0.6718691,1.2125823,-2.0806704,-5.579287780300826,1.9701308931680985,8.04942544370083,5.916913711693745
1168337427,43.477187506815575,-80.54455848630681,263.77034147505174,357.9616,199.98563,0.6926448,1.2424393,-2.0383852,-5.710875841664304,2.0769663750981704,8.069368512874629,6.076832415180906
1168512774,43.47717810514891,-80.54455369046077,262.35392124962783,358.035,200.1888,0.69677436,1.3106624,-1.9649984,-6.034727513860082,2.219007031513437,8.050466744640538,6.429768920610286
1168647878,43.47717066763277,-80.54454990661715,261.26326951224667,358.11206,200.04297,0.71993935,1.3593941,-1.8879449,-6.178602552807405,2.254076582569457,8.13032928882685,6.576928671169103
1168799774,43.477163456034894,-80.544546313937,260.213615787648,358.17926,199.80847,0.70427036,1.4005159,-1.8207291,-6.36945143822026,2.2942067113067677,8.331863539268436,6.770029250900705
1168961708,43.47715754330932,-80.5445433769464,259.38083563375903,358.21298,199.82138,0.68995965,1.4185941,-1.7870152,-6.582046113557891,2.372457434524424,8.327801538889629,6.996562393035079
1169148504,43.477148331272815,-80.54453883991282,258.11432909549876,358.264,199.60907,0.6992332,1.4922082,-1.7359877,-6.8347054872527355,2.4349485432475557,8.41166229292536,7.255492643904068
1169272971,43.47714193117665,-80.54453549519518,257.2907708147527,358.2958,200.76793,0.71147233,1.5053736,-1.70418,-7.124587059799273,2.7018132876154795,8.235582807460837,7.619680820992098
1169510340,43.477135299112526,-80.54453180498322,256.46567893239006,358.31073,201.98697,0.7499817,1.5323849,-1.6892831,-7.382813779652967,2.9808984682754662,8.250918823626629,7.96189016397493
1169634636,43.47712700010409,-80.54452692042892,255.4372391276093,358.34454,203.46046,0.7965857,1.542035,-1.6554595,-7.430741843821123,3.2248842779275635,8.289238268337431,8.100358199211843
1169760690,43.47712032030775,-80.54452275250317,254.62124064029592,358.35913,204.35968,0.8199539,1.5505219,-1.6408573,-7.435949283613593,3.3667885860638185,8.159984873133642,8.162634815531264
1169975418,43.477106868862684,-80.54451430000012,252.95066832926813,358.38525,204.02583,0.79546195,1.5761846,-1.6147524,-7.562001641994976,3.3709070446162226,8.271642426315667,8.279304508047641
1170098966,43.47710013082391,-80.54450980322696,252.10386931734405,358.3914,205.83965,0.8196579,1.5606831,-1.6086081,-7.500784769074574,3.6324266432114856,8.46799011924055,8.33404436455037
1170223088,43.477093487555585,-80.54450516939198,251.2508650874968,358.395,206.84637,0.85513043,1.5333893,-1.6050059,-7.3952863002807465,3.7431431372000317,8.530042298472575,8.288629561555263
1170358454,43.477086887401384,-80.54450037309341,250.38011832481664,358.4,207.8036,0.8781267,1.5169104,-1.6000196,-7.347291655408973,3.8743788276500184,8.707467626801872,8.306232959036548
1170472246,43.477079285510435,-80.54449480656918,249.35797814803823,358.41354,208.16927,0.9324737,1.5494015,-1.5864424,-7.443893837173529,3.986240339630043,8.985632712009803,8.444031472253279
1170685480,43.477072713005846,-80.54448960031777,248.4513309081654,358.41302,209.8903,0.95682263,1.5317444,-1.5869726,-7.3165121028800435,4.205532646363165,9.066472398728212,8.439067139868987
1170810530,43.4770661632594,-80.54448424064022,247.5439624435322,358.4083,210.70164,0.9766721,1.5186726,-1.5917002,-7.291177742338575,4.329468013436446,9.07368464633191,8.4797149804544
1171058229,43.47705960621051,-80.5444788493221,246.64053014717007,358.404,210.82181,1.0083973,1.5306268,-1.5960195,-7.299306826188475,4.355026778819771,9.034322963621157,8.499772843263457
1171178148,43.4770529876545,-80.54447314846975,245.75076751923885,358.39264,212.00652,1.0370604,1.5396695,-1.6073585,-7.3677765517323,4.605063954035597,8.897626279312403,8.688541036158732
1171332968,43.47704637520803,-80.54446711182233,244.85537387398654,358.38156,213.52267,1.0746733,1.539068,-1.6184244,-7.36097540453459,4.876314225837957,8.953936452523173,8.829631891266633
1171458043,43.4770397030658,-80.5444608479344,243.97334770927392,358.3717,214.26433,1.1070782,1.5493028,-1.6283085,-7.4274287368453145,5.05987573527126,8.820261647126086,8.987159734716105
1171609582,43.47702955547227,-80.54445087376101,242.6340210313552,358.34415,215.9429,1.1719453,1.5480567,-1.6558421,-7.446412361760709,5.3988045979182795,8.873995904803024,9.197616438397844
1171823416,43.47702041284242,-80.5444414671721,241.42735739266473,358.33496,216.96994,1.2272252,1.5515013,-1.6650447,-7.451787703959123,5.609197705416877,8.822060590987576,9.326963004286569
1171959795,43.47701367464428,-80.54443436302684,240.53772681576945,358.31866,217.41785,1.2695059,1.5700563,-1.6813232,-7.500962171006027,5.7386231423503835,8.896305768952825,9.444375525188674
1172145199,43.47700688278116,-80.54442720322575,239.6283599518621,358.31628,217.41429,1.2776536,1.5832218,-1.6837267,-7.560702022798413,5.7835810999863595,9.093668639073407,9.519139951574799
1172509277,43.477000112609424,-80.5444198167602,238.73717405096565,358.30075,218.36859,1.310176,1.5988121,-1.6992506,-7.536555178094805,5.9666772822178915,8.911859008964539,9.6125387771703
1172696239,43.476993316456614,-80.54441237854367,237.86002261029904,358.2921,218.4565,1.3238486,1.6158371,-1.7078913,-7.565477310632078,6.008480952837507,8.771514406666048,9.661174374696893
1172820172,43.47698641865638,-80.54440505600176,236.9609777170102,358.28525,217.60796,1.29977,1.6367695,-1.7147515,-7.678631221238828,5.915040714700175,8.990448932888391,9.692733571513479
1173044908,43.4769751519765,-80.54439298995362,235.46757307337066,358.26843,217.94444,1.3172845,1.6150801,-1.7315708,-7.6638686187105325,5.975712125383629,9.128643312697992,9.718231197615799
1173220857,43.476968293070364,-80.54438557367423,234.54435007342175,358.26105,218.11809,1.3341658,1.5838223,-1.7389451,-7.635334305268018,5.990760457030981,9.23222999948925,9.705026574241241
1173355907,43.4769590706994,-80.54437543880977,233.27458737371106,358.2404,218.689,1.3847867,1.5752844,-1.7596148,-7.584242062735694,6.073730900688667,9.471591717300747,9.716528944028816
1173470184,43.47695226376993,-80.5443680310676,232.3180321809171,358.231,218.29784,1.3451304,1.5675019,-1.7690073,-7.577473885006761,5.983864216451462,9.565551927939543,9.655296030619036
1173595344,43.47694538863409,-80.54436066321719,231.35111659481873,358.2238,217.8703,1.323262,1.5951018,-1.7762259,-7.65340121418605,5.951640249545546,9.669155860983578,9.69518291757897
1173757760,43.47693421119463,-80.54434842474897,229.78395412316,358.1997,218.37569,1.3246628,1.6077846,-1.8002785,-7.665403161065547,6.070230425653072,9.672774501941623,9.777837339728963
1173945537,43.47692370667965,-80.54433691417051,228.3139472652207,358.1874,218.62193,1.348745,1.63689,-1.8125774,-7.770984843043694,6.20836737102155,9.831576529273413,9.946458206033938
1174245625,43.476916656554174,-80.54432924901614,227.31635195852368,358.18167,218.2715,1.3368489,1.6673152,-1.8183247,-7.84819967983976,6.1917979721495096,9.975953066969943,9.996629449096915
1174432749,43.476907014240474,-80.54431879355465,225.9493600686344,358.1637,218.17667,1.2742234,1.7006857,-1.8363079,-7.861759775363674,6.181410964117677,10.012957311226671,10.00085537705853
1174656558,43.47689989135333,-80.54431140149929,224.9444504561774,358.1584,216.98209,1.2289463,1.7079942,-1.841611,-7.929197966344015,5.971192655112158,10.049096124570086,9.92609299341586
1174803157,43.476889418974096,-80.54430060777138,223.4717843691326,358.1434,216.71803,1.1895803,1.7214087,-1.8565958,-7.944533631079865,5.925561929159809,9.9975020778499,9.91099887961184
1175060653,43.47688220850029,-80.54429341771134,222.48290208300557,358.13504,215.88905,1.1676266,1.7444552,-1.8649648,-8.026699433305163,5.808023816671188,9.888822861270082,9.907625570621912
1175557775,43.476875064002364,-80.5442862134117,221.49369866913216,358.12354,216.19354,1.1812607,1.7150489,-1.8764797,-7.953255094688657,5.819526372714876,9.892034138734127,9.855006534950398
1175956980,43.4768616666131,-80.54427272296078,219.62018650369592,358.09406,216.26591,1.1537198,1.6900722,-1.9059424,-7.911271152008935,5.8041642873571915,9.886475404396442,9.812060655909207
1176144780,43.47685452327546,-80.54426572469943,218.6403656949712,358.08685,215.40921,1.1012981,1.6928979,-1.9131494,-7.951963456509001,5.65309169984288,9.798208087247083,9.756596157497095
1176270192,43.476845538730934,-80.54425684071894,217.42510759798716,358.0666,215.84645,1.1128198,1.6902666,-1.9334084,-8.005759847800784,5.7838071740373875,9.591050600779516,9.87646779811009
1176456447,43.47683826849223,-80.5442498469212,216.47288264143674,358.0662,214.917,1.0748919,1.6954641,-1.9337997,-8.093229723376046,5.649486051962335,9.522249565504136,9.870008105703587
1176758712,43.47682457143299,-80.54423687438822,214.66463616814883,358.0331,214.48308,1.0275817,1.6884009,-1.9668778,-8.075286993861882,5.546480486033301,9.72999687214612,9.796617059739708
1176883830,43.47681547681705,-80.54422849424103,213.433359742058,358.01663,213.62042,0.9794017,1.682945,-1.9833618,-8.096765244381425,5.3836379603369435,9.847504224695172,9.723228121904983
1177009616,43.4768064154813,-80.54422018346945,212.18071643920408,357.9945,213.642,0.99899095,1.6806191,-2.0054853,-8.108588308486372,5.3959046792577245,10.106379126929049,9.739866100935746
1177356061,43.476792880029016,-80.54420810377705,210.35004358113085,357.97098,212.56091,0.9347204,1.6823391,-2.0290313,-8.050348842673474,5.140676927607912,9.645536391006441,9.551684446356804
1177533557,43.476780149589956,-80.54419719370246,208.64216627336828,357.94916,211.12291,0.8833493,1.6521378,-2.0508366,-8.006311080047118,4.834082586086197,9.56824770287964,9.352506164637747
1177757979,43.47676666054976,-80.54418610625326,206.7881468577378,357.9264,210.40002,0.840288,1.6073312,-2.073622,-7.969175185512092,4.675491037809269,9.850663924621397,9.239478858789411
1177943912,43.47675939939852,-80.54418040088763,205.81158347774172,357.91003,209.69028,0.83360046,1.6460755,-2.0899537,-8.083113553017816,4.608709710868936,9.765633799960742,9.30467247731149
1178121805,43.47674825101635,-80.54417178866272,204.2958832413674,357.8855,209.17017,0.7937784,1.660393,-2.114494,-8.14778193951576,4.548075499564818,9.983651368657007,9.331202563637817
1178283690,43.47673831702406,-80.54416432654844,202.9216314009458,357.86725,208.40144,0.7254478,1.6391515,-2.1327379,-8.073417112089526,4.365542720512569,10.089211649324284,9.17812764731458
1178521898,43.47673114379277,-80.54415894298933,201.91492604044242,357.85043,208.5727,0.73167026,1.6125855,-2.1495638,-7.985241070428018,4.348759182412435,10.06705360503377,9.092622359884242
1178656955,43.476721507410446,-80.54415166643491,200.55497004847243,357.82306,208.39102,0.7243201,1.6018429,-2.176938,-7.954967087700943,4.299624501462516,10.120709565401961,9.042581059630155
1178774828,43.47671434286269,-80.54414660344365,199.55349644796044,357.80927,207.14838,0.6971025,1.6064848,-2.1907501,-7.975574564448081,4.089809230743866,10.01473600511974,8.963053563208742
1179017340,43.47670707351441,-80.54414169237769,198.5558633170687,357.79718,206.11565,0.6748294,1.6255115,-2.202828,-8.092238505729117,3.967086211668504,9.976331308917267,9.012330278258524
1179273969,43.476693659165946,-80.54413269109705,196.6789403631962,357.7339,205.76535,0.6235781,1.5831718,-2.266123,-8.005983800700696,3.8642715404046633,10.182015673646143,8.889790276213684
1179423802,43.476684622759365,-80.54412667378789,195.41801602946407,357.69873,205.79431,0.6522103,1.6301118,-2.3012567,-8.082334398602438,3.9061628660743892,10.097582854697066,8.97676097861198
1179586316,43.47667285181214,-80.54411877660117,193.78023166124797,357.64142,205.85045,0.6667847,1.6581408,-2.358581,-8.075663927335322,3.912703757736603,10.038124738033304,8.973605661219525
1179747866,43.47666571710413,-80.54411389856743,192.76721383806628,357.6244,206.38716,0.67854756,1.6311516,-2.3756225,-7.942356953327775,3.940403283648539,10.13017823181691,8.866104669575149
1179897832,43.47665858260062,-80.54410900894202,191.75079380611774,357.60202,206.442,0.714598,1.6258243,-2.3979893,-7.94212931190368,3.9497668685149523,10.164200319485436,8.870066308806155
1180020337,43.47664995263458,-80.54410302072657,190.48622537437768,357.53745,206.9958,0.78637296,1.5745162,-2.4625523,-7.80368973563377,3.975458540021915,10.376925550228984,8.757958899964594
1180175108,43.47664044058257,-80.54409626665901,189.04824692119507,357.49332,207.27301,0.8146046,1.5341587,-2.5066912,-7.725669957529405,3.9829091327104673,10.548610847834329,8.691923921209897
1180296728,43.476632003390414,-80.54409020048438,187.77302468137938,357.42465,207.57445,0.8362225,1.5041878,-2.5753334,-7.6857953633958,4.013673534348724,10.458149425120011,8.67069925717227
1180418927,43.4766236495425,-80.54408401728942,186.50095552577645,357.37564,208.40259,0.89205,1.4717994,-2.624362,-7.603830645137269,4.1118206288802375,10.454573453382055,8.644380218616817
1181011444,43.47661274257427,-80.54407581174932,184.80451230495783,357.30875,208.61711,0.88043606,1.4228193,-2.6912665,-7.48306504308643,4.082800207444362,10.559588593066897,8.524407309189879
1181321935,43.476600303873006,-80.54406600935705,182.80120565452074,357.24667,210.06664,0.9317124,1.3870348,-2.7533116,-7.321058235837705,4.238175366808079,10.662377323101047,8.459315819399693
1181472997,43.47659373065867,-80.5440606393895,181.71968271194152,357.2138,210.65994,0.9621787,1.3843513,-2.7861986,-7.317302203425925,4.337780122293305,10.81522942579225,8.506423921109551
1181855849,43.47658716123774,-80.54405515432231,180.64459171202404,357.1808,211.2103,1.0042814,1.3843038,-2.8192158,-7.313079380933335,4.430755898199197,10.750909999174729,8.550598099621995
1182027140,43.47657753826883,-80.54404707608263,179.03292694311574,357.11218,211.56297,0.99477327,1.3407533,-2.8878148,-7.161117223950603,4.399171663427874,10.882866677285845,8.404422122874884
1182163960,43.47656890579965,-80.54403978066782,177.5242813872193,357.00674,211.33066,0.94842976,1.2789664,-2.9932587,-6.994234576999036,4.257689684516589,11.11958798829169,8.188237830432616
1182376332,43.476559649403384,-80.54403178077781,175.8538623806057,356.93478,212.3293,0.99294204,1.2655947,-3.0652108,-6.87270873423934,4.3496673842489795,11.219737782397285,8.133494433470098
1182499791,43.47655363222636,-80.5440264452144,174.71879277883912,356.89053,212.75897,0.9961837,1.2401066,-3.1094797,-6.698321462813794,4.309988965732831,11.350696017665978,7.965143771704984
1182659594,43.476544114281204,-80.54401783472642,172.89072988231567,356.7698,213.64798,1.0316209,1.1824107,-3.2301831,-6.580715574537897,4.380163978654639,11.479841582306545,7.905166282430072
1182809352,43.47653725349076,-80.54401125250905,171.5183290341363,356.6867,215.0674,1.0309709,1.119844,-3.3132923,-6.331314366716134,4.444343470323024,11.430498703192676,7.735485149128594
1183175805,43.47652719710655,-80.54400085783313,169.3979176735678,356.55188,218.2503,1.0205601,1.0274615,-3.4481266,-5.692493402250102,4.48764839828804,11.098977960821287,7.248687417823875
1183298194,43.47652121915607,-80.54399376641555,168.04330513920044,356.4543,221.2209,1.0757898,0.99503356,-3.5456934,-5.3803014226036,4.713564783967712,11.071509758538852,7.152994923158475
1183398928,43.47651636269872,-80.54398774076911,166.90348727269625,356.3444,222.3616,1.1430482,0.96537614,-3.655618,-5.329422546498426,4.859886527710684,11.344926643737889,7.212575250307589
1183611247,43.47650935897796,-80.54397897781725,165.16498537998686,356.24774,222.13426,1.1014122,0.8998418,-3.7522693,-5.220709463568163,4.7229476569314315,11.831567078044898,7.040031382963025
1183735420,43.47650365833467,-80.54397180387795,163.6787304090996,356.09546,222.59303,1.1021508,0.81720716,-3.9045446,-5.056031075162035,4.648125338146661,11.982585581172442,6.867934142966513
1183985418,43.476499375885744,-80.54396602743802,162.46612763041702,356.04443,224.38597,1.1029065,0.7903684,-3.9555805,-4.767222143100906,4.666122477673529,12.126027786825638,6.670765018970594
1184234980,43.47649111518913,-80.54395422222589,160.09589295909754,355.87357,225.81133,1.1720785,0.81364304,-4.126435,-4.663254170905,4.797225118463048,11.824915715689148,6.69023977893735
1184389216,43.47648491162831,-80.54394500828808,158.27213664409084,355.7078,228.0762,1.2011454,0.7185351,-4.2922096,-4.368173110383328,4.8643428679625975,11.80823050066938,6.537795336302181
1184510601,43.47648121252452,-80.54393886976152,157.0736547799073,355.65274,230.29231,1.2052869,0.6780143,-4.3472476,-4.1178423441643135,4.958610679240441,11.984818641835522,6.445498075375556
1184699176,43.4764755133626,-80.54392844377494,155.08344662569692,355.5541,233.65169,1.2092252,0.6169198,-4.4459043,-3.7652903230098302,5.1167736833748005,11.976037068656385,6.35285637673546
1184821551,43.47647224111561,-80.54392210025514,153.90161496114644,355.50333,234.59195,1.2126603,0.5902889,-4.4966817,-3.6426653479977293,5.124201187591508,11.818316645504984,6.2870063343707265
1185047741,43.47646813094363,-80.54391338130654,152.27791394994713,355.3959,237.59259,1.2363491,0.5293871,-4.604089,-3.2709552970654627,5.15272794052437,11.903647438120085,6.103257637070643
1185258726,43.476465316899635,-80.54390670592352,151.08492743589545,355.34286,239.84595,1.2719926,0.51773673,-4.657147,-3.1325937765649536,5.3922753737940115,11.929865140516801,6.23616688966859
1185383228,43.476462630263235,-80.54389991481261,149.9007741606466,355.29037,241.40137,1.3056877,0.50135845,-4.7096376,-2.9907636356653113,5.485758635307983,11.841532752488714,6.248056892288521
1185627810,43.476458010017105,-80.54388702475741,147.68717424856703,355.14804,244.40472,1.3712312,0.43200168,-4.8519545,-2.7005701928515395,5.637714905569024,11.95036315778489,6.251152591562083
1185762260,43.47645565249883,-80.54387981618304,146.4821637926242,355.1088,245.73914,1.4038625,0.42117634,-4.8911967,-2.624389348283445,5.82297942563985,12.050104559428487,6.387057917602486
1185962345,43.47645314992805,-80.54387133906239,145.11361152684313,355.02493,248.09888,1.458305,0.38575307,-4.97508,-2.4460736586048175,6.084452120466366,12.109165195768805,6.557730853699931
1186126779,43.47645000579962,-80.54385965898658,143.26177591325194,354.962,249.9183,1.4800423,0.33870682,-5.0380063,-2.2640493634044967,6.192935792292937,12.13604940084588,6.5938132554232425
1186247451,43.476448122130634,-80.54385180123141,142.03503427781925,354.9232,251.71866,1.4848384,0.31656936,-5.076824,-2.096900316123582,6.347378044594337,12.267416354326862,6.684773666831018
1186374704,43.47644586110823,-80.54384188805327,140.50479972698,354.86307,252.68277,1.5194278,0.28389123,-5.1369185,-2.0115865763652545,6.4516297859679685,12.317757313613846,6.757958822706896
1186560547,43.476444065933954,-80.54383359916176,139.26262838966184,354.83057,253.38168,1.5649476,0.29138714,-5.1694317,-1.998388001163148,6.695643582120084,12.421713373181436,6.987502957564935
1186708577,43.47644185756804,-80.54382297797981,137.71284560923547,354.786,254.10371,1.623322,0.2849083,-5.214,-1.971995741277367,6.924449392214372,12.44450884348193,7.199775454064804
1186897216,43.47643866168637,-80.54380752688161,135.50965404493593,354.74472,254.04976,1.6680552,0.34121397,-5.2552767,-2.0126304969422555,7.041953440914643,12.413191267934135,7.323919017932381
1187086551,43.476436842712765,-80.54379868295841,134.2509452011614,354.72556,254.17523,1.6898191,0.34222427,-5.2744303,-2.0248814248584335,7.14398994934321,12.587088437745477,7.4254115832762775
1187209347,43.47643500293804,-80.54378983838605,132.99396266368424,354.71252,254.0046,1.6759435,0.36202857,-5.2874894,-2.048037226708091,7.144514341306183,12.569825374771515,7.432263562005312
1187393047,43.476433142254706,-80.54378085269714,131.72814030715648,354.702,254.07318,1.704086,0.36111096,-5.2980065,-2.0713126802217317,7.258506184280817,12.65822356527759,7.548261273067474
1187736578,43.476431213355,-80.54377186410342,130.45925020641718,354.69583,253.52548,1.7033406,0.3944932,-5.3041825,-2.1472511560628105,7.260852642865333,12.688901007393001,7.571701831729612
1188061229,43.47642805772052,-80.54375685199457,128.3938867260519,354.67352,253.87825,1.7520411,0.38970396,-5.3264823,-2.1502464073537504,7.439104271845306,12.593685662472678,7.743631704809107
1188221258,43.47642511250079,-80.54374305648321,126.51271612422306,354.6448,253.52805,1.7270061,0.4566212,-5.355209,-2.201412620227081,7.445223021496899,12.574703529648296,7.763862657487088
1188367959,43.47642214854998,-80.54372934673673,124.66780201619198,354.62173,253.21887,1.817175,0.50484616,-5.3782554,-2.2901886301574503,7.5945106739331525,12.469461117390058,7.93231090781161
1188515113,43.47641904955561,-80.5437153103251,122.83243378527217,354.60632,252.97948,1.7939277,0.47446123,-5.393682,-2.3755723749274518,7.760205360566259,12.49311278255831,8.115671959035785
1188698979,43.47641682623196,-80.54370569305958,121.59249783455965,354.59525,252.32878,1.7931303,0.5098979,-5.4047694,-2.475003881066609,7.768684395466535,12.399359507125302,8.153410418202927
1188848620,43.47641459716665,-80.54369596028754,120.34574550966607,354.58194,252.4833,1.8244269,0.5044616,-5.4180574,-2.481395507411517,7.861988858113208,12.467523248935732,8.244282410816497
1189036150,43.4764123746452,-80.54368609201592,119.10718229271032,354.5733,252.75714,1.8611991,0.5041158,-5.4266887,-2.474110878168973,7.971443406186546,12.385632169557404,8.346564240183442
1189222681,43.47641014739111,-80.54367609428593,117.86457751239595,354.5649,252.93324,1.8837706,0.5060494,-5.4350953,-2.4793792604479923,8.07601795732227,12.426047803143666,8.448040457060525
1189409945,43.476407413229495,-80.5436635538359,116.31641945364026,354.54034,253.34058,1.9327105,0.48537824,-5.4596467,-2.4408859804343748,8.15688318641988,12.453029002131643,8.514262603794906
1189659877,43.47640522997839,-80.54365340872585,115.05800704874414,354.53195,253.48132,1.961797,0.47397882,-5.468036,-2.4303951322630475,8.195069384423238,12.584124048961211,8.547864219466696
1189847522,43.47640248445706,-80.5436404383561,113.42437692661369,354.5201,253.85162,1.9399444,0.44708166,-5.479897,-2.3735095366091303,8.197232581000595,12.81729981540357,8.533942202018489
1189997122,43.47639915684974,-80.5436251650432,111.50759812363842,354.50027,253.40143,1.976047,0.4757366,-5.4997363,-2.4649309178354057,8.269193718925582,12.809228727727028,8.628757105795666
1190185833,43.47639692733954,-80.54361493037352,110.21780833104498,354.49594,253.29016,1.9647957,0.5021359,-5.504051,-2.481890750435117,8.267414316558344,12.897897925934425,8.631912950136213
1190347973,43.47639330809251,-80.54359847863493,108.16306717844157,354.48938,252.94377,1.9376247,0.5009338,-5.5106125,-2.538700301838799,8.274661364465787,12.77258938918773,8.655346320000097
1190487197,43.4763901649916,-80.54358411546113,106.38391323603892,354.44727,253.36317,1.9850957,0.47433433,-5.552727,-2.4964832402710133,8.354670614019469,12.786421462639055,8.719687473626248
1190773935,43.47638789549467,-80.54357385577806,105.09162293549056,354.43695,253.04665,1.9624784,0.47510064,-5.5630493,-2.5264039814198007,8.287619768713363,12.92290300548354,8.664142110336277
1190897390,43.47638560829404,-80.54356348564198,103.7989986866412,354.42676,253.09354,1.9948465,0.4990611,-5.573251,-2.5461117447267756,8.376842068583851,12.92624248849378,8.75523660780403
1191022390,43.47638273565223,-80.54355060094704,102.1878417722892,354.41083,252.81003,1.9747652,0.4974635,-5.589172,-2.577718187843908,8.332425055552772,12.862958635473948,8.72203751209228
1191176846,43.4763790703497,-80.54353454263928,100.18386113760596,354.39288,252.43849,2.0000815,0.5332356,-5.6071167,-2.6711380136725813,8.440163975272384,13.030805667471643,8.85275924317229
1191461298,43.47637576295311,-80.54352050824441,98.45268934702193,354.38147,251.88965,2.013749,0.5658781,-5.618544,-2.7909363177206776,8.533663549176412,12.974491132599137,8.978459728712627
1191646753,43.47637209801355,-80.54350437786984,96.48281288879735,354.3449,252.94257,2.085684,0.54814464,-5.6550856,-2.660592114893771,8.671307425526317,13.088935326069997,9.070298940488277
1191860247,43.476367534928535,-80.54348413693171,94.00356853982737,354.32394,252.82007,2.0574522,0.54756916,-5.676048,-2.6915814482654894,8.705892518694844,13.153425780624644,9.112473607079133
1192011634,43.476365095233,-80.54347330093444,92.66743122022089,354.31744,252.7623,2.0727656,0.55877703,-5.682544,-2.7158690663564933,8.753157835006412,13.361373196064736,9.164808610665377
1192146533,43.47636259076895,-80.54346247031559,91.3290229538149,354.30972,252.32457,2.0640888,0.5873005,-5.690292,-2.787969384568121,8.748813219745116,13.384082664060013,9.182293071083935
1192322573,43.47635936141159,-80.54344859694154,89.60712368635512,354.2909,252.22035,2.0941877,0.6281617,-5.709093,-2.8135765666870562,8.773973478021409,13.495193264901449,9.214055767664618
1192547922,43.47635591382808,-80.54343374411131,87.76982714035083,354.27258,252.29495,2.1095312,0.62584907,-5.7274036,-2.80226105902029,8.777970741818201,13.442553102380849,9.214414652440919
1192859822,43.47635116623355,-80.5434133633593,85.25379622041356,354.24115,252.11417,2.1410031,0.6748189,-5.758859,-2.850571513001671,8.833005612715061,13.494901231035797,9.281581013221421
1192975631,43.47634867631496,-80.54340236125249,83.91029006499099,354.2309,252.67838,2.160046,0.6518604,-5.7691116,-2.7717773728688497,8.887338657237464,13.435061554225877,9.309540171951307
1193183950,43.47634619000019,-80.54339138288135,82.55958656376458,354.21954,252.6668,2.1361954,0.6479634,-5.780459,-2.7677655974464668,8.86816531700455,13.50703501226396,9.29004211465861
1193404201,43.476342159513386,-80.54337362046952,80.36451459585402,354.1825,252.61902,2.171356,0.6699761,-5.8175187,-2.7977434559302417,8.938008168631647,13.69423095571186,9.36564778687126
1193538776,43.476338729971296,-80.543358622124,78.50736980024203,354.15625,252.3635,2.1788385,0.7120884,-5.843763,-2.8575990219911613,8.988416831891703,13.797382869352944,9.43172886136571
1193661467,43.47633554887777,-80.5433450245896,76.80579153152144,354.12915,252.09604,2.1108055,0.7505513,-5.870849,-2.88912187004756,8.942779838124181,13.900857146394305,9.397889997927592
1193810086,43.47633229442001,-80.54333111078398,75.05274985028296,354.10638,252.13321,2.0898576,0.74569577,-5.893611,-2.8811197955872707,8.937824629442597,13.940831749242788,9.390716712966883
1193948322,43.47632860537363,-80.5433158511365,73.12089891743557,354.08633,251.26086,2.0759757,0.7883524,-5.9136686,-3.0163900673404145,8.891531892648167,14.000870925346682,9.389246425370324
1194121318,43.476324444062776,-80.54329914500542,71.01770082956585,354.06006,250.91452,2.1239681,0.7994943,-5.9399443,-3.10267899005199,8.967346661822008,13.924643401929997,9.488936877680256
1194283486,43.47631997056743,-80.54328128301081,68.7620169062098,354.02557,250.84561,2.0556016,0.7679104,-5.974439,-3.0766254964383934,8.857566875185295,13.890794305953207,9.376679337255519
1194585474,43.476314683224835,-80.54325998383129,66.04269815100963,353.99243,251.27155,2.0785487,0.68739545,-6.007561,-3.0066329188515937,8.868208018982122,14.05220451052645,9.364024507478655
1194711179,43.476311989731855,-80.54324901071077,64.6279080211466,353.98206,251.31088,2.0662067,0.6509732,-6.0179343,-2.998396387395427,8.863923960607396,14.147901298630638,9.357324878156996
1194984592,43.47630930022523,-80.54323801369867,63.20058169970906,353.97098,251.37437,2.0941434,0.6442243,-6.0290294,-2.993958777892159,8.883223219861604,14.273263214375376,9.374190308373619
1195375405,43.476303876004174,-80.5432159540019,60.32215339811739,353.9374,251.12357,2.1287775,0.6519727,-6.0625787,-3.049341355559163,8.918359568894013,14.451010194823866,9.425264988466202
1195584914,43.47629945179747,-80.54319842578708,57.996234348204325,353.92044,250.81383,2.0899746,0.67614526,-6.079571,-3.087599967073014,8.873273454058083,14.630919897478348,9.395118697875038
1195711254,43.476295873650315,-80.54318462850907,56.14103367043947,353.90497,250.28976,2.0431974,0.690881,-6.095035,-3.149498177895509,8.791259435348925,14.675218131140277,9.3383928613107
1196158088,43.476291069410514,-80.5431669779821,53.73330326092179,353.89215,248.97385,2.0071552,0.70887965,-6.1078544,-3.3591635567750755,8.738994123165863,14.778615208209029,9.362371392221805
1196298593,43.47628824100948,-80.54315613042517,52.25889473406505,353.89972,250.23541,1.9795843,0.67525506,-6.100268,-3.1485760314371523,8.762495545982436,14.744085268567524,9.311007422352457
1196422654,43.47628474227261,-80.5431427212394,50.43155579587835,353.88495,250.37926,1.971346,0.6856957,-6.1150393,-3.1109564106925944,8.726583312935123,14.714168226380284,9.264518665685072
1196984111,43.47628002859146,-80.54312493263345,48.02512503124956,353.86383,249.78307,1.9791445,0.7489524,-6.1361675,-3.2287577100023523,8.76751047991578,14.655671201685221,9.343132042593247
1197148717,43.47627707946684,-80.54311404970895,46.559983531906425,353.85666,249.52219,1.9877651,0.7757203,-6.1433454,-3.2829655318593334,8.791064952150288,14.651414993431384,9.38406551960831
1197460380,43.47627136639711,-80.54309368040892,43.84095632658989,353.84015,248.71872,1.9852852,0.8351236,-6.159845,-3.4198313455439124,8.779893293054949,14.452884263845464,9.422408008009203
1197574339,43.47626828464142,-80.54308276072788,42.393268252199846,353.83023,248.74771,1.995547,0.8306239,-6.169774,-3.4306104283840995,8.820756335497533,14.476880743900237,9.464398039049161
1197699091,43.47626508547637,-80.54307197364298,40.94176098918581,353.81967,247.76993,1.975749,0.85049266,-6.1803303,-3.5613105349322436,8.713647149970157,14.515072630140342,9.413319254142102
1197861432,43.47626191486743,-80.54306114568935,39.500018583814494,353.81143,248.02454,2.0120192,0.84139705,-6.1885567,-3.5295218765714673,8.746660294122748,14.417424053713091,9.431945238283564
1198224078,43.47625707044888,-80.5430450175303,37.33955527542463,353.7985,247.41333,1.9918175,0.891003,-6.2015066,-3.6203989142712634,8.703158886848309,14.435332636963459,9.426147829743773
1198358867,43.47625268268195,-80.54303052867273,35.381987925586884,353.7816,247.34726,1.9405961,0.87734836,-6.218404,-3.623722124966153,8.682894844693193,14.5507034285233,9.408720684714199
1198597886,43.47624652362361,-80.54301034924968,32.61502489095062,353.76398,246.97482,1.9068742,0.88375914,-6.236022,-3.6576337193305615,8.606328620309515,14.649881876768184,9.35131951895253
1198855368,43.47624331806487,-80.54299965794108,31.15186556292639,353.7542,247.55005,1.9226925,0.85385406,-6.2457814,-3.5684279874839544,8.636280461496813,14.631593280242411,9.344464592018657
1199034545,43.47624009727121,-80.5429888475531,29.677296665782876,353.74347,247.67787,1.9467779,0.86098534,-6.2565246,-3.58538750370148,8.732471027788034,14.745688971434893,9.439865136899792
1199403982,43.476234066840824,-80.54296890275015,26.929079937621225,353.72696,247.31546,1.8915476,0.8692672,-6.273033,-3.618339420236774,8.656480377380614,14.7599267804704,9.382272255909813
1199538365,43.476229695011,-80.54295457669332,24.945634674450446,353.70483,247.1174,1.8475732,0.8895457,-6.295171,-3.631490747830502,8.60423339982827,14.734965046525215,9.339194689602467
1199858505,43.47622636958145,-80.54294393054894,23.457022689162216,353.69608,246.71005,1.839861,0.91739327,-6.3039336,-3.701868181331713,8.599797482040955,14.886119852882294,9.362710332167397
1200075611,43.476219694426,-80.54292261229897,20.48906701900006,353.67554,246.57541,1.8868694,0.9663078,-6.324478,-3.7544611380138866,8.665838997741666,14.868622718174652,9.44419101732048
1200221372,43.47621641828309,-80.54291190075104,19.01454193833814,353.66373,247.14503,1.8885342,0.9495763,-6.336267,-3.6470022893597926,8.652629495498838,14.7452508066194,9.389814848279599
1200475440,43.47621173170556,-80.5428972183995,16.994579251569235,353.64322,246.11646,1.8749156,0.99179333,-6.3567953,-3.8557192524033557,8.707678049565718,14.790771285118398,9.52314170682357
1200758701,43.47620822278919,-80.54288641068622,15.512443991503517,353.64117,245.89525,1.8782626,1.0195464,-6.3588214,-3.90612570890841,8.730310440321922,14.821352600657248,9.564315889711569
1200883960,43.47620473115634,-80.54287559726083,14.028224111767202,353.62622,246.01178,1.888094,0.9823572,-6.3737903,-3.8868856790726527,8.734924604007125,14.842198797363132,9.56068973034211
1201033123,43.47619951675684,-80.54285947537139,11.82063395786713,353.6046,245.9385,1.8862041,0.98367584,-6.395375,-3.8913069019187576,8.714835608890906,14.80124077173988,9.544141087332767
1201167141,43.47619484020616,-80.54284507085885,9.838481831315221,353.5696,245.97403,1.8271174,0.97864395,-6.430392,-3.8660437901556395,8.672692766973288,14.742173505711998,9.49536173179894
1201277500,43.47619149066908,-80.54283416611591,8.373316360375838,353.5679,247.05713,1.817663,0.93358344,-6.4321003,-3.728704674811853,8.808689561971903,14.651654709393656,9.565367235561661
1201448460,43.476185723880384,-80.54281598677046,5.835243475379059,353.5501,246.22057,1.7617854,0.9388954,-6.449886,-3.736909463889306,8.480950998242683,14.880134174177918,9.267740942424913
1201584410,43.47618235345824,-80.54280547322813,4.355811142138805,353.54385,246.1648,1.7686064,0.965589,-6.456146,-3.7519539228885175,8.492683510845222,14.794323332402659,9.284547994106168
1201706726,43.47617820202503,-80.54279268281167,2.5399765477009737,353.50735,245.5434,1.6362278,1.0070276,-6.4926505,-3.8162223658063064,8.390775179018608,14.937856232163572,9.217844718268747
1201871139,43.476174692795226,-80.54278241178166,1.047661272177777,353.49728,244.78699,1.6323951,1.0330993,-6.5027018,-3.906474627303698,8.296785662397298,14.923152755232064,9.170452352066878
1202018057,43.4761694273072,-80.54276759499291,-1.1611842651971642,353.46835,243.6633,1.551079,1.0380994,-6.531638,-4.006756861284657,8.094002855769002,15.031813544857165,9.031444113465378
1202213616,43.476165821832645,-80.54275771302662,-2.6692002056857405,353.455,243.3067,1.5195358,1.0344379,-6.5449996,-4.013614272674936,7.982505764739634,15.080159404885972,8.934735464126593
1202347739,43.476162220888305,-80.54274790868737,-4.2032643965595184,353.4472,243.15396,1.4897599,1.0144827,-6.552801,-4.008571234983341,7.919799776525643,15.340641908737954,8.876478572395222
1202558276,43.47615857342551,-80.54273815593307,-5.7411617999639475,353.43127,242.73361,1.4639946,1.0354759,-6.568731,-4.060355587384957,7.878130238150916,15.37897403404407,8.862924096779576
1202676877,43.47615420766162,-80.54272663564602,-7.567772671067701,353.41113,242.44022,1.486413,1.0738329,-6.588877,-4.096638853300584,7.849561498198332,15.414429800391138,8.854268214164826
1202897815,43.476149237619076,-80.54271381649872,-9.627724053826341,353.38998,241.75381,1.4649521,1.1093377,-6.6100082,-4.193564371714514,7.805850673649365,15.541568091283292,8.860998074654209
1203059245,43.476143087951066,-80.54269829167262,-12.138858472555512,353.3597,241.32593,1.4483539,1.1638532,-6.640277,-4.246019675533361,7.763853452189697,15.512147043075455,8.849073596263866
1203174771,43.476139290762745,-80.54268878772693,-13.6862331443441,353.35056,241.16286,1.4200416,1.1606057,-6.6494327,-4.2270300370874665,7.677146324466589,15.473746717885767,8.763923700130583
1203422622,43.47613425802103,-80.54267722310497,-15.637064807376248,353.324,238.5633,1.3808792,1.1735013,-6.6760073,-4.578977992525588,7.490775289796482,15.737460807132772,8.779450660392097
1203699235,43.47612875453097,-80.54266475207496,-17.81280896712775,353.31046,238.76547,1.3303834,1.1122493,-6.6895423,-4.476833364790144,7.382086755086532,16.00845188300343,8.633495342891097
1204011088,43.47612486359931,-80.54265573915664,-19.40625598012292,353.29803,239.25034,1.3207206,1.0906774,-6.7019787,-4.331385123088329,7.2805016908555835,15.934470129951887,8.471517098788263
1204135118,43.47611996304689,-80.54264477481956,-21.385085795607324,353.28464,238.05936,1.2490156,1.1008996,-6.7153673,-4.42193622445835,7.092919739981545,15.973855380192186,8.358410758690724
1204269600,43.47611461604373,-80.54263324612691,-23.546244947813875,353.26862,237.44131,1.1817639,1.078779,-6.731386,-4.403073184836576,6.895846306310354,16.06851509723146,8.181671574396093
1204416753,43.47611067390125,-80.54262490789371,-25.140920581889077,353.26187,236.91447,1.1510873,1.0779346,-6.738116,-4.388392999533999,6.7355010738783525,15.946756340751751,8.038965594812273
1204600381,43.47610523917601,-80.54261361705375,-27.294153488593906,353.24448,236.25656,1.1516993,1.1109416,-6.7555304,-4.442111113436176,6.649735435025186,15.714672955665412,7.996957702773148
1204722996,43.476101216556266,-80.54260552352032,-28.883946963987114,353.23898,235.59146,1.1191021,1.1097903,-6.7610264,-4.477980296066082,6.537836217853909,15.897934753932141,7.924368110041228
1205033227,43.47609457523603,-80.54259250397834,-31.511888409882715,353.21564,234.5998,1.0430046,1.1153588,-6.784374,-4.517572591835813,6.3567926530675445,16.07762527581492,7.7985431303929875
1205184106,43.47609043910365,-80.54258471857071,-33.11299009746614,353.20398,233.7909,1.0286329,1.1331419,-6.7960243,-4.604342565491461,6.288936777267355,16.0110168758341,7.794273298317322
1205406492,43.47608484294541,-80.5425742615274,-35.3016501057146,353.18436,233.54443,0.9757686,1.1225574,-6.81565,-4.553246196021029,6.163348391354845,16.059377987498983,7.662826783556857
1205531810,43.47608073686934,-80.54256678871532,-36.91092208907344,353.1701,232.86638,0.9514962,1.1208353,-6.8299084,-4.570883879183978,6.036426732119473,16.09271983358858,7.571751919419347
1205684132,43.47607666220899,-80.54255943717213,-38.51708038026186,353.1571,232.62674,0.92351234,1.109729,-6.8429008,-4.535911907232298,5.938467520895332,16.06158291188415,7.472609539304225
1205908061,43.47606902743142,-80.54254562006014,-41.591366872805054,353.11902,232.8327,0.89505094,1.0801784,-6.880974,-4.407806607218546,5.81395610927276,16.055772946981534,7.295947143941595
1206159007,43.47606157546611,-80.54253220837573,-44.67543887126351,353.0839,232.9752,0.88105005,1.0642194,-6.9161067,-4.317652902413815,5.7245622005526435,16.427336492521448,7.170267705861376
1206382220,43.476055005274475,-80.54252003350945,-47.52931770734335,353.044,233.47449,0.8589481,1.0080354,-6.955995,-4.153581180987575,5.608019896498358,16.33086509370464,6.978690692857478
1206574592,43.47604858883457,-80.54250828461704,-50.37606865033757,352.98587,232.91605,0.76595384,0.9886112,-7.014137,-4.092429595038848,5.414313389689409,16.43580410037263,6.786955832486303
1206722420,43.476043282838596,-80.54249847009105,-52.79691113620106,352.93774,233.46983,0.74952835,0.9308147,-7.0622425,-3.9578967881218423,5.342905730313666,16.361513441416186,6.649179545511145
1206873932,43.47603787723267,-80.54248869595446,-55.276907350059275,352.88635,232.62015,0.70679957,0.9176884,-7.1136394,-3.961746427884407,5.185526539666961,16.33707463391735,6.525727564988081
1207185454,43.47603077871143,-80.54247617278952,-58.5412790572546,352.8365,232.19196,0.6657779,0.8932383,-7.1635184,-3.9157967103055475,5.046751165986313,16.310909779761925,6.387735217416574
1207444306,43.47602489236405,-80.54246557756031,-61.377205033671714,352.7674,232.80603,0.60638636,0.80892617,-7.23259,-3.7255663114331536,4.909324170480152,16.446631527417285,6.16289770738946
1207620456,43.47601916888889,-80.54245521782528,-64.28254170698102,352.72052,232.66776,0.55504954,0.7635283,-7.279473,-3.5806162967938517,4.694748084360053,16.54360225879171,5.904360476839816
1207756967,43.47601597478849,-80.54244958312744,-65.91673838347702,352.6947,232.0035,0.5275999,0.764479,-7.305305,-3.55567256067038,4.551625317905999,16.341966764960198,5.775820322110716
1208158908,43.47601111661584,-80.5424410384414,-68.41710463301831,352.64917,232.07022,0.527696,0.7605419,-7.3508396,-3.5520235317571975,4.557884482110624,16.43772886435141,5.778510372269111
1208284237,43.47600795202809,-80.54243540152137,-70.06704090187361,352.62198,232.27216,0.523746,0.72905767,-7.3780074,-3.522819078903946,4.5534203680355825,16.49936268855272,5.757073154887903
1208486718,43.476004819833186,-80.54242970035926,-71.71599253655108,352.59744,232.87003,0.54395616,0.7130668,-7.40257,-3.486759364489391,4.605314163393462,16.489516346774515,5.776366453871057
1208797250,43.47599894276498,-80.5424183137941,-75.05897291068732,352.5428,235.73209,0.5482047,0.6518804,-7.4572105,-3.180104706632553,4.667470731267753,16.743679993505996,5.647862336529428
1208898254,43.47599617882645,-80.54241252947143,-76.73904081085459,352.4925,236.45444,0.511823,0.63230664,-7.5075054,-3.0475356706314027,4.59637932147246,16.593076417628776,5.514904943027616
1209234317,43.47599351730543,-80.54240652314066,-78.39682267294592,352.46722,238.58936,0.5435347,0.6260809,-7.532761,-2.962805193538031,4.8518248910522885,16.577818620913458,5.6849291454063415
1209368381,43.47599090281107,-80.54240055092475,-80.0579508493978,352.44284,238.89764,0.5322479,0.5950164,-7.5571504,-2.910455124842112,4.824267410441326,16.611281764518566,5.634208469799993
1209576072,43.475987768051226,-80.54239296792174,-82.13742431340125,352.3971,240.57458,0.56268317,0.56139547,-7.6028924,-2.787150661544321,4.941271195776769,16.752438846100155,5.673126989620463
1209698488,43.47598529700889,-80.54238669982404,-83.82601481276231,352.36847,241.48576,0.5963879,0.5537623,-7.631531,-2.750764328315501,5.063276335946641,16.88590499361063,5.76224536479403
1209823853,43.475982933294794,-80.542380383642,-85.51216693437692,352.34277,242.71875,0.5958172,0.51922476,-7.6572337,-2.6312865290936926,5.102118143527746,16.8615212161459,5.740668806742376
1210259810,43.475979363195336,-80.54237045197628,-88.12864304489153,352.25458,244.04343,0.65197873,0.5162027,-7.745414,-2.5011429581503983,5.137981791708511,16.700942266388765,5.714417992152265
1210448221,43.47597562071205,-80.5423586846681,-91.32059774357748,352.19635,246.55742,0.61247295,0.42982912,-7.803649,-2.191421318884276,5.053767584852687,16.95771985036362,5.5084384537333495
1210759948,43.4759720698144,-80.54234677622289,-94.50137274267462,352.1372,248.01198,0.6267106,0.40295178,-7.8628078,-2.058750236867178,5.098653562529377,16.97455888401313,5.498610796237007
1210860199,43.47597014741233,-80.54234027649825,-96.21117488445344,352.07095,248.40475,0.69726586,0.392886,-7.929043,-2.0965736794530527,5.29662609386912,17.06034793620351,5.69647866419515
1211034851,43.475968110704734,-80.54233258888186,-98.20951281294418,352.01465,250.18777,0.70360434,0.38859338,-7.985337,-1.9482762599267038,5.4079242606776585,17.40060929011795,5.74816711606578
1211135211,43.47596633561637,-80.54232585270772,-99.9602619786877,351.9875,250.0416,0.7278031,0.42439768,-8.012502,-1.9760283655633777,5.441381533539798,17.50749165743529,5.789069104360303
1211411016,43.4759638643018,-80.54231549217546,-102.59114542616027,351.89343,252.40562,0.76152015,0.3509634,-8.106579,-1.792345749904519,5.652115230724723,17.63098378511795,5.929494908387323
1211622779,43.47596131870019,-80.5423020844715,-105.96160868902018,351.82916,256.61823,0.76724905,0.28553882,-8.170835,-1.3546010059041915,5.694050986997248,17.952566050458177,5.852961688557425
1211757972,43.475960474752334,-80.54229478837101,-107.75793078048815,351.7972,260.94296,0.77072185,0.2496285,-8.202776,-0.939482751967686,5.89368172616022,17.96322091467948,5.9680911630537015
1211934467,43.47595974676982,-80.54228748897388,-109.54667022494385,351.7573,262.17432,0.7972907,0.232219,-8.242697,-0.810390137079464,5.896344709123353,17.887394444556968,5.95177394589904
1212059625,43.475959030969996,-80.54227813906273,-111.79579618033154,351.68695,263.99185,0.83525884,0.21233958,-8.313045,-0.6391188441005365,6.0724967927464935,17.980698102293815,6.10603719238598
1212283411,43.47595851116086,-80.5422680849546,-114.09177264950983,351.62076,266.32678,0.8722379,0.17647713,-8.379239,-0.41120915270849834,6.4053576011649,17.92027706206083,6.418543367935765
1212557359,43.475958060632095,-80.54225486838898,-116.99368926058247,351.5636,267.9988,0.9247282,0.1587233,-8.436415,-0.23286663950152953,6.664455785317891,18.010330257678092,6.668522908879435
1212679407,43.47595781348383,-80.54224652603813,-118.81653583703763,351.5346,267.66208,0.9449511,0.166553,-8.465392,-0.27512544583987575,6.738827252444583,18.228465764551466,6.744441173977159
1213147056,43.475957830477405,-80.54223558021366,-121.19318871725841,351.4801,270.75125,0.93698454,0.09921465,-8.519904,0.0891608159082283,6.799585404488422,18.26020631422907,6.800169948172281
1213271218,43.475957960299574,-80.54222510050151,-123.48557247805383,351.40814,271.66968,0.991807,0.09879567,-8.591855,0.19886137538185733,6.822074942865188,18.49548185874946,6.824972701241217
1213423611,43.47595814184964,-80.5422141827489,-125.85364559921015,351.35104,271.22964,1.0345546,0.11786308,-8.648968,0.1487931231903909,6.932008224261515,18.583441588467174,6.933604936448141
1213598583,43.47595868108844,-80.54220238384211,-128.39686157252197,351.2827,274.40387,1.0224992,0.10787829,-8.717291,0.5407129519922675,7.021006606485816,18.63009320179996,7.041796948561473
1213823128,43.47596015324478,-80.54218484525927,-132.0625418435148,351.2177,276.67117,0.98722297,0.094472006,-8.782287,0.8230557515434835,7.03690297967096,18.387210189811835,7.084872921616227
1214011608,43.475961524535556,-80.54217038806189,-135.12921162634888,351.12497,277.6128,1.0095112,0.02525388,-8.875019,0.9516412261010643,7.120090493116101,18.727758481386697,7.183405157261939
1214196799,43.475962409045096,-80.54216139232062,-137.00358359803255,351.0979,277.71664,1.0420208,0.020127568,-8.902111,0.9846360249488738,7.266626331709486,18.7437197168369,7.333032547747267
1214320375,43.47596350468697,-80.54215236253071,-138.87303479200608,351.06375,279.49274,1.05867,-0.007917219,-8.936256,1.2196685311131903,7.294130321830507,18.694511939735218,7.395399142550389
1214446145,43.47596461605842,-80.54214316053586,-140.72625009176488,351.0384,279.44962,1.0968417,-0.0045624715,-8.961597,1.2371786972274796,7.433234921153646,18.53215299758819,7.535488870798731
1214597816,43.47596615432821,-80.54213124274632,-143.12895942833904,350.9851,280.29172,1.130513,-0.06549281,-9.014877,1.3732183185318996,7.562537970727027,18.912941044682746,7.686202515484459
1214723177,43.4759675128915,-80.54212184466063,-145.00574264447442,350.9542,281.26657,1.1577733,-0.09656559,-9.045793,1.5123526556308904,7.591634187391055,18.76783216135352,7.740808755560264
1214947796,43.47597002755365,-80.54210656116648,-148.05188822524212,350.9004,283.34064,1.1598123,-0.13140216,-9.099619,1.7873066901083332,7.536965944069905,18.54533026921268,7.745987402944544
1215121530,43.475973466116535,-80.54209025834811,-151.29239813150974,350.84473,286.53387,1.1752635,-0.2059246,-9.155259,2.249600580640364,7.57806079392471,18.76461199231366,7.9049167085324985
1215375442,43.47597579976781,-80.54208079164312,-153.1668291551245,350.8242,288.76337,1.1776098,-0.24771118,-9.175823,2.5978206012926917,7.6470638381990375,18.744310236147502,8.076277435922574
1215499358,43.47597811219565,-80.54207132573464,-155.09625449064907,350.79306,288.606,1.1774267,-0.20631701,-9.206953,2.5741946701300713,7.646420431105391,19.294253355245452,8.068099132320576
1215848408,43.47598060980763,-80.54206175743909,-157.01636799038903,350.76556,289.7848,1.1857446,-0.24897154,-9.234429,2.7803416527232914,7.729127190005935,19.201134997399517,8.213994571775483
1215973353,43.47598368166275,-80.54204979737867,-159.40426769702214,350.70706,289.61557,1.1854739,-0.20680982,-9.292941,2.7409838470153356,7.690961516312762,19.102632664423105,8.164795251260308
1216121648,43.47598632065997,-80.54204040501739,-161.32004177059548,350.68347,291.1667,1.159634,-0.24200213,-9.316525,2.937731706045069,7.587010092608014,19.157740735733686,8.13590743076876
1216311393,43.475989117899886,-80.54203090600454,-163.27903357419427,350.65616,292.08807,1.1682317,-0.301294,-9.343849,3.1138874723145644,7.673161650955535,19.589918035987893,8.28092415808358
1216622759,43.47599299131804,-80.54201789901596,-165.96625714993752,350.6,292.2796,1.2218841,-0.29363373,-9.399995,3.160400310531606,7.713679129061977,19.734602454809288,8.336004788202477
1216932179,43.475997273604456,-80.54200478956945,-168.66117197017326,350.55637,294.77948,1.2260921,-0.3336584,-9.4436455,3.572937904205153,7.739819396334875,19.644189131336276,8.524710526181371
1217116232,43.476000423942025,-80.54199496122664,-170.62888095708797,350.52988,293.83234,1.2670187,-0.3391617,-9.470109,3.506955784417143,7.939189505603563,19.677089869146613,8.679255087836895
1217238903,43.47600441627899,-80.54198278435635,-173.0269741086894,350.48282,294.29224,1.3365678,-0.35885417,-9.517169,3.629975581841543,8.042408948292186,19.54231181507642,8.82366502176596
1217522260,43.476009537100765,-80.54196661442083,-176.20080663433964,350.44693,293.4546,1.3062407,-0.34486955,-9.553065,3.49991777508096,8.066744209731633,19.716326112292773,8.79328076303529
1217675966,43.47601384503285,-80.54195279823301,-178.8752930210319,350.40555,293.3529,1.3148601,-0.37235427,-9.594454,3.5231950040721913,8.160020791647362,19.455776584534078,8.888129294561173
1217823560,43.47601693566544,-80.54194247344971,-180.84629455650906,350.37952,292.41705,1.3484803,-0.33979332,-9.620483,3.4404922051649396,8.34020676665,19.710015354772075,9.021975145403315
1218110699,43.47602002419479,-80.54193207673575,-182.81598727152152,350.36185,292.2635,1.3788143,-0.34433505,-9.638143,3.438150867285868,8.398311288114032,19.696927150124445,9.074828586716231
1218323673,43.47602392262887,-80.54191769800137,-185.49241383290905,350.32397,289.8694,1.3637034,-0.30354506,-9.676031,3.088233512696594,8.545419287365908,19.508290006876457,9.086329128191847
1218459105,43.476027541953634,-80.54190347022639,-188.08908336520415,350.29437,289.45154,1.362661,-0.28033012,-9.705623,2.9961021571241018,8.483520798694252,19.09765335711655,8.997041362459198
1218574769,43.47603018228299,-80.54189280805987,-189.99270835557775,350.27893,288.8429,1.4017743,-0.2611443,-9.721061,2.939214636298244,8.6127399277385,19.036249903736117,9.100454479919716
1218699793,43.4760329034052,-80.54188216771209,-191.84962247710246,350.26614,289.41385,1.3907167,-0.26946178,-9.733869,3.029153244628516,8.595115074133773,18.569141215247253,9.113274522203591
1218824492,43.476036396360314,-80.54186898957475,-194.16192039470957,350.25446,290.16278,1.3057661,-0.34206071,-9.745537,3.120174691945342,8.497418105653834,18.534588583440406,9.0521602156916
1219047611,43.476041917509825,-80.54184727557703,-197.97092777047465,350.2328,289.8647,1.266345,-0.4177876,-9.7671995,3.202328543080226,8.863406218901094,19.344297717783242,9.424164573004914
1219312497,43.47604465072156,-80.54183611258506,-199.89757460634928,350.2282,288.6454,1.2526755,-0.3939044,-9.771784,3.0426113093822,9.017299298452656,19.26646835874668,9.516783606757864
1219496545,43.476047502304425,-80.54182488102023,-201.82153157389075,350.21204,289.2841,1.2855059,-0.41243348,-9.787971,3.1743820398949816,9.072691431313544,19.239569675415254,9.611994129369723
1219759236,43.476050485664494,-80.54181339080634,-203.80766529392702,350.1954,289.6878,1.3222704,-0.45001495,-9.804583,3.3210764316290513,9.28162431140201,19.861337200362303,9.857895237966916
1219876396,43.47605390893777,-80.54179993624884,-206.130602296299,350.17194,289.0456,1.3307576,-0.43798926,-9.828068,3.2115397304811117,9.302927967261764,19.79954671086718,9.841669380980028
1220346318,43.47605962641269,-80.54177654199862,-210.04075302344688,350.1451,288.03467,1.3449352,-0.41032678,-9.854875,3.099898864879761,9.52089309985994,19.79686963730009,10.012830688244131
1220447594,43.47606236835286,-80.54176468937818,-212.04165572283682,350.12268,287.4682,1.352069,-0.3525966,-9.877319,2.977333272187541,9.461194049200767,19.70166129595763,9.91860404746086
1220660084,43.476066269209504,-80.54174727356074,-215.01085797197288,350.1068,286.93842,1.3034132,-0.3750361,-9.893178,2.835829083031827,9.311368971866518,19.76828006228909,9.73362824019942
1220849990,43.47606885893523,-80.54173576519159,-217.0044795624657,350.09915,287.22925,1.3046926,-0.4112471,-9.900863,2.882882681738385,9.296289856945075,19.936215904928464,9.733037432426066
1220997685,43.47607260940621,-80.5417186692217,-219.9276301611152,350.0737,287.12927,1.3613229,-0.39091793,-9.926309,2.891375330340302,9.381514222833735,19.735753975809832,9.816967984776774
1221158392,43.47607684954354,-80.54170044016986,-223.11629242062918,350.02768,287.97278,1.3093796,-0.32020822,-9.972315,2.948619516798839,9.089608230006952,19.845992903612434,9.55590575664375
1221299517,43.47608042009481,-80.54168446763984,-225.93013176988381,350.01788,286.77844,1.3131404,-0.27208817,-9.982111,2.768145158385427,9.181029470844432,19.975967271423194,9.589261168745312
1221459459,43.4760841021058,-80.54166623304523,-229.11948987766334,349.99557,285.49692,1.3543874,-0.23836854,-10.004423,2.5582582993508796,9.226710610965156,19.891985779228452,9.57480413505648
1221675540,43.47608693268565,-80.5416518109915,-231.64072212012297,349.9757,285.09747,1.334532,-0.20895585,-10.024304,2.489957534226229,9.229815757253338,20.00904326009631,9.559779675028707
1221799235,43.4760896074657,-80.54163767194208,-234.10360091167615,349.96127,284.34467,1.3065957,-0.16699417,-10.038731,2.3675629027689853,9.25816713980788,19.868627582903738,9.556098204140971
1222272744,43.47609162962374,-80.54162618626975,-236.0740565005134,349.95242,283.63788,1.3009745,-0.13126564,-10.04759,2.2510663326719986,9.277955699380078,19.704555888372187,9.547133684711273
1222385838,43.47609383912815,-80.54161312004085,-238.31108328329628,349.93826,282.99976,1.3078272,-0.07797488,-10.061726,2.157787786518088,9.346593494915007,19.80272442773853,9.592437546882135
1222546694,43.47609673451417,-80.54159440585062,-241.49632635632565,349.9104,281.71973,1.2972927,-0.0073807067,-10.089593,1.9544718397057266,9.421461525970525,19.787217359398987,9.622052663415719
1222687309,43.476098937690864,-80.5415795929141,-244.02381718456047,349.89462,281.51025,1.2780108,0.002331012,-10.1053915,1.9096931361988525,9.377839386149725,19.84425208009031,9.57030822005572
1222823076,43.47610130155111,-80.54156385180556,-246.72529940889171,349.86664,281.8106,1.3186024,-0.009450873,-10.133365,1.9610040497264423,9.378108945347533,19.843870647914503,9.580942765398973
1223047896,43.476104121725555,-80.54154485386661,-249.96501107086465,349.83047,281.45154,1.351233,0.04409879,-10.16952,1.9036483113015672,9.397412742364898,19.854811448764046,9.588286767899856
1223359551,43.476106663901504,-80.54152722799576,-252.9951660180294,349.8041,281.29617,1.3375236,0.06420973,-10.19588,1.8551469542272327,9.28733997217434,19.860563957670003,9.470810629535672
1223498756,43.47610826432938,-80.54151580475774,-254.98002973012342,349.79575,280.92786,1.3221898,0.081650384,-10.204255,1.7815963146635687,9.22752219105863,19.848637120940495,9.397938668394378
1223598927,43.476109809788035,-80.5415043546106,-256.96253178199527,349.78482,280.53687,1.3320135,0.117659576,-10.215186,1.72040456788727,9.249258984429499,19.825020518718183,9.407900065277968
1223712795,43.476111496550104,-80.54149137909714,-259.2133377024444,349.76718,280.0363,1.2897433,0.16617231,-10.23283,1.6282052236046896,9.19993630706001,19.783091320187346,9.342905345990324
1223848259,43.476113398576445,-80.54147604279855,-261.889174913406,349.74,279.56674,1.2618482,0.20429611,-10.260023,1.542508609304039,9.152171941506264,19.72445076095393,9.281249056925022
1224247618,43.476114973566915,-80.54146480540003,-263.89447946733117,349.73337,280.93195,1.2397678,0.15110739,-10.266622,1.7532793972824843,9.077403813106455,20.05304553925133,9.245174342928035
1224447031,43.476117022143995,-80.5414494856944,-266.6566204683853,349.7103,280.4707,1.267699,0.19847824,-10.289696,1.6710393150986687,9.041930907994514,20.276883766506906,9.19504686978549
1224586921,43.476118636011584,-80.54143821835879,-268.67149892176894,349.70044,281.16605,1.2700069,0.1693407,-10.299575,1.7965574057951617,9.101586535256759,20.148784533835816,9.277203025216414
1224847647,43.47612149434119,-80.54141866123878,-272.14813375029337,349.67624,281.49155,1.2757854,0.15906052,-10.323763,1.8606076311835875,9.152090080177016,19.982025202837868,9.33930477031846
1224971239,43.47612350859437,-80.54140468892464,-274.6275087229783,349.6625,281.18457,1.2419105,0.2010938,-10.33748,1.8003431988751466,9.105256832994439,20.08626096435436,9.281537460384886
1225118164,43.47612527646941,-80.54139068948919,-277.1310004213649,349.64746,279.54944,1.2076288,0.2238064,-10.352544,1.526713171513905,9.075184212336358,20.098878887375076,9.20270729708998
1225240702,43.47612698111773,-80.54137706505522,-279.6054894997285,349.617,279.97522,1.1515127,0.19532607,-10.383008,1.5751925129775175,8.956010128335862,20.273431273454985,9.093478370337445
1225363060,43.476128691091226,-80.54136347852425,-282.0852656249024,349.55853,279.77066,1.2318236,0.23650701,-10.441461,1.5531887022412674,9.019538893847011,20.298675527970417,9.152293537818206
1225560535,43.47613013663626,-80.54135244898401,-284.11804845187737,349.55545,280.23804,1.2046124,0.21028098,-10.444543,1.6091807277075691,8.909498958277183,20.327828269749787,9.053653091540877
1225747197,43.47613268322961,-80.54133201935676,-287.9049909346385,349.54037,279.39948,1.1452997,0.24151617,-10.459629,1.461766828656028,8.830320480531217,20.305813383432813,8.950492838399915
1226147389,43.476134566122155,-80.54131552474482,-290.9922863529084,349.52124,278.972,1.1248072,0.25776407,-10.478772,1.3856296959784125,8.77629937653176,20.450183467753476,8.885009870612919
1226421170,43.47613573979461,-80.54130474558752,-293.0289327137649,349.516,278.53363,1.09893,0.28236938,-10.484001,1.3065321710236655,8.707243348779945,20.366463608565127,8.80472106592778
1226546742,43.47613717472888,-80.54129125062947,-295.58857636567814,349.48837,278.55267,1.0401349,0.308788,-10.5116415,1.3022876684762377,8.659364771150479,20.388705254281106,8.756743196606102
1226698504,43.47613859183016,-80.54127755690038,-298.2094709260184,349.472,278.00787,1.0076199,0.34640914,-10.52803,1.2195829633044417,8.66913137268994,20.571342725106867,8.754497207797796
1226973737,43.47613970943579,-80.54126715991355,-300.2800423205706,349.46442,278.42624,0.94544494,0.3268363,-10.535575,1.2441185953499558,8.398531711219274,20.705713945521467,8.490180562488133
1227098194,43.47614075356517,-80.54125700884707,-302.36184464806865,349.45966,278.06787,0.9109928,0.32371473,-10.540349,1.1623248244516433,8.199880892582799,20.818023274980252,8.281850375977644
1227223721,43.476141840097625,-80.54124672330467,-304.44660219981733,349.4526,278.28278,0.93160266,0.30990717,-10.547404,1.209527924612478,8.30850856143111,20.84757551748668,8.396086726314314
1227411607,43.476142970637504,-80.54123662646062,-306.53873215898943,349.4346,278.7718,0.9177554,0.31284878,-10.565392,1.258516996931747,8.15608082099444,20.921299591720853,8.25260682391688
1227535789,43.47614435278235,-80.54122401894081,-309.14102638285533,349.41257,278.5085,0.9696131,0.35601997,-10.587423,1.2283086555260188,8.210457044106894,20.970166097554642,8.301827932832904
1227759679,43.47614664021945,-80.54120501601987,-313.06583959730574,349.3807,279.41708,1.0087196,0.3380224,-10.619287,1.3615115151721715,8.209031713165874,20.93562779336664,8.321172710244
1228087134,43.47614773367132,-80.54119500879884,-315.1721519508221,349.37335,278.56317,0.977644,0.35852128,-10.626645,1.2172306202533738,8.08368467629911,21.063123535164,8.174815492028886
1228285055,43.4761487143935,-80.54118489653337,-317.29798316742597,349.36923,277.61258,1.0065836,0.37483507,-10.630769,1.0917399321814807,8.168538029231602,21.258312166038834,8.241171616616324
1228434823,43.476150197504516,-80.5411699522964,-320.5175431667486,349.35095,277.76425,0.9802515,0.33255237,-10.649044,1.0901876163933706,7.995654609133756,21.53996011494468,8.069634543614681
1228559376,43.476151152336236,-80.54116000929459,-322.6686782815318,349.34482,277.53864,1.0025439,0.36100063,-10.655195,1.0629186725615667,8.031809340675823,21.51135114783172,8.101836667660452
1228660640,43.47615208674146,-80.54115010300625,-324.8354268675489,349.33658,277.40622,0.9693484,0.3684025,-10.663422,1.0401798950128933,8.002152751851822,21.66748586017042,8.06947475849319
1228774383,43.476153053712885,-80.54113894294888,-327.3038631546759,349.31314,276.7182,0.9513175,0.41563392,-10.686848,0.9325147156436856,7.916411688734863,21.73079971377337,7.971145320493786
1228998016,43.47615447430954,-80.54112317360548,-330.81567668528317,349.27933,277.14957,0.94322366,0.3866284,-10.720679,0.9871352020507214,7.869681031002614,21.676974943737143,7.931350164811164
1229298588,43.47615572636232,-80.5411108582354,-333.4959615631773,349.25424,278.16803,0.9771138,0.33349442,-10.74576,1.1524400002501407,8.029125193323456,21.520050928956884,8.111409823467064
1229486544,43.47615667731869,-80.5411011922742,-335.6709167212025,349.2363,277.72104,0.97317576,0.35484573,-10.763697,1.058604626578989,7.808020049415992,21.74955158025196,7.879455618727512
1229610640,43.476157693347055,-80.54108922993646,-338.3751329135674,349.21655,276.67133,0.9394065,0.38678056,-10.783447,0.9067073435188013,7.751912160269513,21.78852934410478,7.804758826980195
1229797612,43.47615869517941,-80.54107626459262,-341.3431946132474,349.19547,275.94995,0.912275,0.4441806,-10.804546,0.7984153586997296,7.660802093834225,21.767584426462367,7.702295489391618
1230073494,43.47615992949696,-80.5410586719612,-345.4575672697167,349.16437,275.1588,0.90649855,0.52149576,-10.835648,0.6821596257003492,7.5558242582118345,22.033641967529874,7.58655534323174
1230196425,43.47616050701509,-80.54104941425904,-347.70890735048,349.149,274.91357,0.9137296,0.5152087,-10.851005,0.6428931865062144,7.478234451468018,22.513400807632443,7.505817887504285
1230476937,43.47616131281119,-80.54103367305699,-351.59576632881317,349.12408,273.6456,0.91294414,0.5546802,-10.875903,0.459897872862649,7.218190738342838,22.402077852767896,7.232826804822712
1230636052,43.47616156642349,-80.541025084202,-353.84773955839535,349.11798,272.3302,0.8756422,0.5660967,-10.882018,0.2823212099767243,6.937949629290479,22.51973229582207,6.9436914047338405
1230821708,43.47616180841646,-80.54101629770385,-356.0999172084913,349.10147,272.17358,0.92294806,0.5688905,-10.898538,0.26938657336912725,7.097602856640638,22.521776500959525,7.102713244704794
1231007671,43.47616226512226,-80.54100436449623,-359.1870179293493,349.07364,272.9699,0.9021316,0.55883276,-10.926359,0.36414545046168323,7.018816820425546,22.53393285533522,7.028256644985335
1231221562,43.4761626150988,-80.54099024146008,-362.90444948882896,349.05093,271.37967,0.84022146,0.5586973,-10.94907,0.16763345238112132,6.960288048141085,22.643643650031873,6.962306420106261
1231409110,43.476162988482955,-80.54098174551945,-365.13706972399564,349.04865,273.46588,0.79679596,0.51495904,-10.95135,0.4156512408276879,6.862894800954387,22.326202351667124,6.875470238679559
1231533441,43.47616349748369,-80.54097321492212,-367.37238225108285,349.03818,274.7007,0.80446,0.47816586,-10.961818,0.5666196181639258,6.890889961155287,22.353125270871804,6.914146530732405
1231808998,43.4761643481359,-80.54095715485327,-371.5671156113093,349.01685,274.56778,0.7930879,0.46882004,-10.98314,0.553354078473623,6.926265005321457,22.264788668203277,6.948334164395379
1231947443,43.47616494864092,-80.54094554996753,-374.6662717427578,348.9956,274.296,0.7589156,0.47500855,-11.004391,0.5104138442987347,6.794662820543915,22.73669466715634,6.813806948933437
1232145662,43.47616529936558,-80.54093726442494,-376.96028420789366,348.98697,273.3385,0.71893007,0.47489348,-11.013045,0.39042669897944093,6.692938380691275,22.940124651358904,6.704316309289585
1232319629,43.47616550733966,-80.54092474959654,-380.41202444752685,348.9705,270.64594,0.73259264,0.53692985,-11.029504,0.07514174266259516,6.664992414288586,22.812731437743,6.6654159783178395
1232601347,43.47616566011476,-80.54091652301165,-382.7052536359015,348.96225,271.466,0.7193384,0.4873544,-11.037737,0.17006924190295625,6.645313227739565,22.932291883746007,6.647489108062673
1232724094,43.47616579367664,-80.54090815251705,-385.0080981645516,348.95392,271.25967,0.75590426,0.4990424,-11.046072,0.1486810899069388,6.761561340979926,23.028445286501473,6.763195829955699
1232909646,43.47616602179281,-80.54089467549997,-388.7263557465475,348.93103,271.65228,0.787924,0.5127211,-11.068977,0.19403252825601647,6.7265008467882845,23.06305706437139,6.729298794366686
1233185542,43.47616625246601,-80.54088635079025,-391.0344704596964,348.92136,272.18683,0.78894913,0.4791203,-11.07864,0.25678540287099,6.724576999799528,23.0811471314892,6.729478030973906
1233308780,43.47616636207358,-80.54087798735398,-393.32342967103057,348.91898,271.03467,0.7822905,0.5067863,-11.081015,0.12201515316407682,6.755859731602827,22.88959211334176,6.756961477668367
1233622416,43.47616636963001,-80.54086383930552,-397.14739355634254,348.89975,269.03625,0.8046498,0.50034815,-11.100263,-0.11637632414473029,6.918125581515582,23.187407188220824,6.919104350307325
1233808465,43.47616645943831,-80.54084990714641,-400.86628423095624,348.87592,270.91595,0.84994143,0.42867947,-11.124079,0.11108139229837258,6.947775787377092,22.877997532764663,6.9486637181100015
1233995563,43.47616645302896,-80.54083831559484,-403.98507397879393,348.85516,269.70453,0.79418635,0.4770349,-11.144828,-0.03522991997653209,6.831787380645962,22.804753941532297,6.831878216245879
1234120339,43.476166373916556,-80.54082981496906,-406.283207561852,348.83945,269.2652,0.82605064,0.5111127,-11.160553,-0.08806792875794629,6.866679382062626,22.98133583058044,6.867244112168992
1234282017,43.476166303673445,-80.5408161044356,-409.9845426237122,348.8188,269.46774,0.82841074,0.48338318,-11.181206,-0.06366704932317,6.853348026008543,22.796834416645655,6.853643750499782
1234484236,43.47616607839632,-80.54080248483868,-413.7101386672349,348.80173,268.4704,0.7944656,0.47200707,-11.198284,-0.17961699718682578,6.726459173521624,23.175956172078244,6.728856907286082
1234607916,43.47616581527199,-80.54079429448745,-416.03488587367644,348.79193,267.46503,0.79049104,0.4855674,-11.208059,-0.2929100073584307,6.616044199403382,23.247472064415355,6.622524980766012
1235045193,43.47616545347195,-80.54078112225844,-419.8723586976224,348.75363,268.16132,0.7562016,0.45466742,-11.246362,-0.20703455188316486,6.449266688801553,23.517032632327812,6.452588947775832
1235146109,43.47616516241456,-80.54077304640181,-422.25533745814823,348.7402,266.75766,0.72829616,0.45999765,-11.259801,-0.36636930732075185,6.467248358037067,23.617518671183927,6.477617447324273
1235269219,43.47616478767828,-80.54076503409644,-424.61540649191784,348.7303,266.3122,0.7129351,0.49488392,-11.269729,-0.4171564271165403,6.472221401978388,23.60069033769561,6.48565103601109
1235383186,43.476164255846754,-80.54075593219477,-427.2792667416834,348.7143,265.2304,0.6876387,0.54432786,-11.28572,-0.5382286595447529,6.450632273167745,23.30728956831173,6.4730477221776
1235508564,43.47616370322006,-80.54074797964746,-429.5999939140669,348.70486,264.5298,0.69073653,0.5834342,-11.295139,-0.615184041365267,6.423949723586031,23.20727172383476,6.45333878359966
1236033428,43.47616283419561,-80.54073733712,-432.76268555851436,348.69385,263.29965,0.6356058,0.60254836,-11.306141,-0.735886992740285,6.263972655998098,23.17495195833166,6.307050269434691
1236219141,43.476161695853946,-80.54072506764118,-436.5416701698289,348.67764,262.3993,0.5717792,0.60267055,-11.3223505,-0.8099353980573354,6.069615515106912,23.382818980621032,6.1234163544750775
1236451286,43.47616091559884,-80.54071769196035,-438.89911877862596,348.6708,261.7056,0.5338997,0.612348,-11.329194,-0.868579988063831,5.9579655408823475,23.5744860879704,6.020945489041273
1236622610,43.47615962053246,-80.54070679008119,-442.41838973190363,348.65485,260.3969,0.49851745,0.6651971,-11.345165,-0.9963982815830076,5.88912206359832,23.67874983151867,5.97281911792933
1236756990,43.47615839536627,-80.54069709514502,-445.6321109026022,348.64105,260.08475,0.44386098,0.67055947,-11.358934,-1.0131962181677099,5.796244536576796,23.978181182473154,5.884132672221599
1236871910,43.47615737289016,-80.54069005051049,-448.03876439026476,348.6339,258.689,0.42379248,0.69040155,-11.366102,-1.1382204087210495,5.690551264463302,24.06653487662506,5.803267992460283
1236996358,43.47615624456876,-80.54068319011132,-450.45641459798003,348.62842,257.22952,0.4003926,0.70279807,-11.371585,-1.25604737298866,5.541728661047447,24.176502077152893,5.682289288294503
1237156660,43.47615499742561,-80.54067656771822,-452.88105351863896,348.62518,255.4513,0.37498844,0.7251821,-11.374815,-1.3883197611695528,5.349470897927659,24.24638920658946,5.526687131277546
1237280700,43.47615334601034,-80.54066847530318,-455.89572430498845,348.60852,253.6106,0.2854333,0.79706496,-11.391486,-1.5372378257300283,5.226653128301067,24.32763272986858,5.448027446373092
1237469003,43.476150883977546,-80.54065806536727,-459.8774973006505,348.593,251.38026,0.23362826,0.85536224,-11.407026,-1.725847371133896,5.122415163339667,24.450858924604766,5.405338680791605
1237615400,43.4761484351386,-80.54064894375698,-463.4679389901437,348.5845,249.0225,0.21165542,0.9128417,-11.415491,-1.9093990069842512,4.980001063408666,24.545917829767145,5.333499335279221
1237835973,43.4761466408599,-80.54064283064805,-465.91223531285016,348.58362,247.9773,0.1802466,0.9413862,-11.416369,-1.9973910472823566,4.938078692699513,24.442963227064677,5.326743111044181
1238057377,43.47614466766806,-80.54063681689016,-468.36896140731255,348.58817,245.669,0.16737707,0.9625523,-11.411831,-2.1965571534286723,4.857824408879428,24.56726094462386,5.331352672238391
1238421460,43.47614040793966,-80.54062582184552,-473.0306000669739,348.59543,240.23938,0.13320582,1.0009526,-11.404566,-2.642711253756717,4.621797728815922,24.741542480283293,5.323996338918765
1238608599,43.47613628294013,-80.54061645585551,-477.1130335068781,348.60574,238.63348,0.13071065,1.0373935,-11.394261,-2.8332476204587462,4.647710043220695,24.877466739808533,5.443206841990267
1238887292,43.476133600758985,-80.54061066255781,-479.598089891085,348.61234,237.461,0.13931954,1.0735105,-11.387678,-2.985804059778122,4.679739927157563,24.85056384206909,5.551125261532133
1239047008,43.476129017871834,-80.54060122562626,-483.5699775028619,348.62662,235.98209,0.175676,1.1344877,-11.373372,-3.2423009244635614,4.803667524690648,24.840648425870572,5.795492815330276
1239360171,43.47612605731994,-80.54059500576942,-486.09667668221255,348.63678,236.7372,0.20440559,1.1271217,-11.363209,-3.2956863756252086,5.024308079258806,25.266991793506115,6.008761965811837
1239597190,43.47612135003344,-80.54058572649154,-489.93868571812834,348.67136,234.74657,0.18522345,1.167578,-11.328633,-3.5046664485617907,4.958357755857734,25.43007668436444,6.071902383170308
1239722127,43.47611808341735,-80.5405795360463,-492.49983004173623,348.69263,233.97537,0.17790045,1.2001419,-11.307383,-3.6363970383973454,5.000549817801712,25.611443236079086,6.182950905609855
1239858574,43.47611467823328,-80.54057320023223,-495.0623476750817,348.7102,233.47435,0.19319232,1.2259691,-11.289791,-3.790650899772318,5.117976610245497,25.625176333455162,6.368886780824783
1240335097,43.476109235535844,-80.54056341606818,-498.95973907767836,348.7536,232.23108,0.2071772,1.2828444,-11.246405,-4.03995465560646,5.214115076657207,25.662338040757582,6.596076837937859
1240488179,43.476105347681184,-80.54055688342704,-501.54296363007427,348.77493,230.64276,0.19952677,1.305945,-11.225063,-4.327959807363251,5.2769705832937595,25.83224552395904,6.824782387087476
1240611304,43.47610118653017,-80.54055020611159,-504.11641295388347,348.8003,229.34422,0.20131513,1.3241564,-11.1996975,-4.63219330672295,5.393836364750985,25.73449323809182,7.109900530989095
1240736469,43.47609577571781,-80.54054172502026,-507.3245892105606,348.86472,228.26521,0.2386246,1.4421587,-11.135277,-4.894447988971287,5.4866982894664424,25.567771192066022,7.352515163967978
1240922258,43.47609112728214,-80.54053490124467,-509.887484219813,348.89108,226.8089,0.22880788,1.4723392,-11.108918,-5.174638593737777,5.512144688192334,25.628950092523834,7.560464512142587
1241059631,43.47608630398863,-80.54052803524448,-512.4510673373198,348.91656,225.9288,0.23030666,1.5074855,-11.08344,-5.3692903284739675,5.546253089340291,25.635831175067775,7.719469020759187
1241200270,43.47607919356873,-80.54051836936816,-516.0469949895459,348.99734,224.34822,0.1931313,1.5979812,-11.002647,-5.717951880899447,5.589319318765325,25.56309975837532,7.995965492634695
1241324656,43.47607387789056,-80.54051152588976,-518.6126343332857,349.02094,223.05167,0.18067917,1.6181551,-10.979062,-5.917412936380339,5.528060314692537,25.656393437398563,8.09785321566895
1241461220,43.47606634856223,-80.5405020688808,-522.144054330074,349.07758,222.11833,0.21022916,1.6766837,-10.922428,-6.214416530635808,5.618768982314021,25.917911422869246,8.37791965184996
1241574503,43.476060530455776,-80.54049518510374,-524.7422996469852,349.10568,220.64789,0.1961042,1.7048438,-10.894312,-6.47671610204697,5.560612977819042,25.982453169111754,8.536291241259523
1241788367,43.47605060658036,-80.54048406981275,-528.9584537489569,349.15903,218.61928,0.18587853,1.756302,-10.8409605,-6.965081320867134,5.563990368252601,26.223361971908282,8.914614216235046
1241912580,43.476044140762966,-80.54047707019484,-531.5701888967576,349.18808,218.15138,0.1921108,1.7824129,-10.811923,-7.197747924472243,5.654187500591012,26.11735147800731,9.153000135260793
1242048948,43.47603508067714,-80.5404674454869,-535.1102952981431,349.26886,217.4738,0.17415354,1.8561693,-10.731127,-7.495445765880711,5.746012990479713,25.91636433475393,9.444489002377031
1242412429,43.476028177045926,-80.5404599014423,-537.726193788006,349.28647,218.41289,0.19819617,1.864764,-10.713544,-7.685122271790252,6.093967296066109,26.158984898628894,9.80803455019862
1242759826,43.476018287439665,-80.54044920190874,-541.2983283265448,349.3321,217.94267,0.2386911,1.9065404,-10.667892,-8.15560323553636,6.358725730646776,26.105970521281527,10.341530691975947
1242875745,43.47601088011443,-80.540441309248,-543.9323641276218,349.35373,217.71074,0.2316383,1.9367117,-10.646271,-8.245834456469225,6.3755742567908475,26.340358010769794,10.423134508743004
1243000615,43.47600334991833,-80.54043315657319,-546.6013884835643,349.3775,218.15414,0.23451771,1.924847,-10.622502,-8.382614299470196,6.585609754933741,26.69024355942455,10.660135005616048
1243123680,43.47599559274652,-80.54042472791248,-549.2867918568608,349.39752,218.25424,0.2721886,1.9694338,-10.60248,-8.635283653544626,6.808547077396434,26.854033732964346,10.996564785527276
1243434223,43.47598461264787,-80.54041302499706,-552.9781107843032,349.4397,217.56874,0.28469884,2.0274248,-10.560289,-9.042468099793302,6.955780190762154,27.034886543201562,11.408291169056769
1243620394,43.475976421363065,-80.54040465201405,-555.6847929254363,349.45276,216.56575,0.25619268,2.039478,-10.547251,-9.118538246355818,6.763571460479783,27.06682141133092,11.353133428761879
1243803999,43.475963098096535,-80.54039111197514,-560.0409172072466,349.49048,216.50371,0.27421933,2.046444,-10.509523,-9.226512538996829,6.82818278631468,27.038104082359933,11.478354141408506
1244025202,43.47595480823784,-80.54038269223248,-562.7794773679688,349.48856,216.39066,0.24399294,2.0363226,-10.511449,-9.22827070941055,6.801343198543933,27.385601607222043,11.463823515326137
1244175086,43.475943586532736,-80.54037133899172,-566.511968423871,349.48755,216.18407,0.2526688,1.9827569,-10.512464,-9.119722211634041,6.670734532184038,27.245356838692597,11.299027941209982
1244361534,43.47592831802907,-80.54035510652821,-571.5816177697285,349.48996,217.81706,0.29644498,1.9979229,-10.510052,-9.162319692640805,7.111393059870669,27.20284005169864,11.598276311682277
1244511331,43.475920033811896,-80.54034644453783,-574.3142157999956,349.4894,217.18878,0.26651147,2.001273,-10.510601,-9.221990553572079,6.997027310941794,27.325980302671443,11.575988120252974
1244700028,43.4759064183729,-80.54033187734805,-578.8397360911179,349.4743,218.17795,0.3164387,2.0262117,-10.525703,-9.196779486117318,7.231423397468708,27.599909436883724,11.699326359655338
1245011833,43.47589816613682,-80.54032295520328,-581.6055840405148,349.47083,218.11594,0.2729946,2.007894,-10.529188,-9.186389204449064,7.207176168213936,27.658479493969967,11.67617809624747
1245224817,43.475882790965635,-80.5403061954141,-586.8303275603034,349.4654,218.52324,0.26241416,1.9572476,-10.534616,-9.076052084174174,7.2254305677295845,27.782479754195588,11.600929631875346
1245359594,43.475871858396935,-80.54029373006425,-590.5978753728912,349.45856,219.90631,0.31498662,1.9367311,-10.541444,-9.016634088337703,7.54076196345932,27.978686485960562,11.75426651359107
1245535534,43.475859709888745,-80.54027949996238,-594.8252140403728,349.45026,220.52466,0.33945066,1.9047927,-10.549732,-8.947230692889148,7.64831975203572,28.04836709418149,11.770715020811496
1245687527,43.47585165743566,-80.54027004869869,-597.631046284709,349.44812,220.42088,0.30800214,1.9196621,-10.551895,-8.963990771065808,7.634590583144865,28.058322443362304,11.774553236365158
1245976334,43.47583774144867,-80.54025348390512,-602.4964600551463,349.42807,221.26878,0.28492436,1.9044048,-10.571935,-8.945687208690526,7.850346858530759,28.17862216677469,11.901817736588518
1246161390,43.47582782347335,-80.5402414698053,-605.942150392032,349.40912,221.31137,0.33815902,1.93344,-10.590866,-8.991424903721578,7.902324003821146,28.00358870988272,11.97048229858064
1246437406,43.475812661665366,-80.54022303582089,-611.1801388458756,349.3882,221.46486,0.36031604,1.9654602,-10.611798,-9.041385784043824,7.989260299435702,27.940899234222474,12.065443921714989
1246560238,43.4758044760712,-80.54021298898975,-613.9838991298367,349.37512,221.6895,0.39979282,1.9847252,-10.624868,-9.1122034327189,8.11568112670544,28.037602839610827,12.202316646834607
1246712588,43.47579404681695,-80.54019993346637,-617.5411213324905,349.3627,222.33122,0.47132018,1.962082,-10.637289,-9.073618873519932,8.265402898162979,27.764927970170763,12.273852065706922
1246834814,43.475785859816064,-80.54018976914564,-620.2916238904858,349.36105,222.01567,0.42151985,1.9682233,-10.638934,-9.113769386297166,8.21058748147619,27.50502557995175,12.266806398471486
1247022686,43.47577769461392,-80.54017967979647,-623.029473111197,349.34885,221.88072,0.40069434,1.964395,-10.651154,-9.089503025568375,8.150026571118214,27.37849220711231,12.208275814452652
1247176364,43.4757698296429,-80.54016925456278,-625.797426316058,349.34616,223.88623,0.38731778,1.9192172,-10.653831,-8.755285743280183,8.421349095208424,27.679532048609673,12.148010085188972
1247284708,43.47576129068506,-80.54015777505676,-628.7865723851411,349.33606,224.33363,0.35933632,1.8754629,-10.663926,-8.756584129972996,8.555234884693892,27.624748347642182,12.242132557588905
1247559796,43.47575328810285,-80.54014712657131,-631.5677758571568,349.33734,223.99626,0.3499878,1.8975825,-10.662644,-8.908474510352947,8.601688557561134,27.812034720157477,12.383455258645963
1247675180,43.47574397025964,-80.5401347930459,-634.7610329188606,349.322,224.08339,0.37591913,1.9402232,-10.677997,-8.960475898950872,8.67826930184115,27.72318664265874,12.474072567167385
1247962691,43.475733896418305,-80.54012103214956,-638.2156304030727,349.29,224.85266,0.4711552,1.9396436,-10.709986,-9.01292054123335,8.96668605426436,27.748018024812353,12.713543781272199
1248075904,43.47572476760597,-80.54010827145999,-641.3666551650387,349.26196,225.4712,0.5342032,1.9500401,-10.738034,-8.982743114417252,9.131719596303782,27.864119297367562,12.809292589566727
1248200302,43.47571483291956,-80.54009405150417,-644.8186712191912,349.2387,226.13249,0.6100346,1.9144596,-10.761294,-8.884157484374702,9.242489808056707,27.759491435313763,12.819979409468765
1248323806,43.47570691735067,-80.54008249325615,-647.596435325151,349.2219,226.65692,0.6586797,1.9106753,-10.778121,-8.81161128600219,9.336581270190718,27.777641059598594,12.838077865104156
1248510779,43.47569391445804,-80.54006325394045,-652.1513169505781,349.19427,227.41438,0.72656405,1.9377288,-10.805732,-8.837923100351725,9.616014961933706,28.04479715317141,13.060498783578808
1248860536,43.47568314638685,-80.54004662267697,-655.9848191375315,349.17004,228.41644,0.79201895,1.9227302,-10.8299675,-8.766638480845652,9.879812602893136,28.045504280167197,13.208506627250856
1248977329,43.47567394519158,-80.54003220460133,-659.2561899703123,349.14392,228.8206,0.87241834,1.9641601,-10.856084,-8.763315531779828,10.01752112192534,27.965609366160827,13.309636679404658
1249260130,43.475666030305305,-80.54001966458024,-662.0663042593993,349.1367,228.98297,0.90296173,1.9749142,-10.863316,-8.810851406302495,10.129642991590174,28.10114289087026,13.42537782116446
1249410407,43.47565421782247,-80.54000086179468,-666.2870919312132,349.11865,229.31564,0.90671545,1.9340016,-10.88135,-8.724103171583895,10.148307412366773,28.06869100801128,13.382754555185512
1249687083,43.47564134303393,-80.53998032819065,-670.8939970889039,349.08405,229.09317,0.8754605,1.9718559,-10.915966,-8.78446664362762,10.13862255282739,28.145872529221343,13.414861962827143
1249873253,43.475627532752455,-80.53995835310089,-675.7645712764896,349.06793,229.07494,0.90797234,2.0249364,-10.932063,-8.909059726675679,10.275812003463319,28.104583514697598,13.600134467864475
1249997288,43.475617647671854,-80.5399425915613,-679.2717172238484,349.0489,229.1225,0.90908617,2.016609,-10.951125,-8.902275183513328,10.28522501519665,28.30847153489876,13.60280695504513
1250247317,43.47560975365166,-80.53992970855802,-682.1004117162531,349.043,229.8216,0.9209689,1.9971999,-10.957,-8.787623273028569,10.406698922030607,28.286944924046566,13.620635273087167
1250347976,43.47560182649199,-80.53991680932049,-684.9545460109068,349.0277,229.50122,0.86785537,1.9551051,-10.972292,-8.778882948009462,10.279195841156872,28.294237995785455,13.517790239373742
1250558885,43.4755938937768,-80.53990409661307,-687.7733716743746,349.01895,229.3069,0.8565911,1.9839444,-10.981036,-8.830698546946001,10.26913643988389,28.18825663467782,13.54386946363503
1250659095,43.47558596996663,-80.53989133695906,-690.6019748083047,349.00256,229.51228,0.8498713,1.9546841,-10.997438,-8.791602750309316,10.298114878190265,28.23737611010624,13.540437546979419
1250775014,43.47557686258206,-80.53987663201507,-693.8657094751704,348.98752,229.45145,0.808431,1.9407321,-11.012487,-8.740991453429814,10.216840305639057,28.133431443180715,13.445770986442682
1250898161,43.47556715964318,-80.53986101473083,-697.3538335078313,348.9771,229.67152,0.7738722,1.933723,-11.022888,-8.731463694141677,10.285420758331139,28.3646799971056,13.491787814000904
1251111901,43.475559426444,-80.53984824881258,-700.1811081902886,348.96832,230.14474,0.7722548,1.903551,-11.03167,-8.608597322972587,10.312119367933008,28.272746824572607,13.433084296898826
1251297365,43.47554679020013,-80.53982737277016,-704.7818199425069,348.93423,230.1185,0.7833901,1.9422686,-11.065761,-8.63356813106159,10.332406790325525,28.16604986161065,13.464662222070308
1251422319,43.47553907783568,-80.5398145131376,-707.5949528576466,348.92203,230.4267,0.812263,1.9272605,-11.077983,-8.58540410483139,10.387820394162638,28.131329151395953,13.476497177851407
1251544375,43.475529661272425,-80.53979879487738,-711.0553343805962,348.89645,230.46948,0.8530181,1.9239329,-11.103538,-8.585836020853208,10.404153751999416,28.40495129944463,13.489366014465764
1251691991,43.47551830565072,-80.53977962434183,-715.2410545727412,348.86588,230.89766,0.9187441,1.93077,-11.134125,-8.56547753237488,10.538937186156305,28.411356976941363,13.580743807736269
1252049165,43.47550309335189,-80.53975395752595,-720.8768303310408,348.82596,230.74112,0.8432081,1.893622,-11.174036,-8.525040293377362,10.430827762093157,28.445277577741727,13.471394872327101
1252321425,43.475488718379,-80.53972978039276,-726.1820123177486,348.79465,230.7144,0.8384573,1.9373165,-11.205365,-8.641261575717685,10.562974896842386,28.537470360214456,13.647264938122117
1252445459,43.47548102399036,-80.53971678114246,-729.0362260872575,348.78018,230.7957,0.8186485,1.9138451,-11.219809,-8.565393435049337,10.500601535782742,28.54213769509,13.550962966168463
1252567691,43.47547158610733,-80.53970089868399,-732.5257690980072,348.74994,230.5909,0.8309202,1.9753696,-11.250059,-8.62188057142182,10.493051709215203,28.557147355954484,13.580904195234025
1252690070,43.47546207039815,-80.53968497483892,-736.0222579762608,348.724,230.5612,0.85403055,2.0012155,-11.275999,-8.649627608009942,10.515701113756085,28.569273076688674,13.61602099260642
1252975770,43.475448709175275,-80.53966245260705,-740.9789035613026,348.7079,230.70476,0.83355176,1.9508423,-11.292114,-8.591073295261145,10.498020868059479,28.70122759966863,13.56521221768246
1253186301,43.475440976446215,-80.53964954922586,-743.8476663713268,348.69675,230.44806,0.80411893,1.9518756,-11.303247,-8.608073983531925,10.423159894869785,28.68762810024241,13.518180347220595
1253309347,43.475431487834705,-80.5396336121774,-747.3812331461738,348.67838,230.67921,0.8539944,1.9474645,-11.321622,-8.595481582638222,10.493856274348008,28.728796768528067,13.564782458415836
1253498751,43.47541868747102,-80.53961214423677,-752.1186870746603,348.65793,230.55031,0.85510004,1.9999865,-11.342064,-8.645366504503425,10.50645228885033,28.742099533924247,13.606171456184068
1253660845,43.47540624232191,-80.53959102553226,-756.7559151467667,348.63354,230.92805,0.9286948,2.0007427,-11.366455,-8.602186037319113,10.595584537504465,28.730365166922542,13.647857572236443
1253775869,43.47539730064826,-80.53957592767074,-760.0628706936429,348.61786,230.78384,0.8966915,1.9805272,-11.382137,-8.651437133489598,10.6016040723086,28.742831514239132,13.683616969964959
1253898552,43.47538771122489,-80.53955989837826,-763.6380852731991,348.59607,230.39822,0.8346252,1.9894794,-11.403937,-8.717519717841716,10.537007170413393,29.19512763221158,13.67565976983569
1253998960,43.4753799206476,-80.53954697137445,-766.5623982370837,348.5869,230.28975,0.8107139,1.9696795,-11.41309,-8.672470640920505,10.442241882380157,29.243129638845993,13.573951618735142
1254211918,43.47537215042662,-80.53953405387546,-769.4900120674629,348.57788,230.34271,0.80722904,1.9361204,-11.422134,-8.64980998785524,10.434564039640904,29.276138303791374,13.553572943079155
1254334598,43.47536260052751,-80.53951826528257,-773.076754421164,348.56223,230.113,0.7353591,1.9553093,-11.43778,-8.673693379557692,10.378406218969362,29.28727794619618,13.525689353542202
1254459453,43.47535489312632,-80.53950550440868,-776.0190992025425,348.55264,230.22777,0.72696346,1.932243,-11.44736,-8.57987900153069,10.308044596940535,29.42344781378655,13.411566168551017
1254560310,43.475347261804025,-80.53949254875067,-778.9575342137907,348.533,230.93234,0.77454764,1.9372721,-11.467019,-8.495187986263895,10.465388327265455,29.38435011248273,13.4793386990025
1254798799,43.47533577974916,-80.53947306337754,-783.4059356444313,348.51364,230.90616,0.7527838,1.9312792,-11.486372,-8.493594803722528,10.453663235714721,29.550762896783358,13.469232633507964
1254921971,43.47532810933903,-80.53946016010694,-786.369002138398,348.5053,230.67526,0.7231509,1.9503591,-11.494702,-8.538700554871667,10.423070565079108,29.630664939665202,13.474041975976778
1255109617,43.47532050873766,-80.53944725090906,-789.3420481266451,348.49707,230.9447,0.73004234,1.930042,-11.502943,-8.460989449248235,10.427858516445134,29.730459882470093,13.428647575213494
1255295923,43.47531003859825,-80.5394296463194,-793.3970739487979,348.48242,230.56348,0.7162893,1.9704822,-11.51759,-8.559108755790344,10.406495500391147,29.679193546152483,13.474178687144835
1255552315,43.47530224140289,-80.53941684785713,-796.3649196187791,348.4743,229.98412,0.6968852,1.9834975,-11.525705,-8.679837877207774,10.338407944552966,29.678456699813186,13.498972716566495
1255699961,43.47529435753814,-80.53940402962075,-799.3464251861747,348.46225,229.71556,0.6803501,1.9985639,-11.537738,-8.776318243437032,10.354381170675854,29.815055673954134,13.573392035071128
1255822524,43.47528655289441,-80.53939139690608,-802.3233421097175,348.44537,229.58893,0.6538602,1.9839362,-11.554626,-8.688129399478003,10.204519488556288,29.76916923542791,13.402082317848935
1255947632,43.475278748015775,-80.53937895785704,-805.3350000108819,348.44028,229.15062,0.61627436,1.9707066,-11.559712,-8.688390891632247,10.04807927081712,30.116579011644784,13.283524883043013
1256223252,43.475270928099135,-80.53936679057908,-808.35008887512,348.4342,228.46873,0.5646535,1.9635437,-11.565808,-8.705131205862866,9.82854661579182,30.150888642380696,13.129342629777026
1256445982,43.47526316470341,-80.53935476475017,-811.3696128658569,348.41757,228.34245,0.54686266,1.943334,-11.58242,-8.64221212947932,9.71428617485521,30.195239907367338,13.002122379746416
1256721768,43.47525336958308,-80.53933963493067,-815.2578790316409,348.39084,228.24449,0.4773844,1.8574245,-11.609176,-8.51398485988538,9.537266921683246,30.505871499663822,12.784654806829588
1256876235,43.4752415259977,-80.53932176289901,-819.981279172224,348.34967,227.273,0.3895006,1.8309792,-11.650343,-8.56621878691004,9.2743483267357,30.656172419226387,12.625119452537303
1257034988,43.47522969582547,-80.53930285033081,-824.8937093365282,348.3053,229.65393,0.467757,1.7935286,-11.6947155,-8.177848345641978,9.627282375951445,31.034422602997164,12.631776181939916
1257186515,43.475218599724485,-80.53928466998535,-829.5676484430917,348.264,230.36366,0.5394558,1.8375951,-11.73599,-8.094142367791692,9.77151131298872,30.77099921306551,12.688481942689087
1257346148,43.475207209516135,-80.53926537630919,-834.503591155712,348.23456,230.91562,0.46933332,1.8284793,-11.765438,-7.949396933532982,9.787178997267434,30.89820022981573,12.608797893987212
1257622317,43.475199941378044,-80.53925310444099,-837.5547788543565,348.2243,230.77911,0.48431614,1.84881,-11.775702,-8.090891321212569,9.913033066903832,30.511876986444136,12.79573159132379
1257747827,43.47519269672254,-80.53924098395217,-840.6116491664247,348.20615,230.52133,0.4475663,1.8408594,-11.793855,-8.06475051293483,9.790751053051459,30.56870312068209,12.684597235179005
1258023249,43.47517844980674,-80.53921661240646,-846.770558541383,348.17404,231.13342,0.45621333,1.78356,-11.82596,-7.906493769122553,9.81032917998405,30.725384424984888,12.59980961526087
1258210827,43.47516691415749,-80.53919695484801,-851.7695770523956,348.1369,230.97937,0.3981911,1.7737789,-11.863108,-7.882063005119096,9.726376784462424,30.696876245694337,12.519158221302128
1258611860,43.47515994423512,-80.53918471193073,-854.8560564698159,348.11093,231.88406,0.43249965,1.7532724,-11.889074,-7.758917577253821,9.889646943600846,30.86479417420455,12.570040518617745
1258923694,43.475148705982036,-80.5391648816427,-859.8862756118751,348.06915,231.85826,0.45476535,1.7478422,-11.930835,-7.712935341206607,9.821925565832096,30.957461217506356,12.488378333409829
1259077947,43.47514209886284,-80.53915291148566,-863.0203183076176,348.05933,232.74127,0.4341273,1.7050933,-11.9406595,-7.355045093712529,9.669315278702312,31.340426957424054,12.148759043189996
1259198325,43.475135688574035,-80.53914079440285,-866.132160340833,348.03955,233.90611,0.46699652,1.6933118,-11.960436,-7.135933491435149,9.787999710375802,31.118420332153885,12.113070837921432
1259320747,43.47512791409437,-80.53912598226692,-869.929241153468,347.9987,234.26068,0.44228822,1.6316531,-12.001314,-7.032446257298083,9.772523920635079,30.973245311176886,12.039830735569776
1259458299,43.475119349966604,-80.53910940737218,-874.192920418292,347.95905,234.72672,0.40989855,1.5795838,-12.040957,-6.87042036224041,9.71304298577001,31.014997220733484,11.897305577201235
1259605078,43.475113150429834,-80.53909732424238,-877.3117904491455,347.93036,234.73734,0.49674457,1.6182039,-12.069648,-6.901324332633675,9.760572988060838,31.188700308534703,11.9539559393309
1259727663,43.475105673270946,-80.53908259847596,-881.1108785940853,347.9074,235.12422,0.45007554,1.5289137,-12.092583,-6.757879526111501,9.695924537490091,30.97123008296201,11.818624637669963
1260099535,43.47509588925707,-80.53906307896128,-886.1086423641036,347.8636,235.54889,0.4753428,1.5139549,-12.136423,-6.7073474170628264,9.777116277200546,31.032525387156248,11.856665301469855
1260258291,43.47508988330435,-80.53905086931323,-889.2112766502407,347.8449,235.86725,0.5084602,1.5132033,-12.155102,-6.685826571255932,9.862772547642804,31.026342861371006,11.915307770571786
1260358730,43.47508389877894,-80.5390386653369,-892.3221106989693,347.83542,235.94994,0.4864121,1.4896015,-12.164595,-6.661973685298196,9.858191018559225,31.10834048728618,11.898143701519468
1260475289,43.47507694463906,-80.53902440514555,-895.9528052904561,347.78488,236.16336,0.51788884,1.4696457,-12.215117,-6.628772544541036,9.888261712159911,31.17138650636304,11.90455144620866
1260721733,43.4750674666902,-80.53900470117482,-900.9936329995303,347.74503,236.34888,0.50476843,1.4297235,-12.254984,-6.529167239503106,9.808190370111868,31.35666748258271,11.782640755694617
1260846667,43.47506163217475,-80.53899285028896,-904.1176403555216,347.73233,235.84424,0.4622382,1.4180866,-12.267659,-6.49498259982011,9.572969779661902,31.24007355991361,11.568342550870717
1261126338,43.47505412552108,-80.53897738426426,-908.1603453362673,347.6919,236.45029,0.43293962,1.4183087,-12.308113,-6.4430853143138735,9.716117041407342,31.257928952306887,11.658313717251447
1261245634,43.475047212564746,-80.53896303530492,-911.8933513142501,347.65152,236.34384,0.45490196,1.4400777,-12.348466,-6.4375210194586785,9.668673818865166,31.290257209772964,11.615719103507152
1261434538,43.475041449941514,-80.53895094049884,-915.0166721435203,347.6325,236.71124,0.4775511,1.4463505,-12.36748,-6.41495218457178,9.770004914488728,31.23320829270151,11.68779737844031
1261587545,43.4750357497485,-80.53893874096185,-918.1543624440117,347.61285,237.2222,0.47984487,1.4118122,-12.387154,-6.345454866148284,9.854604987140625,31.37690300491423,11.720837722232222
1261710532,43.47503004537525,-80.53892667440294,-921.3097993549411,347.58026,236.91652,0.4803213,1.415168,-12.419732,-6.350108300846624,9.74718726421225,31.554369109295447,11.633208284738252
1261898119,43.47502086910157,-80.53890660087009,-926.4702491263417,347.53442,238.33853,0.529257,1.3690785,-12.465569,-6.121122499362469,9.925869951816646,31.365545800252676,11.66151941011882
1262111211,43.47501541096477,-80.53889418111469,-929.6016858661212,347.53113,238.79956,0.51925987,1.3409199,-12.468873,-6.075997882908846,10.03249415283267,31.31436739779552,11.728967951176886
1262282963,43.475006787818266,-80.53887399908074,-934.672634309967,347.49673,239.4877,0.5154037,1.3058066,-12.503268,-5.926012365867539,10.055435109265243,31.34575981405937,11.67173499515214
1262519122,43.47499898240449,-80.53885523373782,-939.3720586736222,347.4595,240.40704,0.56134963,1.2694534,-12.540499,-5.770501739088788,10.160832881616276,31.383183958086303,11.685085158823671
1262702968,43.47499077427566,-80.53883496842663,-944.4370721481675,347.41934,240.8887,0.5348562,1.1963375,-12.580672,-5.6463568452351165,10.1397968063739,31.41748669683458,11.605896126464506
1262960337,43.474983714574385,-80.53881788830346,-948.7661148418533,347.3813,240.21002,0.5349249,1.2519472,-12.618717,-5.770501198811333,10.079954693946938,31.755608402044984,11.614825470815562
1263197685,43.47497412841214,-80.53879402336703,-954.7371275590592,347.3387,241.55237,0.6021028,1.2374917,-12.661282,-5.601892861863049,10.339933205429437,31.725966705875205,11.759907411563004
1263320610,43.474967905263775,-80.53877822115275,-958.6400573439269,347.3116,241.61877,0.63452816,1.2394228,-12.688373,-5.6166952917939295,10.396000894875595,31.74427822642635,11.816264240745221
1263552463,43.47495813542189,-80.53875272964484,-964.8824571083012,347.2688,242.44684,0.65354776,1.1883504,-12.731189,-5.449924950735877,10.445535277662191,31.47478055426215,11.781803308727353
1263760902,43.47494906111545,-80.53872918591912,-970.7726290044357,347.24612,241.8034,0.58438784,1.1592339,-12.753874,-5.461373066733652,10.186868673876733,31.863180121470794,11.558498568276713
1263976259,43.47494286508691,-80.53871349834775,-974.7850869834572,347.22028,241.29337,0.586168,1.1410729,-12.779739,-5.4898332012612086,10.024626657627149,31.860382191454608,11.429409792394301
1264096850,43.4749379801522,-80.53870111742854,-977.9752081253928,347.2005,241.46576,0.6129522,1.1183797,-12.799496,-5.437909319264979,10.00112283897351,31.90121141935494,11.383905999470764
1264222532,43.47493307356425,-80.53868863767467,-981.1675159527208,347.19244,241.5505,0.6296676,1.1192496,-12.807557,-5.462013708114032,10.080960029317788,31.923078273281007,11.465572330255847
1264346264,43.474928097651116,-80.53867612596447,-984.3408207753955,347.18332,241.27432,0.6318685,1.1732829,-12.816677,-5.539186497474037,10.106773874059165,31.7330482267472,11.525166601622885
1264447075,43.4749230943312,-80.53866379298424,-987.5497552299628,347.16068,240.65417,0.5792162,1.1854724,-12.839323,-5.5233464646884105,9.824071511971544,31.79611858141587,11.27030333404194
1264622239,43.474918127718084,-80.53865166872858,-990.7243962103819,347.15027,240.55423,0.56650066,1.1749991,-12.849725,-5.528833729068392,9.793793850925395,31.746409804190016,11.246617286904911
1264759571,43.47491137492056,-80.53863493342276,-995.0704298242144,347.13187,240.99796,0.6162399,1.1484157,-12.868137,-5.517854508236056,9.953636996937115,31.87162361127299,11.380756031163145
1264874393,43.474905639083225,-80.53862074623335,-998.7461848703269,347.1114,240.99069,0.66217315,1.1499326,-12.888602,-5.548144740286629,10.005280457782426,32.037806631760965,11.440609559724216
1265210709,43.474896735266725,-80.53859935306788,-1004.3024646759234,347.11334,239.79593,0.6250078,1.1930499,-12.886667,-5.802237237867054,9.96761173221815,32.13732719513448,11.53339675068642
1265347029,43.47488971844093,-80.5385824019581,-1008.707796384781,347.09808,240.1849,0.64617234,1.1754496,-12.90192,-5.7735621126575465,10.07505353117857,32.31310092743336,11.612093830348963
1265561528,43.4748844595467,-80.5385699896735,-1011.9325436063584,347.09976,239.7204,0.6030816,1.197268,-12.900228,-5.854201058926741,10.026459335274136,32.24747221577449,11.610407264185216
1265711264,43.47487906739081,-80.53855753034108,-1015.1761112884601,347.10187,239.18771,0.58313763,1.200732,-12.898121,-6.002547934263267,10.064463889360317,32.43567682101768,11.718532974880688
1265960115,43.47487372161826,-80.53854502524577,-1018.432011591897,347.10074,239.49698,0.6112597,1.1651418,-12.899254,-5.950914002985057,10.101430464493843,32.559003034369724,11.724004217839907
1266060434,43.47486829137513,-80.53853258355012,-1021.7216018373085,347.10257,238.97418,0.57657695,1.1736034,-12.897424,-6.044946646258448,10.050217147603126,32.895902454115316,11.72809637878574
1266175096,43.47486193436501,-80.53851834917602,-1025.5132065270654,347.09692,238.29749,0.55296594,1.2351829,-12.903078,-6.193921701117051,10.027833767160882,33.103158879048486,11.786522646708857
1266423713,43.474850573021264,-80.53849439103853,-1032.027670429974,347.08603,236.65802,0.52111447,1.2668675,-12.913963,-6.451516472345227,9.805833834460561,33.24895118290489,11.737821006557958
1266609053,43.474842501230405,-80.53847779539889,-1036.558711919245,347.08984,235.97226,0.55664945,1.3353609,-12.910162,-6.609575230864397,9.788871844997495,33.06212196411639,11.811371500813985
1266734194,43.47483646279081,-80.53846534212882,-1039.9028969100352,347.089,236.24841,0.56963897,1.3354051,-12.911008,-6.721990954965936,10.059566806078688,33.441849907902665,12.098762198035137
1266859512,43.474830302627396,-80.53845285485558,-1043.2528900248053,347.08472,235.79086,0.59182364,1.3667597,-12.915283,-6.8574939159059,10.087034051106533,33.49993114770019,12.197273414778776
1267602787,43.47482372677575,-80.53844030500156,-1046.5997871932686,347.08362,234.16736,0.58960694,1.3916817,-12.916368,-7.320238049422455,10.137585890074236,33.46897168463339,12.504260585050382
1267724896,43.47481699020065,-80.5384278125325,-1049.9365205584181,347.0937,233.38263,0.545788,1.3982024,-12.9063,-7.4991554025883165,10.091231159614138,33.36733365149511,12.572600290669262
1267910953,43.47480993099491,-80.53841542248355,-1053.2761807425338,347.0957,231.86229,0.52291715,1.4199737,-12.904289,-7.858307828863154,10.00849772722929,33.396601841156816,12.724897983446697
1268035286,43.47480255718546,-80.5384029142738,-1056.6254635882885,347.10168,230.90932,0.5251183,1.4484122,-12.8983135,-8.208524678128132,10.103946259519716,33.492828457548086,13.018049293450268
1268160587,43.47479494259065,-80.53839054744391,-1059.978172667479,347.09985,229.6845,0.5069385,1.4720078,-12.900144,-8.476566942067265,9.98974170295884,33.527090791902914,13.10141696211454
1268310965,43.47478322086617,-80.53837192570977,-1065.0285224433871,347.10037,228.73286,0.47395685,1.5612545,-12.899628,-8.79765384990631,10.025752137302385,33.616377950254154,13.33845640175034
1268587328,43.474774897357385,-80.53835948146161,-1068.4308596764997,347.09213,227.33156,0.50783277,1.5932938,-12.907861,-9.26572997808787,10.052279044757777,34.02337233112577,13.671213041296392
1268687801,43.47476651658808,-80.53834721109205,-1071.8334991543004,347.08905,226.73357,0.4835369,1.5967107,-12.910944,-9.329472387435533,9.91182248131151,34.02639477800739,13.6118801026513
1268812611,43.47475799400526,-80.5383349052415,-1075.2485170166615,347.09824,226.33615,0.455802,1.6192535,-12.901765,-9.487339202745696,9.940483504526123,34.15017862361078,13.741281506894154
1269059138,43.47474922989423,-80.53832256754515,-1078.6548068658713,347.10492,225.61005,0.46394968,1.6446764,-12.895067,-9.756208400777794,9.96620805998387,34.06289849209842,13.946644953331775
1269176938,43.4747387842953,-80.53830809764762,-1082.6825434347074,347.12103,224.95615,0.46026587,1.6965586,-12.878977,-9.919928687183718,9.90475473005478,34.301367768354204,14.018172185465302
1269334156,43.47472459096975,-80.53828865114293,-1088.075442461766,347.15894,224.81099,0.5426004,1.7629459,-12.841074,-10.092424978001574,10.026055198003084,34.33097602125357,14.225991170037846
1269495123,43.47471546089967,-80.53827608032786,-1091.5102828604215,347.1642,224.97441,0.54650074,1.7712973,-12.835795,-10.163594014256415,10.154517908702587,34.3484039865549,14.367076155042485
1269617658,43.47470621441664,-80.53826361160407,-1094.9559634080724,347.17215,224.37788,0.5087688,1.7837632,-12.827841,-10.293184903872238,10.072050093825926,34.45680547650823,14.401244687798417
1269751876,43.474693769406784,-80.53824700309293,-1099.567090255981,347.1788,223.95683,0.4694401,1.8069429,-12.821204,-10.367167346613371,9.996375195394084,34.2907269955543,14.401585879332062
1269924488,43.474684312158224,-80.53823476653041,-1102.9860523582122,347.18506,223.19492,0.45023292,1.8293874,-12.814939,-10.527809093118808,9.884513662824352,34.18962102231273,14.44085782257122
1270059258,43.4746713366692,-80.53821843420086,-1107.6037955130391,347.19562,222.25885,0.41935393,1.9049134,-12.804384,-10.745915727258843,9.763932890912399,34.2172026536797,14.519266176897162
1270176377,43.47465982395531,-80.53820417402969,-1111.638260316912,347.2076,221.92891,0.45541525,1.9589573,-12.792394,-10.957100673240534,9.841225755756259,34.48760602412953,14.727789363624417
1270296880,43.474647913883096,-80.53818931307286,-1115.7902160861904,347.21588,222.21146,0.51723766,1.9793351,-12.784108,-11.003080131703491,9.980996069646997,34.44830353088522,14.855573194158378
1270422070,43.47463788473405,-80.53817660600151,-1119.267923567038,347.20908,222.5954,0.5438105,2.0056937,-12.790931,-11.164448710174259,10.264583705273381,34.77707480847678,15.165968272572494
1270545899,43.474625495791265,-80.53816084195272,-1123.5697577566064,347.209,222.56674,0.53942573,1.9898101,-12.79098,-11.202052096135196,10.288819454770916,34.79468628535855,15.210055126047354
1270698309,43.47461000600945,-80.5381415137138,-1128.8900931364842,347.20026,222.09578,0.4714016,2.0448027,-12.799728,-11.343143827617551,10.247801734589299,34.975196470380446,15.28673779082606
1270823539,43.4745971762138,-80.53812549214913,-1133.2861795471351,347.1858,222.442,0.57614475,2.100247,-12.81421,-11.381480684018983,10.408031143301631,35.07089789075678,15.422879589772913
1271009004,43.47457790183778,-80.53810152141268,-1139.7877322699815,347.19666,222.05705,0.54828656,2.1273346,-12.803352,-11.631948928316467,10.49444304304238,35.029331821475516,15.666383458048742
1271322926,43.47456060531366,-80.53807974133838,-1145.6027140220815,347.1894,222.58228,0.6108658,2.144562,-12.8105955,-11.678382989810093,10.732158552655392,35.35645403936577,15.860764686988455
1271473153,43.47454999972861,-80.53806649408992,-1149.1357452561938,347.18954,222.18875,0.58666974,2.164605,-12.810444,-11.806137283948496,10.700930770858255,35.33031234112347,15.934076594837236
1271598622,43.47453943671744,-80.53805321079656,-1152.6784346672812,347.1853,222.38097,0.6286363,2.1516433,-12.814694,-11.758744030365593,10.730047300912323,35.426894110874365,15.918604720624051
1271858591,43.47452889869015,-80.53803981971164,-1156.2291176874332,347.18344,222.67923,0.6390681,2.1539392,-12.816551,-11.73093197798456,10.817119720843381,35.506830201519605,15.956968513071635
1271972718,43.47451683418983,-80.53802458130616,-1160.2911518099327,347.16412,222.41966,0.59237665,2.1632113,-12.835865,-11.751439153028361,10.73793401319676,35.732167237540466,15.918528482215176
1272097795,43.47450352621159,-80.53800811471044,-1164.767981605508,347.17114,221.74431,0.5077449,2.2169974,-12.828848,-11.894141563096994,10.613807305674547,35.728885816122386,15.941251802947653
1272223121,43.4744929408773,-80.53799483099367,-1168.373274442411,347.16617,222.32166,0.53881115,2.1860158,-12.833832,-11.783594138754506,10.73038933170791,36.052928369029814,15.937200068924293
1272408007,43.47448225350876,-80.5379815606306,-1171.9798580886259,347.16895,222.0195,0.50429344,2.2015555,-12.831058,-11.897178657348984,10.719602394869124,36.06583646214917,16.01414173500922
1272533328,43.47447125123086,-80.53796822005134,-1175.57859272782,347.1632,221.34334,0.5464097,2.2505343,-12.836799,-12.247735756913064,10.776322012116506,35.987346391942744,16.31367975902413
1272658288,43.47446039630562,-80.5379550070256,-1179.1769379447855,347.15717,221.4535,0.53611046,2.225375,-12.842847,-12.08370277719765,10.673286158062655,35.983452169654726,16.122497021849505
1272772845,43.474447824541535,-80.53794001683478,-1183.306228019556,347.1564,220.75243,0.47475705,2.2430193,-12.843609,-12.242376357308178,10.549608585094818,36.06038997845795,16.16075555698695
1272967656,43.47443287885759,-80.53792177226893,-1188.1935398999044,347.14053,221.787,0.54031575,2.2674837,-12.859477,-12.303033784971804,10.99516358109694,36.19166292355529,16.50025037656211
1273090205,43.47441930324749,-80.53790509563962,-1192.6338847691777,347.12183,221.77768,0.51662683,2.2692504,-12.878171,-12.29755985359246,10.986668862241437,36.31691084003332,16.490508513724933
1273213079,43.47440569909164,-80.53788853014818,-1197.091048992699,347.10468,221.38622,0.4937234,2.2766032,-12.895322,-12.32669456229807,10.862173690855112,36.26448696163842,16.42967486356604
1273520303,43.47438414055878,-80.53786252164663,-1204.1062271892838,347.087,220.84772,0.47959036,2.2904596,-12.912997,-12.431547772846551,10.748705647090494,36.187988819326925,16.434051634224627
1273746090,43.47436583992595,-80.53784072548565,-1210.0771206854931,347.06833,220.89145,0.5001736,2.2816172,-12.931657,-12.420272559052567,10.755536344689821,36.40857882906939,16.429994902710646
1273958016,43.474348922877226,-80.53782059937012,-1215.5850506903676,347.04163,220.64433,0.5372287,2.3102696,-12.958369,-12.433984333527473,10.673910715899552,36.33976305251357,16.38707833560949
1274058617,43.47433774474085,-80.53780736916859,-1219.2523290239883,347.02536,220.48439,0.5261092,2.2926385,-12.974644,-12.428729874852005,10.609284569360018,36.446891213975206,16.341060105626543
1274195876,43.47432636080883,-80.53779460804473,-1222.8925610887518,347.01028,219.12589,0.5303439,2.3486714,-12.989726,-12.672593130575667,10.30824652826275,36.40232064763484,16.335683736549097
1274483524,43.47431481811202,-80.53778143765801,-1226.5106153927854,347.00583,219.62369,0.547866,2.358502,-12.994183,-12.849330088873518,10.638842996277601,36.18054304033694,16.682034169497296
1274633131,43.474297712117554,-80.53776144301223,-1231.9300688712528,346.9799,220.59409,0.4828444,2.2615743,-13.020112,-12.718802037215092,10.899052655124144,36.27519266327078,16.749844000498495
1274857639,43.47428610220536,-80.53774806815355,-1235.5719104444743,346.96326,219.8941,0.48557585,2.295341,-13.03674,-12.92415425185931,10.804012406899215,36.418415732213425,16.845190625644022
1274972669,43.47427446900634,-80.53773455754252,-1239.207560445186,346.95877,220.1225,0.5238998,2.3168218,-13.04124,-12.950077147507672,10.9136711432631,36.35650000711685,16.93554593007542
1275095818,43.47426023045749,-80.53771792099454,-1243.658783802652,346.95163,220.39693,0.52158403,2.3017797,-13.048378,-12.813878385958319,10.904278164955072,36.10766025321585,16.82553896874765
1275256763,43.47424164528569,-80.53769641154145,-1249.4857357553244,346.915,219.72311,0.49548167,2.3458345,-13.084992,-12.876118481970522,10.698738241929778,36.32153362812108,16.74089087029342
1275452976,43.47422566405885,-80.53767854245983,-1254.4638335779318,346.90295,218.8944,0.40914437,2.371527,-13.097043,-13.050826384530106,10.528579505016593,36.468889446312055,16.768275275430167
1275662773,43.47421099438119,-80.53766238151198,-1259.0239333585282,346.8892,218.61542,0.38246366,2.3958085,-13.110824,-13.130247920029786,10.487527385161224,36.659239596978516,16.804512521818452
1275786501,43.47419628907636,-80.53764647734047,-1263.5711122070904,346.8757,218.00769,0.34039587,2.4219735,-13.124308,-13.248304120454323,10.353573682025688,36.768447477242404,16.814102713412392
1275998005,43.47418145630122,-80.53763072630505,-1268.1474391796646,346.8627,217.58827,0.27319178,2.4200854,-13.137287,-13.286816215320217,10.227895389407282,36.823046859538785,16.767508140339608
1276160647,43.47416950753794,-80.53761830440975,-1271.8541904119404,346.85062,217.03001,0.23487219,2.4046366,-13.149395,-13.301363286414347,10.034222735893328,37.067512322758944,16.661689325836385
1276283394,43.47415494444015,-80.53760303524984,-1276.3958872270605,346.82764,217.20323,0.22187485,2.371521,-13.172359,-13.22165083300183,10.036953546674866,36.98317562438339,16.59977371074459
1276407704,43.47414308304181,-80.53759073481814,-1280.0901089797264,346.81506,216.9615,0.18400145,2.3549728,-13.184943,-13.204108636715311,9.936106244041133,36.94221752665937,16.52497177555995
1276591822,43.47412109422944,-80.53756855023852,-1286.8960430940008,346.79852,215.85844,0.13493513,2.3757756,-13.201489,-13.379905065263912,9.670655593994308,36.968624381566094,16.508889701404158
1276714395,43.47410639613204,-80.5375539856339,-1291.4053740812794,346.7658,215.63422,0.05074635,2.3414907,-13.234203,-13.354419278134827,9.572890653988011,36.72107445602805,16.43109094763431
1276898797,43.47408676178424,-80.53753523190899,-1297.3838756581422,346.73325,214.46733,-0.04627104,2.363727,-13.266752,-13.516535537967856,9.278314825386751,36.9376114691474,16.394628966467632
1277021385,43.47407185163792,-80.53752139237072,-1301.9192096386992,346.70206,213.80553,-0.12769477,2.3493493,-13.297952,-13.52285590669071,9.054652366215869,36.99508226432741,16.27434672563352
1277121745,43.47405966467849,-80.5375101542216,-1305.6529558852412,346.6828,213.70328,-0.12957402,2.3249507,-13.317213,-13.531261969124097,9.025348573596347,37.243517271461386,16.265053561300736
1277299063,43.474047431094164,-80.53749927433682,-1309.3955558709447,346.67447,212.83604,-0.1571903,2.3187752,-13.325531,-13.61842607465917,8.788609497388887,37.42599985703439,16.20805928075755
1277420949,43.474032469824635,-80.53748603828764,-1313.9588305985897,346.65573,212.58484,-0.21597159,2.3267608,-13.34427,-13.680427000881407,8.743896223575433,37.4223969680779,16.236064920266294
1277646673,43.474009462165405,-80.53746648357274,-1321.0159663242018,346.63626,211.34523,-0.28032964,2.2908237,-13.363726,-13.640491093052786,8.3083053114228,37.62402455624355,15.971566435621419
1277798624,43.47399096902072,-80.5374510145367,-1326.7356524013824,346.60464,211.29869,-0.3136654,2.225239,-13.395341,-13.50367188154659,8.209940799575378,37.615795249945684,15.803552835264746
1277923155,43.473975821680575,-80.53743864773551,-1331.4160643755683,346.5815,210.53372,-0.3691831,2.2277803,-13.418501,-13.550238868300477,7.992445477479058,37.58437271242882,15.731756357714051
1278060332,43.4739590462941,-80.53742514428718,-1336.5664031747006,346.54666,210.23825,-0.46492052,2.2210739,-13.453352,-13.616933251252032,7.937419448920434,37.587681133491316,15.761456109038708
1278199898,43.47394355794674,-80.53741278101607,-1341.3688812452203,346.51205,210.0588,-0.5125072,2.2074256,-13.487939,-13.502509548851815,7.814168983920809,37.70913596231995,15.600608995359908
1278358833,43.47392435604545,-80.53739751585849,-1347.391157720817,346.47882,210.04037,-0.5387302,2.177569,-13.52119,-13.427338401612781,7.764897624993101,37.94680264907559,15.510868824087476
1278480598,43.473909749331874,-80.5373859959517,-1352.0344940275766,346.4622,209.74333,-0.57647717,2.1566308,-13.537819,-13.330531122018586,7.616969469677905,38.17294670214941,15.353217379334907
1278809469,43.47389128443545,-80.5373715035346,-1357.9206602592992,346.44055,209.50346,-0.56791586,2.1336398,-13.559461,-13.306731533520903,7.5296470674068905,38.10226176850719,15.289365227664252
1279135426,43.47387933549036,-80.53736220535085,-1361.7392414374049,346.42844,209.45192,-0.58060366,2.1172228,-13.571578,-13.30156568082438,7.51093488587895,38.18581178105566,15.275660130455849
1279374575,43.4738570360316,-80.53734503444888,-1368.8477638124186,346.38043,209.08838,-0.6379092,2.0887682,-13.619555,-13.24039493283566,7.365990968178025,37.89488600650944,15.151431645911895
1279476027,43.47384518274212,-80.53733598663507,-1372.6378036615386,346.3662,208.98184,-0.6514359,2.0763588,-13.6338005,-13.195081862510595,7.308689754212035,37.90039849119938,15.084002495414804
1279686299,43.47383325565001,-80.5373270341525,-1376.431930329007,346.3507,208.5757,-0.6631335,2.1003778,-13.649304,-13.277238931662103,7.2316826034832555,37.94126667468277,15.118938683848354
1279999746,43.473821294926616,-80.53731831352158,-1380.1993810604804,346.33435,207.88197,-0.6828845,2.1102924,-13.665638,-13.314677278073013,7.0443962706399965,37.67450731473479,15.063337938087974
1280248191,43.47380928367225,-80.53730965215802,-1383.963732771862,346.31622,207.62143,-0.6802595,2.1522336,-13.683776,-13.370928359124063,6.99652099052977,37.643517113814895,15.090826059422717
1280434772,43.473786850124675,-80.53729385429027,-1390.991778663037,346.26242,206.83235,-0.76349884,2.1217813,-13.737593,-13.385286461927537,6.770882653978249,37.6707996763641,15.000358181783664
1280586032,43.47377490009472,-80.53728559446851,-1394.750722436874,346.24994,206.63658,-0.77847207,2.1000967,-13.750064,-13.302773343893483,6.672161461956102,37.5894377383696,14.88225511182412
1280775417,43.47375419795414,-80.53727142764244,-1401.2520770019585,346.21277,206.38762,-0.83095706,2.103439,-13.78722,-13.333003757490289,6.614969110717631,37.54392540682301,14.883776588386382
1280898392,43.47374226604364,-80.53726338719306,-1405.004109309071,346.19696,206.05782,-0.8465582,2.0918884,-13.803034,-13.2826027758004,6.494955714030291,37.5203230711252,14.785533004491764
1281088454,43.47372125410263,-80.53724921992577,-1411.5975730946448,346.17096,206.04247,-0.836955,2.081572,-13.82903,-13.275616433630534,6.4871350301132855,37.41432834382395,14.775821892260478
1281296522,43.473709354099334,-80.53724112309048,-1415.3242813594625,346.1568,206.27701,-0.7907033,2.0957732,-13.843214,-13.24708366765006,6.540503416637349,37.267082648177805,14.773740577144496
1281491954,43.473692978172046,-80.53723001159467,-1420.4331740926018,346.13644,206.24088,-0.79034555,2.1328156,-13.863558,-13.363575488994414,6.58754148217472,37.457826127790575,14.899021868210845
1281602302,43.473680934707694,-80.53722179593089,-1424.1926850535704,346.1191,206.33586,-0.7654684,2.1561418,-13.8808975,-13.406784521383717,6.636491313671097,37.59510960968499,14.959441438745163
1281986907,43.473663085536366,-80.53720949854065,-1429.8044340185918,346.09412,206.69217,-0.75989413,2.1205635,-13.905891,-13.32506071598456,6.699527549432124,37.686989750982875,14.914453140168261
1282458819,43.473640481750294,-80.53719415006464,-1436.9232688307952,346.03662,206.0128,-0.8400459,2.1058707,-13.963369,-13.345927965453326,6.512933875997411,37.81346982459861,14.85032326019147
1282599995,43.47362364671654,-80.53718295825058,-1442.2822930252285,345.97263,205.61063,-0.8891703,2.0531793,-14.027374,-13.263517975620838,6.357838858545748,37.95641146259573,14.708603742056939
1282822833,43.47361174033892,-80.53717508627324,-1446.0864627279684,345.95462,205.62997,-0.88309795,2.0170548,-14.045371,-13.254179567334674,6.358866514523835,38.0416970273997,14.700627855730668
1283034624,43.47359991374769,-80.53716718205075,-1449.8927881896004,345.93372,205.87238,-0.8706716,1.9893701,-14.066276,-13.165361353626901,6.384913658008651,38.06325461631927,14.631946623460536
1283271618,43.47358525597715,-80.53715741891357,-1454.625622160308,345.887,205.76866,-0.89524466,1.9498116,-14.113011,-13.13536158160116,6.341022333581521,38.107068506424014,14.585824903459638
1283395538,43.47357057893845,-80.53714770136335,-1459.3500893960208,345.84113,205.63503,-0.91418636,1.9928527,-14.158881,-13.193198773224081,6.331041837456343,38.13365483367385,14.63361146871899
1283796857,43.473546974884336,-80.53713219160176,-1466.929015914759,345.7749,205.49648,-0.9491934,2.0151393,-14.225088,-13.245006412891687,6.316544946106992,38.17471118281778,14.674090599888352
1283958465,43.47352785720738,-80.53711966336316,-1473.0905844049964,345.7328,205.40839,-0.98606646,1.960005,-14.2672,-13.192460302250964,6.266608789675527,38.28296961845984,14.60518382456401
1284147311,43.47350992325044,-80.5371079333086,-1478.916400579613,345.6912,205.43309,-0.97421145,1.9279948,-14.308805,-13.145577363587263,6.251286410691118,38.39614716881488,14.556262776226228
1284355818,43.47349809552867,-80.53710018021627,-1482.7630912111254,345.6728,205.43855,-0.9661039,1.9551098,-14.327208,-13.166619876186836,6.262832969076824,38.466906315122294,14.58022481865605
1284478232,43.473483648993486,-80.53709068080566,-1487.4740640935972,345.6338,205.50705,-0.96492904,1.9028711,-14.366209,-13.136644783580389,6.26784191476461,38.49149716431644,14.555317874867931
1284698252,43.473469009125715,-80.53708096965684,-1492.2720826109953,345.59488,205.75002,-0.93237096,1.8580078,-14.405121,-13.087667370991118,6.312747152690925,38.56707826735739,14.530582019572131
1284875246,43.47345738604184,-80.53707292920012,-1496.135112092833,345.574,206.6555,-0.8955981,1.8459662,-14.426,-12.938816974789594,6.494961653257787,38.63029481837553,14.47748291604561
1285034292,43.473445798691834,-80.53706476464976,-1500.000240556885,345.55173,207.0804,-0.8637976,1.8403182,-14.44826,-12.899038020329774,6.595202653171252,38.65128464052095,14.487300641814201
1285141521,43.47343424466468,-80.53705639002087,-1503.8678020028115,345.5277,207.74269,-0.82405573,1.8403709,-14.472282,-12.861943025079944,6.7649009629296994,38.67561445926525,14.532496806077399
1285259831,43.4734227444041,-80.53704783025543,-1507.7382391165086,345.50098,208.37363,-0.79651666,1.8291003,-14.4990225,-12.802090082296004,6.914451523087781,38.704371136970785,14.550022348448563
1285434136,43.47340293894682,-80.53703234598554,-1514.486989303512,345.43588,209.94818,-0.7467077,1.7843937,-14.564115,-12.606228704953233,7.263015362311648,38.708387739567094,14.548827936117805
1285534564,43.47339168555784,-80.53702317425244,-1518.3758961226513,345.35767,210.80371,-0.7018114,1.7308466,-14.642347,-12.432163563809494,7.41214913203797,38.76161974249369,14.47406804021881
1285697288,43.473373855228566,-80.53700795687708,-1524.687292372123,345.27533,212.09512,-0.657517,1.685901,-14.724676,-12.129046921137943,7.607100258969066,38.787417368229846,14.317183855953413
1285815861,43.47336104594075,-80.53699652570889,-1529.2844647125462,345.1816,213.1719,-0.60560626,1.6670992,-14.818397,-12.007788697151254,7.849270311795947,38.785668342952405,14.345662543886728
1285991513,43.4733502720881,-80.53698664642437,-1533.1829847264,345.13968,213.63945,-0.5787713,1.6667843,-14.860335,-11.993452769791714,7.980339456311283,38.98520013853946,14.405857391324655
1286111054,43.473337544028176,-80.53697462122014,-1537.8442073602473,345.0369,214.60132,-0.5312342,1.6381162,-14.963108,-11.831851933423327,8.162650265263608,38.976213144217496,14.374337533516504
1286306840,43.4733172248098,-80.53695408485795,-1545.4695993620362,344.93155,216.79791,-0.47552752,1.5979482,-15.068443,-11.45837465795313,8.571309637963857,38.94526664270232,14.30949680149077
1286421431,43.473305585438595,-80.53694174688626,-1549.9461903832432,344.82816,217.69432,-0.417294,1.5969913,-15.171842,-11.336818948006844,8.760293796747689,39.04572183000576,14.327114547780479
1286534553,43.47329409903744,-80.53692919255589,-1554.3829488828114,344.71948,218.65454,-0.36885583,1.5634046,-15.280516,-11.25991151262135,9.006229570989944,39.24462923204899,14.418660768512328
1286921891,43.47327552236093,-80.5369080305429,-1561.722927130242,344.5976,219.72246,-0.31666076,1.5311974,-15.4024,-11.054243832433116,9.184730141861237,39.29250624102802,14.372041416782096
1287046394,43.47326586007653,-80.53689668118693,-1565.6404897609252,344.53275,220.44237,-0.3196747,1.4993112,-15.4672575,-10.75605499271488,9.167841373320984,39.17562630683272,14.133012221486355
1287233405,43.47324839086571,-80.53687555285114,-1572.977008106399,344.33743,221.6883,-0.3182977,1.4183117,-15.662557,-10.216095521846674,9.098465081093192,39.26864479989309,13.680302428797685
1287487947,43.47323944257147,-80.53686433874307,-1576.906948949129,344.27664,222.28287,-0.33987245,1.3702354,-15.723368,-9.96124114839943,9.058590129273583,39.299408427299944,13.464188811314955
1287609467,43.473228752847106,-80.53685072962712,-1581.6882135411627,344.0707,222.86746,-0.3649991,1.2721595,-15.929303,-9.728033763643506,9.029558807094123,39.37877902076908,13.27281330982091
1287794844,43.47321695010343,-80.53683547329194,-1587.0777991556276,343.9274,223.11655,-0.37656182,1.2288064,-16.07261,-9.594610681140237,8.983678369677747,39.38433008750033,13.143935147910087
1287975530,43.47320324289584,-80.53681727618405,-1593.565392389356,343.7885,224.05653,-0.37188512,1.1667024,-16.211498,-9.199261670109525,8.901184176279449,39.399681250959034,12.800683380788461
1288098670,43.473193166956975,-80.53680363119338,-1598.418462828705,343.64453,224.68405,-0.31972465,1.1056203,-16.355478,-9.05247926792504,8.953187302537005,39.43237886899495,12.732122516317636
1288359854,43.47318526933553,-80.53679259565183,-1602.3786992590424,343.57394,225.3971,-0.32709727,1.0645665,-16.426046,-8.791632188946057,8.914346736425534,39.60236430337305,12.520318457728342
1288811502,43.47317746732869,-80.53678154336104,-1606.3301995926329,343.51215,225.7894,-0.31346208,1.0347282,-16.48787,-8.685194013564281,8.927876522816495,39.51500333590554,12.4555037738307
1289012410,43.473162553377975,-80.53675889411828,-1614.2372150523638,343.39966,228.57936,-0.26652458,0.99894166,-16.600336,-8.249971297131108,9.35096268181393,39.73459929829752,12.470065335841825
1289212657,43.473150844832475,-80.53673971554164,-1620.664151762415,343.3075,230.31941,-0.19818138,0.97835076,-16.692509,-7.992581883160372,9.63375074552507,39.66482463092442,12.51760834128981
1289380757,43.47314111009453,-80.53672318822667,-1626.0932477303802,343.24255,231.13417,-0.16959581,0.94744825,-16.757452,-7.904266406355934,9.807829087412586,39.73331506755295,12.596465330819727
1289621771,43.473130306592225,-80.53670415217448,-1632.2364804245622,343.15698,232.26889,-0.11047165,0.92583644,-16.843027,-7.7462322400385935,10.01121842212734,39.82729804435311,12.658143948152713
1289847951,43.47312097442505,-80.53668679395004,-1637.6766369908444,343.11377,233.85167,-0.0616636,0.93280506,-16.886246,-7.570033170073874,10.362733648438942,39.90016237344515,12.833224492095017
1290246633,43.47310813043772,-80.53666239481738,-1645.1944691983456,343.07687,234.27472,-0.025012206,0.957305,-16.92314,-7.595165423041368,10.559953254223133,40.00903585054014,13.007657380740811
1290486014,43.47309479751469,-80.53663563633033,-1653.1120728031776,343.0244,236.16129,0.06011303,0.944965,-16.97558,-7.4068898516582395,11.048124466926446,39.980973895983965,13.301243231792153
1290645725,43.473084237110264,-80.53661329879881,-1659.4911144048215,342.9953,237.0101,0.10927489,0.96339387,-17.004696,-7.3681933869264284,11.350404811925555,39.95220091557864,13.532256396541161
1290746699,43.4730775885246,-80.53659892642862,-1663.5304117229969,342.96246,237.62885,0.16850035,0.9582277,-17.037537,-7.31369319899653,11.537370678957286,40.038421502068395,13.660198768418834
1290887339,43.47307111753789,-80.53658448068971,-1667.5460975133556,342.94873,238.31227,0.19737925,0.9462302,-17.051283,-7.203502409320774,11.669053574729858,40.15685790358691,13.713397036876234
1291221592,43.47305868979257,-80.53655595908974,-1675.3674667569917,342.90668,239.38779,0.29051897,0.94918114,-17.09333,-7.078834520610631,11.963837950104967,40.323500269487,13.90119838958356
1291322344,43.473052241516314,-80.53654086301154,-1679.4370849575005,342.87585,239.61389,0.3373639,0.9630823,-17.124151,-7.132269880120128,12.163413054592162,40.398433988914825,14.100279812099185
1291499846,43.473040948067876,-80.53651369350311,-1686.6016248582498,342.8231,240.41019,0.43565378,0.9731738,-17.17691,-7.060086741750083,12.433145670455032,40.38922640616784,14.297829767618232
1291634647,43.473032427234635,-80.53649266535373,-1692.0571312021557,342.7779,241.03543,0.51916033,0.9806353,-17.222095,-7.008353746617134,12.661867850316135,40.46711197929681,14.472039237667639
1291859375,43.47302211395128,-80.53646657087496,-1698.697233788456,342.7493,241.58046,0.55908906,0.98989636,-17.250704,-6.987846362412987,12.91322200039638,40.49327012512249,14.68268705708221
1291976301,43.473014852094096,-80.53644776338433,-1703.443180135823,342.72037,242.12576,0.6043392,0.960001,-17.279638,-6.895905175284753,13.03827399107666,40.631549360118505,14.749579548343238
1292121715,43.47300684132454,-80.53642578947026,-1708.881161128671,342.68918,243.58557,0.64620775,0.92821044,-17.310814,-6.6174206380097615,13.322279715129271,40.63361970926289,14.875261097153972
1292284213,43.472997406231876,-80.53639849388091,-1715.4997992692906,342.63718,245.02032,0.7270789,0.90186435,-17.362822,-6.367242122650103,13.667244500927211,40.79876553950894,15.077643864230739
1292461020,43.47298793773913,-80.53637044935365,-1722.212046239847,342.6047,245.09558,0.77354306,0.9082544,-17.395285,-6.4241008218560305,13.836742629951333,41.07185660983694,15.255311139956596
1292623176,43.47298230752199,-80.5363532092305,-1726.3266333714791,342.58365,245.7698,0.7923861,0.8855374,-17.416359,-6.2675577209675115,13.926315708113815,41.14587131632023,15.271691097835795
1292759679,43.47297477521189,-80.53632968883787,-1731.9588161603901,342.55634,246.27237,0.81756496,0.8557452,-17.443657,-6.136510629619707,13.961063990936278,41.25019981605577,15.250182637150719
1293161452,43.472964552335846,-80.53629664370602,-1739.7483721111316,342.52072,247.25826,0.8974732,0.81098026,-17.479273,-5.993936507223356,14.299693648523386,41.30504217669652,15.50511248892587
1293285243,43.47295801569713,-80.53627458909267,-1744.8702188370048,342.48788,248.01974,0.95763093,0.74535877,-17.512106,-5.820538494654785,14.420649328697358,41.39625074674879,15.551006251333634
1293611569,43.472949519775945,-80.53624519807023,-1751.6215206695883,342.45636,248.47473,0.98586106,0.7736908,-17.543636,-5.747338871143955,14.57161428252867,41.22852462075251,15.664094193363233
1293885737,43.472939361311234,-80.53620887837596,-1759.8610953867346,342.40222,249.22256,1.0871607,0.727351,-17.597763,-5.601016526731783,14.76229674963231,41.26235970690768,15.789135234613934
1294008396,43.4729333968306,-80.5361866899306,-1764.9356421898997,342.3726,249.69563,1.0906898,0.69955385,-17.627415,-5.4111380452252,14.624781758727586,41.35257551210844,15.593737731374564
1294173713,43.47292513658694,-80.53615677934357,-1771.7874163447304,342.35446,248.81728,1.0796697,0.73466223,-17.64555,-5.654253529958885,14.590583147200444,41.563007955373344,15.647865654983818
1294281945,43.472920085297986,-80.5361386825826,-1775.9311850216404,342.34686,248.96019,1.0765885,0.70459723,-17.65314,-5.623094858365107,14.618295020801545,41.43768676909802,15.662494855589365
1294393116,43.472914535624504,-80.53611859902064,-1780.5565120379906,342.27856,249.14453,1.0826927,0.67480356,-17.721422,-5.536862141533975,14.533498546762395,41.692321949118764,15.552473191846268
1294515368,43.47290940090696,-80.5361005580466,-1784.7128418077223,342.26447,248.58371,1.0952641,0.71704525,-17.735546,-5.715967572441939,14.573231169365602,41.56329769731561,15.65411613617891
1294822740,43.47290420165671,-80.5360826520213,-1788.8738099820266,342.25684,248.19136,1.0591818,0.71959287,-17.743174,-5.787805372365087,14.464221579858366,41.60968174304513,15.579229664512255
1294958565,43.47289713386926,-80.53605829554955,-1794.5195175766344,342.22937,248.14658,1.0667465,0.72428775,-17.770628,-5.800019887146447,14.461965368794004,41.61611187910677,15.581677477713733
1295085601,43.47289062312678,-80.53603556158565,-1799.832023210683,342.184,248.65683,1.0570315,0.6279498,-17.816,-5.654594004091767,14.471052880926914,41.92687664092068,15.53659566422753
1295272030,43.47288558593365,-80.53601786654482,-1804.0382495462954,342.17404,248.58011,1.0158507,0.60815495,-17.825968,-5.607403388838056,14.293791444618718,42.06226335612364,15.354329898351402
1295385983,43.472879829975966,-80.53599761368467,-1808.8256837117688,342.14587,248.54941,1.0376502,0.6698673,-17.85413,-5.638500853495311,14.35043792386072,41.96827917690528,15.418422762443873
1295509131,43.47287360122811,-80.53597554655695,-1813.9811178941345,342.11588,249.0087,1.0464038,0.6577107,-17.884117,-5.571913747415572,14.521911562991871,41.82374459169941,15.55416787398142
1295634383,43.47286712905658,-80.535953425866,-1819.226844942379,342.08905,248.04745,0.97683316,0.6259648,-17.910952,-5.739711530211252,14.240236696391912,41.89320910863916,15.353456601668134
1295859991,43.47285888102183,-80.5359248658231,-1826.0858791214528,342.06232,248.36765,0.9433821,0.56318,-17.937677,-5.588237196729692,14.091018249453144,42.08153371593687,15.158667166783987
1296046035,43.47285376026589,-80.53590746887596,-1830.283279590346,342.04587,247.92067,0.9377906,0.59639937,-17.954136,-5.700425510429872,14.052995793399502,41.97400468893055,15.16514232604705
1296258903,43.47284578708051,-80.53588101168177,-1836.6515595384421,342.0029,247.32732,0.916774,0.6630211,-17.997107,-5.872488780777884,14.057459199831602,41.851290229123315,15.234772188493409
1296474125,43.472835702123774,-80.53584656206652,-1845.0167426576127,341.9759,248.20078,0.9019919,0.583938,-18.024101,-5.593925984230476,13.986359915565009,41.98160094957854,15.063541137620083
1296597447,43.47282956583954,-80.53582547461431,-1850.2007496005408,341.93155,248.16644,0.81821233,0.52158475,-18.068455,-5.500901111598492,13.72989982435282,42.10237472151496,14.79087766923752
1296759217,43.472822006717145,-80.53579779014449,-1857.0301374867086,341.9035,249.6391,0.8518533,0.4792365,-18.096493,-5.153466059835592,13.886256851796288,42.10601381492852,14.811696114352898
1296874259,43.47281658136021,-80.53577798290716,-1861.8732376382368,341.86462,249.15002,0.8610599,0.53139424,-18.135376,-5.297557293132053,13.909351650186773,42.12455956708585,14.884024207269016
1297047010,43.4728085260409,-80.53574874879035,-1869.188233028588,341.81293,249.38669,0.7881113,0.49269918,-18.187065,-5.103338764795845,13.567647829190593,42.47047841707852,14.495693642085852
1297185672,43.472803868451685,-80.53573181146028,-1873.4299545605277,341.79886,249.24529,0.80693007,0.5261202,-18.201128,-5.184828309518661,13.68172395038971,42.41721531939858,14.63120004831639
1297345015,43.47279649425869,-80.53570454125436,-1880.2138043410996,341.7618,249.68036,0.914913,0.5256488,-18.238194,-5.148785460283118,13.904333689546597,42.6553700708216,14.827018819246279
1297585442,43.472787380998376,-80.53567243256254,-1888.2680410557532,341.738,248.53455,0.86207056,0.5454271,-18.261995,-5.379335245690212,13.680415064676334,42.6950702981372,14.700034150550405
1297710136,43.47278248836743,-80.53565532246807,-1892.5378873863074,341.72586,248.49236,0.8931486,0.570986,-18.274136,-5.446476774708456,13.821280456671344,42.69846330554082,14.85570270029001
1298022377,43.472774317193085,-80.53562661101823,-1899.6496623779208,341.69232,248.51547,0.9263144,0.6140512,-18.30767,-5.465404953038711,13.8857415757437,42.5147395281391,14.922616071220126
1298147286,43.47276930987372,-80.53560931990482,-1903.8921990097333,341.68353,248.24405,0.9469423,0.6494368,-18.316452,-5.5741479176311035,13.967504882981466,42.42536631812486,15.038694014565968
1298421578,43.47276436198668,-80.53559203144931,-1908.1359533369955,341.66757,248.47554,0.9600059,0.6250981,-18.332418,-5.507987856327966,13.96535786529034,42.43754327262191,15.012299974723497
1298635416,43.47275946363555,-80.53557479004782,-1912.3762684365151,341.65176,248.61862,0.9587768,0.6045535,-18.348234,-5.4528444786036205,13.927348329043294,42.403150995196825,14.956755810881685
1298798080,43.47275454060951,-80.5355574451265,-1916.6131610890243,341.63855,248.63733,0.9933916,0.6225654,-18.36145,-5.480312588888788,14.010970105403976,42.368926525090274,15.044637229473393
1298978082,43.47274959454407,-80.5355401066798,-1920.8437743771424,341.62985,248.53912,0.9640195,0.644851,-18.37015,-5.505960040456354,14.005740000301753,42.30613288118251,15.049131168381605
1299079797,43.472744641442,-80.53552308243012,-1925.0667318441474,341.6158,248.15186,0.95058405,0.6587628,-18.384184,-5.513793224410371,13.751936325958827,42.22957467005232,14.816128658822441
1299209792,43.47273973666482,-80.53550589671741,-1929.288903252992,341.598,248.53006,0.98525524,0.6659025,-18.401999,-5.459997961487055,13.882363746645497,42.221714088447484,14.91749311826957
1299358609,43.47273240738331,-80.53548044714677,-1935.5858035398974,341.5598,248.36179,0.9330138,0.6447826,-18.440172,-5.478401670085114,13.809952822436198,42.390750025832375,14.856906872451779
1299573409,43.472727529316465,-80.5354633800005,-1939.8282913429975,341.54916,248.5015,0.93114763,0.604261,-18.450829,-5.4302640095793855,13.786587546220327,42.42487803100283,14.8174816815588
1299757374,43.472719701269696,-80.53543616596046,-1946.6484209710397,341.52905,248.43832,0.89787394,0.60057,-18.470947,-5.402986764767618,13.673102977446815,42.635032119711,14.701905013028721
1299883537,43.47271467511838,-80.53541906677252,-1950.9272549782636,341.5077,247.94827,0.9250974,0.6269633,-18.49231,-5.595111643398197,13.81247033059864,42.7883400722369,14.902671268459148
1300222765,43.47270971044699,-80.5354021379122,-1955.2488200363764,341.4926,247.99402,0.9090034,0.59130806,-18.507395,-5.526672191826613,13.674882206485595,43.21565058112818,14.749457918078411
1300532086,43.47270471969097,-80.53538524154153,-1959.580627964252,341.473,247.8511,0.8931395,0.604975,-18.527006,-5.555709606903786,13.648637543729805,43.31807927875804,14.736051575518925
1300720647,43.47269658843761,-80.53535761433278,-1966.6549905665074,341.43683,247.7591,0.910508,0.62865263,-18.56317,-5.598621173675462,13.69105660348433,43.25395995331377,14.791537782331462
1300943374,43.472687335801126,-80.53532643064995,-1974.6816433898007,341.4001,247.89583,0.90101326,0.60466456,-18.599915,-5.48403207924732,13.50271967683754,43.14151199875169,14.573882341966033
1301090780,43.47268004337962,-80.53530174720717,-1981.0408200871743,341.37625,247.82846,0.8643471,0.6250166,-18.62375,-5.510930409820252,13.523318169097115,43.14797287493512,14.60309858504399
1301286277,43.47267503217281,-80.53528509185352,-1985.3645918353686,341.36404,247.4794,0.83138573,0.6426204,-18.635954,-5.578475421734609,13.453947579405721,43.23771748194407,14.56461786317424
1301397240,43.47267000182628,-80.53526851317841,-1989.6854074603607,341.35284,247.30807,0.80314505,0.64000136,-18.647171,-5.599781757053087,13.392007796055108,43.20815624991936,14.51562704591935
1301523001,43.47266361410501,-80.53524766808445,-1995.1162703405244,341.33057,247.04623,0.7929918,0.69259125,-18.669434,-5.667933114330179,13.382825432852606,43.17173471240492,14.533598396636917
1301684966,43.472655079318855,-80.53522076455585,-2002.093859848344,341.30457,246.10855,0.8103211,0.7719909,-18.695427,-5.95691568598631,13.447956123410254,43.00443915302966,14.708241512401035
1301968324,43.47264973097656,-80.53520424292533,-2006.438649596561,341.29318,245.9578,0.7855735,0.74298376,-18.706818,-5.953774642907092,13.345928008222819,43.447897482170134,14.613734187372842
1302177670,43.47264246841617,-80.5351815054008,-2012.4053841320042,341.2575,246.34201,0.8261041,0.67991537,-18.742489,-5.8964059687790265,13.459199033499639,43.64599309634614,14.694136312557147
1302423469,43.47263202067444,-80.5351484668765,-2021.050989650847,341.222,246.43156,0.84828025,0.6545055,-18.778011,-5.874226697726845,13.465790389991803,43.681199273470995,14.69129164244868
1302611421,43.47262489311187,-80.5351257513787,-2027.0236005572929,341.19522,246.7009,0.8142382,0.6248638,-18.804781,-5.776970081741184,13.41455798627802,43.70211891370639,14.60560677591137
1302797698,43.472616436530984,-80.53509861020395,-2034.1578037229642,341.15134,246.79678,0.8528859,0.60205096,-18.848663,-5.765929712125691,13.450841826718008,43.678444728950076,14.634585449972969
1302959892,43.4726100198547,-80.535077905238,-2039.6024030012218,341.12234,246.87282,0.84904677,0.5588061,-18.877647,-5.7366811721778035,13.431798372791395,43.76953800924454,14.605571484832112
1303323007,43.472602353933915,-80.53505293106282,-2046.2177522511788,341.0829,247.13965,0.79531586,0.47272938,-18.917114,-5.609388772491605,13.304964843991542,43.72146805448867,14.439090411130673
1303544694,43.472594300971025,-80.53502649180506,-2053.295246674225,341.04752,247.3339,0.802419,0.4399732,-18.95247,-5.528156703913676,13.237480864764416,43.9252322161748,14.345431892697752
1303758989,43.472587889950596,-80.53500514643676,-2058.991788055742,341.0205,247.55856,0.8779996,0.45330948,-18.979494,-5.5132538076020285,13.348744441058086,44.036459452080166,14.442470207679758
1303907757,43.47258061093351,-80.53498083671616,-2065.6072353630284,340.9772,247.34517,0.7656189,0.38173652,-19.022793,-5.467173421616178,13.098693017129353,44.64313052188693,14.193862898415626
1304356999,43.47257397108407,-80.53495887792486,-2071.7160990694642,340.94308,247.387,0.7747957,0.3882299,-19.056908,-5.387724082364867,12.934895193212524,44.635019546523644,14.012104925637932
1304533915,43.472566594473264,-80.53493423434547,-2078.5570099890697,340.90692,247.83684,0.8278493,0.41419986,-19.093067,-5.393541063941498,13.240797882692064,45.40676925213976,14.29716803352069
1304759225,43.47256171346927,-80.53491767750437,-2083.0812451993274,340.8945,247.88983,0.8621052,0.44291788,-19.1055,-5.433533647436482,13.374370606018463,45.24235210257861,14.435964706418309
1304869551,43.472556345693235,-80.5348993851161,-2088.0839715859506,340.85214,247.95149,0.88140726,0.435151,-19.147865,-5.4178145760720575,13.376944258722462,45.38518478348198,14.432440974473677
1305065393,43.47255148660877,-80.53488269552025,-2092.6185878431784,340.83902,248.1382,0.9170966,0.4471082,-19.16097,-5.409132825015453,13.4816079245889,45.34616257227789,14.526268280291326
1305236960,43.472545446379556,-80.53486181494372,-2098.280924866387,340.81674,248.27878,0.97966224,0.45296237,-19.18326,-5.393938422830098,13.539764367396725,45.46055376710122,14.574628325755304
1305459289,43.47253765163435,-80.53483477553743,-2105.6080974269903,340.78586,248.34251,0.9629132,0.41667974,-19.21413,-5.390132448994014,13.57411361925393,45.485754745658156,14.605139108071285
1305609186,43.47253279674407,-80.5348179821397,-2110.155734245071,340.7722,248.27771,0.9582159,0.4426945,-19.227823,-5.404463857512163,13.565457535992037,45.47636818080892,14.602392535059396
1305918737,43.47252789879542,-80.53480114254411,-2114.7177716191377,340.75876,248.15762,0.97301304,0.46913564,-19.241241,-5.452396438095623,13.60277548171851,45.62037374066487,14.654832913554493
1306053359,43.47252141255534,-80.53477831908954,-2120.8506734436587,340.72693,248.97449,1.0395365,0.4258654,-19.27306,-5.294451498049428,13.77418283732107,45.459918501109186,14.75667067807465
1306200320,43.4725167488965,-80.53476125475704,-2125.444673787474,340.7086,249.36212,1.0511506,0.4107004,-19.291422,-5.191585009454808,13.784314617442197,45.94000343815431,14.72955818695953
1306323223,43.47251198008916,-80.53474418307448,-2130.0455299803084,340.69827,248.9455,1.049573,0.43291673,-19.301733,-5.308636341566894,13.790251895586339,46.00856192834341,14.776761050742051
1306447505,43.47250608312713,-80.53472300128551,-2135.775688655037,340.67563,249.0264,1.0815903,0.41413233,-19.324377,-5.27036874464665,13.748716649924154,46.13478552398979,14.724265558066044
1306698885,43.47250005865341,-80.5347014141732,-2141.6362231290536,340.64978,248.9537,1.1065223,0.44142845,-19.350233,-5.306607054277739,13.790865900892086,46.3744212549614,14.776605182683145
1306912115,43.47249104880112,-80.53466928916478,-2150.3766785045814,340.63123,248.85666,1.092565,0.46551493,-19.368773,-5.339658696471433,13.806949265314657,46.42184084285901,14.803506443061925
1307224048,43.47248213539273,-80.53463672413041,-2159.1510660588847,340.59335,249.47316,1.1940669,0.4589628,-19.406633,-5.253152381201218,14.03015503064758,46.64380151697736,14.98135041056465
1307346817,43.472477533441854,-80.53461925243367,-2163.8258197540345,340.5796,250.05005,1.214251,0.43938744,-19.420418,-5.122891713864943,14.1133774107716,46.74753695149999,15.014374494159394
1307534032,43.47247166528294,-80.53459681374233,-2169.8283345518603,340.55298,250.20483,1.2438391,0.3903356,-19.447018,-5.081200127562404,14.117308383355185,46.746314734624484,15.003899184115134
1307711804,43.472467073579324,-80.53457928182168,-2174.5020800739135,340.54358,250.15402,1.2558511,0.41506702,-19.456408,-5.111484458401661,14.162025398049652,46.737455220532645,15.05623580924147
1307848267,43.47246247027735,-80.53456170172413,-2179.1710541024486,340.53052,250.15808,1.2888845,0.43971008,-19.469477,-5.1243957578470365,14.200941969592701,46.68974028535088,15.097224404067793
1308088075,43.472455469532115,-80.53453503763355,-2186.2477992347135,340.51315,250.109,1.3152931,0.49272278,-19.486845,-5.160565500337951,14.26290157370592,46.83281439119134,15.16778815729245
1308283994,43.472446315012625,-80.53450023660115,-2195.426959699421,340.4861,250.06174,1.3825908,0.5449169,-19.51389,-5.220385561074581,14.391121161117493,46.85227456475264,15.308716264933505
1308424817,43.47244159340234,-80.53448241656277,-2200.120173025688,340.47562,249.94086,1.3777429,0.5721847,-19.52439,-5.256096578403443,14.394762632454993,46.93213326267011,15.324351290877765
1308799307,43.472432191317345,-80.53444654992454,-2209.5128842423824,340.44962,250.22253,1.4712378,0.57068175,-19.55039,-5.235757751536349,14.56083545264218,47.04426758633589,15.47356094477591
1308961862,43.47242449750162,-80.53441688207826,-2217.15457792105,340.4313,250.56479,1.5285082,0.59059876,-19.568703,-5.260213362343561,14.907928617604203,47.02351191680133,15.808737466507568
1309148887,43.47241559826621,-80.53438212973984,-2225.985459878267,340.41376,250.44537,1.5270662,0.6210764,-19.586246,-5.3319600199552335,15.011498934294954,47.18955818282414,15.930313804465358
1309271859,43.47240962813756,-80.53435918041893,-2231.7959829639135,340.40152,250.35973,1.5433048,0.6230029,-19.598488,-5.381196484889909,15.078608066613254,47.270899917870395,16.0100498698638
1309647954,43.472403496519654,-80.53433509146336,-2237.860022887038,340.38608,250.77725,1.5651793,0.6447199,-19.613928,-5.309803775314501,15.228216685352535,47.37731716361795,16.127386631081723
1309786930,43.47239867462946,-80.53431612285212,-2242.6088778283734,340.3782,250.69386,1.5839409,0.660462,-19.621784,-5.367728156838115,15.322562735218591,47.488549413350405,16.235560795378216
1310011116,43.47239019402886,-80.53428305939349,-2250.846474199386,340.36188,250.36519,1.6111575,0.7072401,-19.638134,-5.5171645090015256,15.464258411617584,47.577968575918725,16.418964414379833
1310455746,43.47238524900139,-80.53426379721053,-2255.605393534701,340.35483,250.51694,1.6334515,0.71253806,-19.645166,-5.504804577902789,15.559705622233878,47.589193353146406,16.50476635676725
1310663596,43.47237596282944,-80.53422791572777,-2264.447337087209,340.3364,250.24963,1.642912,0.7601161,-19.663597,-5.6096610057975385,15.623894593657887,47.70088443054994,16.600433092955665
1310849421,43.472366546057266,-80.53419198298654,-2273.334736601891,340.31445,250.05524,1.6261828,0.7972249,-19.685543,-5.670863213477646,15.627432961146301,47.89686256993222,16.624540611430316
1311347709,43.47235641686584,-80.53415357725551,-2282.854722953314,340.29132,250.172,1.649209,0.83150685,-19.708664,-5.658816082200886,15.693896067119228,48.043479885773785,16.68294258270152
1311499233,43.4723485944991,-80.53412406816248,-2290.1262839218707,340.277,249.87506,1.6389031,0.8892459,-19.722984,-5.767500253116848,15.739198260884297,47.992037506295034,16.76264958367639
1311623140,43.47234217749175,-80.53409990111447,-2296.079029778143,340.25955,249.90218,1.6898955,0.89857805,-19.740437,-5.765067260648657,15.755639420476955,48.070972024452075,16.777251683988364
1311936141,43.472333750887216,-80.53406801815213,-2303.92799352982,340.22815,250.04883,1.7328458,0.9293067,-19.771835,-5.754662462055829,15.85281956319136,48.29714744902252,16.864994164105042
1312246120,43.472328543076884,-80.53404843317055,-2308.769761587841,340.2173,249.87488,1.7135816,0.9460234,-19.782705,-5.797334455232195,15.82045754287109,48.41768058021147,16.849212552864575
1312674266,43.47232330568819,-80.53402881066752,-2313.6274549439177,340.20917,249.80536,1.7146653,0.97013193,-19.790827,-5.830261091403624,15.850766822357306,48.57693356076449,16.88901279680604
1312800331,43.47231803470103,-80.53400909378472,-2318.485817306375,340.2017,249.77571,1.7279688,0.98662335,-19.798319,-5.867662909998869,15.927005411949994,48.5836236245727,16.97347841244277
1313075096,43.47231271124903,-80.53398940926624,-2323.3561014063453,340.19568,249.56015,1.7020893,1.0022703,-19.804337,-5.926066765761059,15.900861983559633,48.70284099970205,16.969256882152198
1313323024,43.472303475450666,-80.53395537059446,-2331.7776672489135,340.17673,249.44504,1.7116498,1.0405629,-19.823267,-5.966282935532763,15.911008375352786,48.79139203965015,16.992843187276694
1313459311,43.47229610359923,-80.53392850182016,-2338.4324937728747,340.15054,249.26831,1.7322314,1.088361,-19.849466,-6.029792876449111,15.930735319543693,48.806987394139256,17.033693960918555
1313646292,43.47228584926156,-80.53389157734524,-2347.5846418155415,340.1278,248.97462,1.7262996,1.1715271,-19.872183,-6.1324079153794795,15.954347241889876,49.013844091370736,17.092326428997545
1313786563,43.47228033105899,-80.53387183682037,-2352.4779216230845,340.1197,248.93199,1.6961088,1.1831733,-19.88032,-6.14286310442964,15.946103127023536,48.932798075428416,17.08838705254047
1313910706,43.47227349729276,-80.53384723958321,-2358.5433988662753,340.1024,249.06552,1.7527747,1.1989789,-19.897623,-6.128222443670126,16.019303337201013,48.85566216955831,17.15147777097827
1314011404,43.47226792728381,-80.53382728780242,-2363.4657635606236,340.07175,248.88635,1.7066671,1.2569566,-19.928263,-6.176091411773738,15.994368286773506,48.88042291271159,17.145376111929753
1314223063,43.47226023987733,-80.53380022182735,-2370.1450676622376,340.05862,248.5798,1.6826766,1.3097262,-19.941362,-6.277628154492908,16.00201619585103,48.848090105960935,17.189332086452943
1314500334,43.47225453161271,-80.5337804024513,-2375.034414516539,340.0495,248.35141,1.6728208,1.3395627,-19.950487,-6.3544401711461145,16.00979792573821,48.893468543014365,17.22476529627173
1314623013,43.472248854013024,-80.53376052272678,-2379.9320507704115,340.03937,248.51645,1.7005944,1.3346229,-19.960632,-6.320303977245794,16.058546525789563,48.976362538725965,17.257553676165607
1314811101,43.47224103596571,-80.53373332116195,-2386.610181423589,340.022,248.35925,1.6951935,1.372896,-19.977991,-6.376128413248355,16.070866838531952,48.8049691086026,17.2895278849383
1314999079,43.47223531502533,-80.53371342655622,-2391.5139803249804,340.0156,248.38223,1.6989229,1.3350973,-19.984411,-6.3685508314526045,16.070567344645298,49.037989013913005,17.286456388501822
1315209478,43.47222955355968,-80.53369353567082,-2396.4082120516377,340.00424,248.23969,1.6948762,1.3660988,-19.995752,-6.413663559244285,16.06756212137966,48.94231726657311,17.30033620411963
1315343872,43.47222176934907,-80.53366684769298,-2402.9847177376355,339.96616,247.94733,1.5953934,1.4149499,-20.03383,-6.489273290582901,16.01909257455243,48.95272829359336,17.283575867046537
1315613020,43.47221589157432,-80.53364703038618,-2407.893019864031,339.95367,247.76828,1.5840992,1.4476683,-20.046324,-6.543138846157317,16.00812643454533,49.08302126395337,17.293720765193413
1315747675,43.47220777843248,-80.53362028733035,-2414.509187386742,339.93768,247.1018,1.5798904,1.4969194,-20.062317,-6.788243194450167,16.071440876520334,49.10447640244084,17.44624479693231
1315898884,43.47220174413536,-80.53360053139043,-2419.44166289663,339.92822,247.17249,1.5537722,1.4719899,-20.071772,-6.71737954991552,15.958555161151768,49.32475509888487,17.314695228306704
1316060824,43.472191908400504,-80.53356866112973,-2427.450115621389,339.90265,246.91425,1.4658685,1.4797286,-20.097351,-6.771169955276585,15.885721752826893,49.51016607002509,17.268610198029194
1316247668,43.47218429234271,-80.53354407682643,-2433.6386046119937,339.88678,246.88037,1.4652207,1.5196412,-20.113234,-6.791055109529357,15.90631022715061,49.55799469605311,17.29535008443081
1316487171,43.47217593287728,-80.5335170508829,-2440.4123979926676,339.8701,246.90872,1.5051541,1.5379307,-20.129913,-6.819659072956971,15.995220296744659,49.55687028144347,17.388353062114785
1316621866,43.47216764383368,-80.53349039524014,-2447.0910833157054,339.8428,246.74606,1.4310832,1.6002882,-20.157192,-6.86623376167803,15.978556637591131,49.6302144067189,17.391361024678744
1316746864,43.47216143050912,-80.53347067608921,-2452.055864391546,339.83304,246.52838,1.4114971,1.6182601,-20.166975,-6.916672901566771,15.928837565938537,49.64781075840662,17.365719974401372
1316899013,43.47215519269321,-80.53345096798144,-2457.0335369102777,339.8236,246.43417,1.3886969,1.6305653,-20.176405,-6.943936672043644,15.919917059019628,49.776725187315336,17.368420068371698
1317024188,43.47214896206373,-80.53343135894183,-2462.0156171819144,339.8135,246.35245,1.3676677,1.6154257,-20.186483,-6.9359367413230775,15.83989127352174,49.82080271636553,17.291887520933784
1317212117,43.472140410774955,-80.53340459611692,-2468.824094948532,339.79303,246.20328,1.3333746,1.6492864,-20.206964,-6.9738533753975,15.81429869747555,49.82596231763276,17.28371123904007
1317336054,43.47213392024065,-80.53338510925889,-2473.8149533250858,339.7847,245.34471,1.3180516,1.6632876,-20.215288,-7.225262780548323,15.741194819113774,49.90858376553457,17.320208906975434
1317461282,43.472125807742536,-80.53336078691052,-2480.0648979918633,339.76642,245.41136,1.2925836,1.6300104,-20.233597,-7.178609757488937,15.687660957602978,49.94291492322758,17.252105505445304
1317799791,43.47211299189997,-80.53332220979328,-2489.9614078758223,339.7459,245.42432,1.2820903,1.6329501,-20.2541,-7.1805712691081744,15.7013332582647,49.74378699303119,17.26535461083354
1317922492,43.472106528101925,-80.53330283737712,-2494.940858140059,339.7384,245.30641,1.2460744,1.6294534,-20.261602,-7.195499983581035,15.648750370309369,49.79450264236874,17.223780309965996
1318098882,43.47210006463912,-80.53328346590868,-2499.932497684945,339.72598,245.30647,1.2373139,1.611371,-20.274008,-7.195126793206461,15.647984802976435,49.91639544885706,17.22292884397131
1318273626,43.47209356552757,-80.53326419516459,-2504.9283339304047,339.71124,245.07266,1.2122624,1.6138726,-20.288744,-7.234810974188507,15.566621168823026,49.958362454598635,17.165727029342147
1318533210,43.47208389958231,-80.53323582032155,-2512.302330479318,339.6943,244.73788,1.1788397,1.6021082,-20.305698,-7.316671411849522,15.505071086313887,49.92252146946146,17.144705011770338
1318766226,43.472074793048165,-80.53320971914998,-2519.114716809835,339.67822,244.20245,1.1333861,1.6355691,-20.321793,-7.449452277656685,15.411616607755743,49.82386354208845,17.117601049841564
1318913279,43.47206634184666,-80.53318601257558,-2525.3175302844484,339.66684,243.76303,1.0931178,1.6807852,-20.33316,-7.58169354246862,15.382976424381816,49.8506767433924,17.149869989157267
1319122695,43.47205353164905,-80.53315070209631,-2534.5793288062455,339.65317,243.30869,1.0538845,1.7514352,-20.34683,-7.70967916180532,15.334787790424041,49.77060681663415,17.16376617631787
1319446969,43.472046567600295,-80.53313172551962,-2539.565910863711,339.6486,243.17278,1.0432606,1.7738689,-20.351418,-7.752379078971111,15.328997107676667,49.86582057465625,17.1778209826284
1319711591,43.47203770556425,-80.53310776365049,-2545.871977540115,339.63818,242.96262,1.0223137,1.8315859,-20.36182,-7.81869251080273,15.320329509764505,49.92292959913351,17.200129327020882
1320099068,43.47202680622218,-80.53307906292117,-2553.4327235418664,339.63083,242.22961,1.0077338,1.886172,-20.369175,-8.075319862583099,15.335420209978874,49.97246287297411,17.331644581506325
1320285128,43.47201309064183,-80.533043865808,-2562.750490217293,339.6254,241.58727,0.93781954,1.9468527,-20.374605,-8.256418974165824,15.261820583134249,50.14491913271806,17.351991868046323
1320526681,43.47199890108912,-80.53300808762836,-2572.254915008917,339.61575,241.27036,0.92004764,1.9927702,-20.38425,-8.339035411608915,15.212867749589993,49.98887637666839,17.34851165842715
1320649507,43.47198967983528,-80.53298498699075,-2578.39002318517,339.6148,241.07616,0.8996373,2.0328262,-20.385195,-8.381759887563515,15.168610765972012,49.996541485403306,17.33033904406751
1320772304,43.47198037488064,-80.53296185142668,-2584.5383457141947,339.60953,240.91293,0.8936021,2.079547,-20.39046,-8.458349783814949,15.204733935065907,50.054033143378085,17.399069374581707
1320894549,43.471972668595924,-80.53294305036769,-2589.557867459183,339.6057,240.53967,0.8807931,2.110123,-20.394297,-8.578636139402514,15.187216513015992,50.195217449883295,17.44260712810698
1321080861,43.471964894456804,-80.53292421250374,-2594.571063909341,339.59964,240.37228,0.8940433,2.1532433,-20.400354,-8.654171668001887,15.216947015640054,50.13196450157873,17.50571802971941
1321239642,43.4719524741085,-80.53289420335635,-2602.554385439855,339.59576,240.3329,0.93232095,2.1916754,-20.404242,-8.70565332308044,15.283018385531241,50.32847507012573,17.58860570807554
1321361750,43.47194274755679,-80.53287102962149,-2608.699136730103,339.59784,239.83167,0.92402023,2.2430682,-20.402155,-8.906858048994382,15.322987272476782,50.27916681844425,17.723601757470785
1321509028,43.47193080460718,-80.53284301944905,-2616.1104364994767,339.59256,239.40677,0.89670026,2.2878544,-20.40743,-9.08339196425671,15.36332068212911,50.388417807828404,17.84767861539028
1321609279,43.471922542078076,-80.53282392768729,-2621.1679592516534,339.5962,239.10147,0.8654483,2.3464272,-20.403805,-9.207418843718628,15.38537158158487,50.4944848087227,17.930036822803913
1321735136,43.47191415232491,-80.53280486611071,-2626.1970389072644,339.5948,238.76103,0.8583821,2.3705513,-20.405222,-9.33947322318355,15.397658766758536,50.290796556110195,18.00871054751279
1321946981,43.47190552771009,-80.53278590445674,-2631.228933615015,339.59952,237.91982,0.82309717,2.3962777,-20.400482,-9.600921216113727,15.316942743224464,50.31894707750888,18.077234943354565
1322047254,43.47189675002397,-80.53276687320358,-2636.2908988909394,339.6042,237.48163,0.786198,2.432377,-20.395805,-9.777429035941042,15.336637543192474,50.51618229816877,18.188198637691524
1322197817,43.47188777468365,-80.53274806768106,-2641.33601586992,339.59796,236.66617,0.78080094,2.4575756,-20.402029,-9.991348843262257,15.190822096134937,50.45116978981012,18.182082599751315
1322357072,43.47187533489229,-80.53272244969475,-2648.2657644847586,339.60522,236.07767,0.7376312,2.4844937,-20.394766,-10.164482538512507,15.113616778449018,50.74207667456138,18.213679403172257
1322458269,43.4718661081116,-80.53270365943936,-2653.420372466301,339.60025,235.87488,0.6906984,2.4467626,-20.399748,-10.134345365050077,14.954241627304395,50.95838526472929,18.064725257415777
1322857815,43.47185544533701,-80.53268213105794,-2659.336592502027,339.60526,235.66238,0.62818706,2.470894,-20.394743,-10.202388363185726,14.935064996944135,50.786396943943195,18.087147226033558
1323045565,43.471841455592795,-80.53265428429162,-2667.0212739252956,339.60312,235.06876,0.6191014,2.4742725,-20.396894,-10.341394466841454,14.806825318678806,50.732251701846,18.060634416783003
1323446234,43.47182497109472,-80.53262207464785,-2675.9812840681584,339.6034,234.79465,0.583225,2.5102265,-20.396599,-10.440363044776403,14.797223034256932,50.941413769209454,18.10963804255283
1323723135,43.47181558885414,-80.53260370995635,-2681.0768247062415,339.60495,234.85274,0.6054987,2.5230277,-20.395037,-10.444310212657102,14.834725324382694,50.955406380832336,18.14256573001996
1323846555,43.471803931902414,-80.53258103309952,-2687.3650121817436,339.60764,234.6294,0.58613837,2.5728495,-20.392366,-10.534078568277849,14.839004973194168,50.932436965195286,18.1978811919721
1324008652,43.47178853408811,-80.5325513485696,-2695.620684089868,339.60547,234.4047,0.535066,2.5924554,-20.394533,-10.575180463213242,14.77381799216527,50.90139194960793,18.168658175417175
1324184810,43.47177163880495,-80.53251912437038,-2704.591561969868,339.60196,234.02275,0.5025969,2.681407,-20.398033,-10.716535451689145,14.76236959052047,50.93844644624693,18.24203080839504
1324307407,43.47175966474943,-80.53249674478153,-2710.824522246486,339.60245,233.34671,0.4891292,2.725092,-20.397543,-10.974024973098148,14.747859619844226,50.703646785140656,18.382834043661866
1324557628,43.47174979769386,-80.53247863982624,-2715.9057099538836,339.59912,233.0917,0.4544505,2.7061455,-20.400875,-10.984006255525,14.6249142738736,50.81187707397518,18.290339278962655
1324732663,43.47173985786506,-80.53246053688838,-2720.9939041219104,339.59662,232.88626,0.45104545,2.733465,-20.403385,-11.065017418085839,14.623284622290273,50.881941680267566,18.337804219891055
1324921088,43.47172734755372,-80.53243791759076,-2727.3342539479177,339.5978,232.6509,0.44594654,2.782153,-20.402191,-11.19118599319912,14.664442273798388,50.8530294500348,18.44691061223915
1325021406,43.47171725477933,-80.53241970925039,-2732.4229859433513,339.5988,232.625,0.4603425,2.8040223,-20.401209,-11.235276450660368,14.708427198043223,50.88731995433473,18.508626841635255
1325174430,43.4717070733529,-80.53240157006707,-2737.5183544837932,339.59854,232.27754,0.42862293,2.8188913,-20.401445,-11.333963894594767,14.652563170518588,50.95368540441942,18.52447961563335
1325358683,43.471696773565355,-80.53238348924431,-2742.6200070621626,339.59753,231.86694,0.40472326,2.8407526,-20.40245,-11.465723492943084,14.605420379029875,51.01652578369249,18.568282625617485
1325787175,43.47168366720597,-80.53236083511084,-2749.0449450439382,339.5938,231.35019,0.35537812,2.8698032,-20.406202,-11.611734900434412,14.519858552171302,51.0305581347675,18.591898229417797
1326047128,43.47166289156481,-80.53232547991368,-2759.1537637317265,339.58566,230.89497,0.29845536,2.8872437,-20.414345,-11.708199418767423,14.404351125715168,51.086991324210125,18.562523130827813
1326234986,43.47164681735423,-80.53229854463268,-2766.9206132761883,339.58148,230.46751,0.25161213,2.9182837,-20.41851,-11.812146251438898,14.312735201318757,51.230011607188956,18.557510285823664
1326357811,43.4716361127742,-80.53228092681798,-2772.0471360457163,339.57935,230.05966,0.22293225,2.928342,-20.420658,-11.916338486989059,14.231409338019107,51.26522769527937,18.561576837185847
1326497405,43.47162105919635,-80.53225644171339,-2779.208751580951,339.57654,229.56662,0.12706211,2.9873674,-20.423473,-12.05031311555065,14.142371252209168,51.32862750945183,18.580008364317933
1326598840,43.47160998512542,-80.53223874666486,-2784.4093544611655,339.57828,229.18385,0.106467195,3.0408008,-20.421732,-12.177005262435888,14.099157803044358,51.27176713610055,18.629699619600363
1326724017,43.47159614787227,-80.53221700114891,-2790.8198592024087,339.57843,228.67506,0.07150275,3.0864542,-20.421577,-12.334240796771992,14.027454141423268,51.229942247691724,18.678944448830276
1327122719,43.47158095417199,-80.53219345745059,-2797.817372244031,339.57523,228.2653,0.008243274,3.0926476,-20.424778,-12.416764363637512,13.919287832903606,51.32789549336222,18.65268374892248
1327223802,43.47156966651593,-80.53217626196586,-2802.9710587653553,339.5724,227.86685,-0.0055200355,3.112642,-20.427608,-12.565418721836924,13.890257448095134,51.53686521324463,18.73042977695526
1327346780,43.471558225556784,-80.53215914112654,-2808.129960395165,339.5749,227.35788,-0.026172617,3.1268601,-20.425108,-12.736075727539697,13.829959994895736,51.58901629809929,18.800941955073483
1327499258,43.4715467078265,-80.53214194328487,-2813.2907857827836,339.57364,227.29506,-0.013190495,3.1582217,-20.426353,-12.821537353869374,13.892161356253364,51.60825387618244,18.904601748379864
1327622340,43.4715350604664,-80.53212477478237,-2818.4688733284456,339.5741,226.92651,-0.020524884,3.1664011,-20.425913,-12.965841257122138,13.868461591199008,51.78087545662008,18.985448807216876
1327834806,43.47151282219869,-80.53209277879863,-2828.220769155575,339.57892,225.93904,-0.09023676,3.1921968,-20.421078,-13.229527359825976,13.670437150653315,51.92778239004886,19.0237022173484
1328086379,43.47149303430855,-80.5320650020871,-2836.781286299908,339.58368,225.33731,-0.09216216,3.2369297,-20.416319,-13.497034561440614,13.65689751060127,52.14048499970353,19.201062251026364
1328212065,43.471480871092716,-80.53204815817504,-2841.9905197954326,339.58224,225.13966,-0.11659154,3.241131,-20.417751,-13.540091869077916,13.606262248231447,52.092334955247786,19.195428106471557
1328385809,43.47145971392585,-80.53201916283892,-2851.0557733578667,339.56238,224.67336,-0.22573537,3.2233593,-20.437609,-13.560084712422615,13.406343214903705,52.20872988858396,19.06845394372266
1328523172,43.47144295477262,-80.53199670034667,-2858.1939567654013,339.54858,224.06189,-0.28916708,3.2286448,-20.451408,-13.700322446490599,13.258879738681566,52.309629613542285,19.065590131507463
1328923927,43.47143061962946,-80.53198073874564,-2863.4635675224517,339.53796,223.19739,-0.33052033,3.2116678,-20.46203,-13.731481368636803,12.893544497454979,52.696107570502875,18.83605771612179
1329180129,43.47141044885818,-80.5319548955763,-2872.0674512329474,339.5112,222.82764,-0.41182858,3.2210581,-20.488813,-13.813146093605473,12.803492356061517,52.87929754744926,18.834341547158314
1329321029,43.47139798914312,-80.53193923681631,-2877.3798831573467,339.50342,222.36331,-0.4423511,3.2122447,-20.496588,-13.870154806534465,12.648914009681551,53.12431924399378,18.77168665787785
1329516483,43.471379302695055,-80.5319162136274,-2885.2853107965,339.48926,221.63725,-0.5013585,3.221684,-20.510748,-13.994960769718963,12.44159000263732,53.08409677561859,18.725706628581406
1329651590,43.47136228728054,-80.53189555984453,-2892.479189469327,339.46863,221.30481,-0.56297815,3.1760314,-20.531366,-14.019907107819918,12.318873653238635,53.30911563081443,18.663130589382813
1329761691,43.471349718923044,-80.53188053711567,-2897.824985223617,339.46222,220.93665,-0.59567976,3.164242,-20.53777,-13.991095569781825,12.135137485105039,53.457957542902335,18.52059170289033
1330322358,43.471324913903,-80.53185092787045,-2908.4193937621753,339.44226,220.87823,-0.6011718,3.1502874,-20.557743,-14.022691543145257,12.137512847931053,53.656129183307186,18.5460264274558
1330446674,43.4713091854381,-80.53183228564522,-2915.0905908290233,339.42807,220.7055,-0.62029195,3.1491766,-20.57193,-14.071517812321547,12.105767127128223,53.67377499893496,18.56225232235412
1330623350,43.47129173662782,-80.53181141803677,-2922.532751026012,339.40732,221.01312,-0.5852389,3.1198869,-20.59267,-13.984003425157214,12.161730376786537,53.585134421588556,18.532674862319823
1330874446,43.47127108304146,-80.53178703741983,-2931.3058890193074,339.38284,220.40837,-0.6365712,3.1274142,-20.61717,-14.09542448067762,11.999695834600839,53.69510986709324,18.511447577470076
1331088232,43.47125842869555,-80.53177224907783,-2936.6664392963376,339.36935,220.29837,-0.6600205,3.1072328,-20.630644,-14.0868178682154,11.945803262785976,53.605502770300916,18.469993320124964
1331211786,43.47124577745383,-80.53175765961367,-2942.025498278733,339.35373,219.92307,-0.6783015,3.094507,-20.646261,-14.083362276392124,11.785152696061258,53.59058982395263,18.363848101026775
1331398859,43.4712331193861,-80.5317431495407,-2947.38092890924,339.33582,219.75407,-0.6978473,3.0903707,-20.664188,-14.090961002980182,11.721021671784353,53.55430630507332,18.32859871943152
1331622758,43.47121437900038,-80.53172171050554,-2955.379618308284,339.30835,219.66783,-0.7164522,3.0322695,-20.691664,-13.991149950144598,11.602413881553161,53.81638635993902,18.176036003658464
1331774620,43.47119522502143,-80.53170005054073,-2963.531067799474,339.27747,219.35052,-0.7953541,3.0224977,-20.722523,-14.041822775960334,11.513791372330745,53.635756257749094,18.158749368748836
1331897246,43.47117988645427,-80.5316828592581,-2970.1414542898224,339.22824,219.04044,-0.80201,2.9675853,-20.771753,-13.910540964213288,11.280800467686234,53.97071071565162,17.909762955126066
1332080800,43.47116435465396,-80.53166527437223,-2976.887311386975,339.1874,219.49957,-0.7843329,2.9650342,-20.812603,-13.841869231744248,11.410184203326873,54.07225162738838,17.938496240837978
1332459830,43.471152008709396,-80.53165118835952,-2982.2884968662524,339.15726,219.62192,-0.7624337,2.9474912,-20.842735,-13.743505488608927,11.378472089935872,54.01185479277411,17.842465362636222
1332609095,43.47113711051634,-80.53163392613547,-2988.8779266953366,339.09216,220.15921,-0.73818696,2.8973856,-20.907824,-13.585991820294632,11.464481347685178,54.08447334174714,17.7767687252924
1332735855,43.47112172018946,-80.53161603745416,-2995.7346260438685,339.02695,220.10048,-0.74967504,2.899129,-20.973042,-13.53790885658692,11.400171759067796,54.158436074929924,17.69855622206234
1332858544,43.47110967875833,-80.53160226048946,-3001.149699980841,338.99344,219.70045,-0.75714713,2.8860583,-21.006554,-13.40452112568995,11.128827675948711,54.15073936972455,17.422169556344876
1332959198,43.4710976479594,-80.53158851551215,-3006.6054474318717,338.89142,219.53757,-0.77880645,2.8289943,-21.108574,-13.265806510397015,10.950103333417518,54.165599852556454,17.201348359469186
1333381253,43.471079808120614,-80.5315678560577,-3014.8372836077333,338.8102,220.29593,-0.77514,2.7856026,-21.189781,-12.94491347448258,10.976501883989556,54.03556071751465,16.972164813925975
1333614279,43.47106824168799,-80.53155419990898,-3020.2471539284556,338.7697,220.58815,-0.7591475,2.7510688,-21.23029,-12.875752798792247,11.031234326338726,54.09870320722493,16.955032907611834
1333910206,43.47104851318135,-80.53153050838363,-3029.6182493195615,338.68176,221.14345,-0.76068866,2.686152,-21.318241,-12.539473126077587,10.955635595811488,54.03970224067718,16.651256336620182
1334135394,43.471037458798186,-80.53151703832901,-3035.002527015406,338.6261,221.48357,-0.74543226,2.6657555,-21.3739,-12.305739338937919,10.880910278517243,53.84277695844548,16.426363844960527
1334447298,43.47101741132324,-80.53149187811049,-3045.0396953424474,338.42102,222.70007,-0.705768,2.579636,-21.578981,-11.829297746379577,10.915790857043412,53.84462106760383,16.096172688164522
1334594985,43.47100695071491,-80.531478372957,-3050.4248871776554,338.37085,223.13225,-0.68781084,2.5581627,-21.629166,-11.64474919331721,10.909262626201375,53.85191835207735,15.956572151395674
1334757434,43.47099023026282,-80.53145641785521,-3059.1724386062706,338.21954,223.98459,-0.62164855,2.486732,-21.780441,-11.32454738734914,10.930105640600456,53.93627103554444,15.738887598652012
1334877088,43.47097823999709,-80.53144024059134,-3065.618165794779,338.12244,224.60033,-0.6090315,2.4312747,-21.877575,-11.108860245929199,10.954946984548112,53.9386855168353,15.601847307221217
1334997770,43.470968365545936,-80.53142676963044,-3070.990112764892,338.07462,224.71031,-0.60455644,2.4136758,-21.925377,-10.992239020727471,10.88164235565242,53.71946970112762,15.467367553825452
1335122996,43.47095629309365,-80.53140988498961,-3077.6929809485773,337.96756,225.57288,-0.57962984,2.3654766,-22.032438,-10.78678189819113,11.004671107460618,54.00014782911584,15.409654438128142
1335376963,43.47094670344288,-80.53139636235856,-3083.082452857798,337.9088,225.65834,-0.5701784,2.340653,-22.091173,-10.675199245024844,10.923380739351986,53.89471909220747,15.273510588526298
1335486767,43.47093637583173,-80.53138158035213,-3089.0053974997427,337.79898,226.25558,-0.5605498,2.2674146,-22.201027,-10.400174867942583,10.866284890350702,53.92190284743923,15.04126938134041
1335687353,43.47092727068342,-80.53136828501704,-3094.3884174641585,337.7475,226.65707,-0.57895184,2.2317297,-22.252516,-10.135851095194601,10.739774441695646,53.83019964415871,14.76747210874145
1335846306,43.47091300811881,-80.5313468922559,-3102.9549614725315,337.65387,227.70528,-0.54386395,2.1722326,-22.346142,-9.906580467503304,10.889206036523996,53.8968958254303,14.721248067503943
1336022222,43.47090428766948,-80.53133345640502,-3108.346497104788,337.60318,228.18929,-0.5318537,2.1473281,-22.396826,-9.707604208825975,10.853280992756325,53.91535632256519,14.561294165799326
1336159605,43.470892536760054,-80.53131503172237,-3115.7583748495804,337.46646,228.78503,-0.5673611,2.0535257,-22.533548,-9.469931506670978,10.811718655132118,53.999107444326675,14.372642868267878
1336269902,43.47088344595499,-80.53130026503949,-3121.6990800971885,337.3702,229.91472,-0.5557478,2.007049,-22.629786,-9.118969921579549,10.834773614889212,53.83405394912472,14.161494685116114
1336422263,43.47087113017618,-80.53127984056165,-3129.8969122195904,337.236,230.2919,-0.54788613,1.9431078,-22.764015,-8.967444743116173,10.798232199763717,53.74276668431252,14.036270297370875
1336823297,43.470863083707705,-80.53126649310641,-3135.270097301069,337.20227,230.28099,-0.57074624,1.9149048,-22.797716,-8.957328701213665,10.781876311153484,53.73185081478998,14.017224912606588
1337013062,43.470847992275274,-80.53124111623377,-3145.4538805660454,337.13803,231.05347,-0.56505376,1.8802825,-22.86196,-8.778623515948102,10.861404337053044,53.760220168297245,13.965469380142999
1337238414,43.47084015102879,-80.5312276398351,-3150.836304471046,337.11176,231.27591,-0.5467211,1.8562542,-22.888258,-8.728875588207854,10.886034922170117,53.82423905000429,13.953459261456219
1337385669,43.470830933353916,-80.53121148272453,-3157.2683562040984,337.0672,231.92393,-0.51386356,1.8366169,-22.932787,-8.574135346920304,10.944412798192,53.919703349948044,13.903092046179403
1337487285,43.47082318115527,-80.5311975045636,-3162.748863078192,337.02374,232.78831,-0.44366714,1.8394388,-22.976255,-8.474714181611494,11.160296709709572,53.916597880567316,14.013315207643096
1337667372,43.470815583523674,-80.53118363516151,-3168.1513835880064,337.00357,232.95032,-0.41551918,1.8503428,-22.996428,-8.457683492372034,11.203497239812208,54.02520509814665,14.037476997652469
1337976536,43.470801293955276,-80.53115680548885,-3178.478050624285,336.96564,233.92737,-0.36458993,1.8271173,-23.034363,-8.32125989774592,11.422752374541021,54.29380549268797,14.132325997369186
1338315326,43.470788579014766,-80.5311323423338,-3187.796622927193,336.938,234.54433,-0.31637475,1.8146669,-23.062025,-8.270554230416097,11.613883297402648,54.51299655277804,14.257782174095023
1338598180,43.470774957707405,-80.53110597255471,-3197.831960110955,336.89996,234.60312,-0.38125098,1.7678734,-23.100021,-8.237782558685659,11.593025832101459,54.635214396918585,14.221789951618515
1338901184,43.47076758309832,-80.53109168066541,-3203.2982075179434,336.88898,234.58362,-0.3951493,1.7426927,-23.111038,-8.209414833101325,11.544776131663525,54.66247406988428,14.166027948305478
1339110441,43.470752951327505,-80.5310633701396,-3214.1110421736453,336.86652,234.60179,-0.3988295,1.7347331,-23.133484,-8.223307568260385,11.572082509002113,54.75985299478424,14.196333363138567
1339211781,43.47074547210326,-80.53104879978416,-3219.655589524487,336.84097,234.77817,-0.33868125,1.7510366,-23.159018,-8.208489463735326,11.62686562882372,54.72518695058011,14.232473559679507
1339335846,43.4707363033049,-80.5310309231934,-3226.4570707070634,336.81668,234.72234,-0.3518679,1.7652684,-23.183315,-8.230043451086344,11.633319417114004,54.851715750354224,14.25018371346036
1339486046,43.47072520558017,-80.53100924270089,-3234.706647751248,336.789,234.82297,-0.2876888,1.7769141,-23.21101,-8.223119806727178,11.666946045806828,54.91974438141266,14.273658584664142
1339608957,43.47071782877015,-80.53099480696652,-3240.2065462820906,336.7784,234.8461,-0.2923881,1.7470721,-23.221588,-8.211864917417676,11.660972050129635,54.99898530842367,14.262292753124225
1339733442,43.470708608256444,-80.53097691369072,-3247.053007678026,336.75577,234.61668,-0.34316486,1.7358762,-23.244238,-8.244715207279063,11.608600112536111,54.98099546155383,14.238501516027311
1339959394,43.470701226835956,-80.53096253254415,-3252.551976801216,336.7423,234.72699,-0.32582822,1.714745,-23.2577,-8.216997284837255,11.616876834721781,54.98969123189741,14.22922597234714
1340197889,43.47069140949637,-80.53094338821685,-3259.873452244697,336.71524,234.75537,-0.31373572,1.6797528,-23.284758,-8.192428082196404,11.594319762528766,54.90208990873428,14.196623846454669
1340369378,43.47068405545709,-80.53092894346429,-3265.370841833978,336.703,234.94629,-0.2812789,1.6875151,-23.297,-8.186516518667608,11.668256816816658,54.973895892806134,14.253675661162141
1340552424,43.47067671600725,-80.53091450567202,-3270.870704397271,336.68958,234.98679,-0.2765152,1.6584253,-23.310421,-8.170275568706243,11.662634395233422,54.998625632930285,14.23974873041936
1340675304,43.47066937450683,-80.53090011213037,-3276.3657005707455,336.678,234.89656,-0.30961302,1.6530551,-23.321993,-8.172558262202054,11.626889401685895,54.949961734746616,14.211800227561701
1340799132,43.470660256284916,-80.53088224829968,-3283.170324974852,336.65775,234.89047,-0.27068406,1.7006983,-23.342243,-8.198768282874664,11.661544427020516,54.992767170362605,14.255224297766935
1340923982,43.470652869532856,-80.5308677770075,-3288.667505242474,336.64832,234.87613,-0.25725675,1.7247747,-23.35167,-8.22293238682534,11.689695119511832,54.97180267622036,14.292151308513349
1341060388,43.47064553614025,-80.53085326791344,-3294.175298416573,336.63806,235.14151,-0.23431256,1.7058897,-23.36195,-8.163532650294925,11.720230921157997,55.07793174098834,14.283104640717974
1341184151,43.470636455031595,-80.53083527252588,-3300.9928010578556,336.61545,235.24184,-0.21062882,1.6952864,-23.384539,-8.160177172378148,11.759270411671595,55.101070370520986,14.313243241816878
1341299631,43.47062915636458,-80.53082063701613,-3306.505006114926,336.6043,235.50131,-0.17135566,1.693539,-23.395699,-8.124876125816556,11.822347633146569,55.12205057070476,14.345086811129102
1341481724,43.470616150477724,-80.5307936645466,-3316.5744737332425,336.58188,236.72147,-0.10287936,1.6792244,-23.418129,-7.892110724743592,12.02440280474444,55.35241002507585,14.38303425923608
1341675782,43.47060238001028,-80.53076464831997,-3327.2919419365276,336.55164,236.84494,-0.03722546,1.6928155,-23.448359,-7.913498646010525,12.113816610726703,55.17010576010337,14.469554716670745
1341848072,43.47059009557075,-80.53073872687777,-3336.801365724954,336.5379,237.1261,-0.038192265,1.705022,-23.46209,-7.898098715488705,12.220809372395847,55.152660414796664,14.550881246029139
1341971714,43.47058302087401,-80.53072362613702,-3342.3125097860525,336.52472,237.15231,-0.053853597,1.6797906,-23.475277,-7.875552409636164,12.198154346428913,55.111440610987586,14.519617598829129
1342087198,43.470574902744225,-80.53070612014015,-3348.6834938562542,336.48816,237.63983,0.023790758,1.6613117,-23.511847,-7.784890809930867,12.285896589726098,55.15582371265406,14.544682187520959
1342212211,43.4705661415392,-80.53068706307344,-3355.5848488592414,336.4668,237.76111,0.033611238,1.6764358,-23.53319,-7.796464108771294,12.361955239478284,55.23892917918969,14.615156172351481
1342475056,43.47055921819484,-80.53067159974718,-3361.1065239443215,336.45993,238.3251,0.05993269,1.6736689,-23.540075,-7.707066941789626,12.49104553441806,55.21675085079812,14.677366909229049
1342683923,43.47055233876828,-80.53065608634485,-3366.6307425915084,336.44876,238.5703,0.08707952,1.658606,-23.551243,-7.6581776499260625,12.531496242407345,55.24218647186673,14.686254900119923
1342984336,43.47054546143095,-80.53064041109026,-3372.1528688973767,336.4394,238.84198,0.118406564,1.6800979,-23.560616,-7.655851907534778,12.662238105241501,55.22126305868462,14.796767966820788
1343146016,43.470538591491305,-80.53062463782526,-3377.662028146454,336.42496,239.02708,0.16101877,1.6959665,-23.57503,-7.647616817449887,12.74140945069739,55.09159249077311,14.860335049280117
1343299983,43.4705317700755,-80.53060885588661,-3383.192422944243,336.41873,239.21983,0.18207803,1.6676526,-23.581266,-7.593600071523864,12.74841588763109,55.303947977890296,14.8386276215239
1343417614,43.47052379324245,-80.53059016739769,-3389.700356611777,336.39307,239.57019,0.20530847,1.6409197,-23.606949,-7.537027170745872,12.831253329893434,55.36427214547411,14.881123633263142
1343585648,43.470512496055136,-80.53056329644569,-3399.024950960721,336.35687,240.07578,0.307392,1.63829,-23.643127,-7.474848191939586,12.986453764733364,55.573007836308385,14.984036067632106
1343823453,43.470504711073204,-80.53054455938995,-3405.5209646169287,336.34302,240.22752,0.3009876,1.6294477,-23.656988,-7.425262387853454,12.979691745519482,55.73331428020511,14.953491877724673
1344073862,43.47049380044384,-80.53051820686268,-3414.6346601078744,336.3215,240.28192,0.2999773,1.6621873,-23.678503,-7.4368395921618085,13.028615883070591,55.80428455879609,15.001713733708716
1344222470,43.47048555038905,-80.53049819771876,-3421.5450353969773,336.30765,240.42987,0.33002788,1.6713349,-23.69236,-7.418022548444207,13.07394837462704,55.880048483405396,15.031805767493129
1344386854,43.47047891481975,-80.53048202973629,-3427.139941763657,336.29645,240.50806,0.33676094,1.6425552,-23.703568,-7.386715739008568,13.060256362679395,55.94906366680075,15.004461525420513
1344685893,43.47046661331149,-80.53045189436362,-3437.549410901166,336.27484,240.67047,0.3512919,1.6187246,-23.725155,-7.348731144443549,13.079484985777826,55.90670797391212,15.002559012598557
1344879405,43.47045999270034,-80.53043559370835,-3443.139264663783,336.2667,240.76341,0.3735705,1.6292826,-23.73331,-7.370064330124991,13.167427491829748,55.898537626165776,15.08969830655254
1345247680,43.47044881422466,-80.53040784388072,-3452.6010472379858,336.24323,241.12137,0.40336698,1.6651294,-23.756788,-7.3342672897573005,13.297722007173585,55.92826359636192,15.18620713863974
1345348015,43.47044218280726,-80.5303912956992,-3458.1933393096333,336.23636,241.09045,0.41060114,1.6856588,-23.763645,-7.382093846126625,13.367375520742861,55.92292071647577,15.270299206812423
1345566430,43.470429300121424,-80.53035885614672,-3469.1585333129215,336.1975,241.34204,0.42181623,1.6143384,-23.80249,-7.312775849225822,13.380354792711993,55.99311307040333,15.248297773845815
1345677027,43.47042207254523,-80.5303406684653,-3475.3471054577167,336.171,241.35611,0.4340829,1.5983112,-23.829014,-7.262665841454546,13.29643245373289,55.947594309004664,15.150624776599543
1345922464,43.470415731582854,-80.53032409074963,-3480.960723643184,336.16382,242.20547,0.42374805,1.5378774,-23.83617,-7.058759317756544,13.391232772123812,56.136181854670724,15.137740857314794
1346022577,43.47040943429531,-80.5303075066774,-3486.5850672305933,336.14087,242.41292,0.43507484,1.5029572,-23.859121,-7.004183579634308,13.40512859901685,56.22509041903513,15.124683810691657
1346311336,43.47040312817348,-80.53029075221559,-3492.1956628662015,336.13034,242.58461,0.46561065,1.5087452,-23.869663,-7.0199748248327225,13.53400568634894,56.10595635608169,15.24628992441803
1346461243,43.470393876224854,-80.5302654370959,-3500.6313795255014,336.1215,243.58502,0.49928668,1.4609356,-23.87852,-6.803304267792939,13.696182172874888,56.280738192685114,15.292820376658634
1346680007,43.47038605633014,-80.53024375689199,-3507.8467998311785,336.10458,243.56804,0.50808114,1.513688,-23.895422,-6.816022487748248,13.711578683063273,56.55802007445604,15.312268040212887
1346823930,43.47038004396451,-80.53022686325089,-3513.5329503373805,336.09622,243.87411,0.49541375,1.4765862,-23.90378,-6.692965423269612,13.646432645176153,56.86150506201887,15.1993720296732
1346926157,43.47037406919277,-80.53021015490695,-3519.2331883647466,336.08743,243.7662,0.462856,1.4585844,-23.912577,-6.651115900144238,13.496752346794045,57.00238027366357,15.046583221045303
1347201187,43.47036804354775,-80.53019351074792,-3524.9177045279052,336.07776,243.4851,0.43392584,1.4746567,-23.922232,-6.707748035098119,13.444904726533931,56.845161631585256,15.025290240389271
1347361616,43.47035826985724,-80.53016698458447,-3534.04323224759,336.03824,242.80229,0.3374045,1.5024186,-23.961758,-6.842888220466059,13.31613069462523,56.88868808500339,14.971454701335249
1347461616,43.47035207381623,-80.53015071891116,-3539.73560695416,336.02612,242.30269,0.3152188,1.5007888,-23.973875,-6.897432858104383,13.139169574731515,56.92374706570167,14.8395538054757
1347612715,43.47034269872688,-80.53012628703081,-3548.297296414567,335.9905,242.05356,0.27942574,1.4940131,-24.009485,-6.9371990380008235,13.076445631502718,56.737144312439675,14.802640333619069
1348076240,43.470330872530255,-80.5300959841366,-3558.9678572004113,335.97464,241.82645,0.2675885,1.4970655,-24.025354,-6.974826519573166,13.022426978906836,56.92619778883076,14.772671031303098
1348188756,43.470324590773444,-80.53008001205879,-3564.6552698407054,335.96246,241.54243,0.24037798,1.493542,-24.037527,-6.992851677800775,12.902007481244103,56.87412640294045,14.675209423848095
1348359838,43.47031835191892,-80.53006410922985,-3570.354564322562,335.9499,241.6026,0.22590671,1.4646394,-24.050116,-6.945092857046726,12.846069283523033,56.992944818568674,14.603280824187264
1348477314,43.47031213225881,-80.53004832402254,-3576.0548812563884,335.9394,241.49838,0.19577867,1.4439281,-24.060606,-6.923725635327781,12.751056269952272,57.00316933826352,14.509562800883568
1348600648,43.470305994136965,-80.53003257165771,-3581.7485782506355,335.91882,241.76459,0.20108028,1.4160286,-24.08117,-6.8329572399674126,12.72452660234242,56.936969942473496,14.443091147567511
1348724845,43.47029841858266,-80.53001305412026,-3588.808096951413,335.87726,241.85023,0.20108765,1.3716022,-24.122746,-6.772731016521143,12.657724049456426,56.81549163773481,14.35576063935085
1348999898,43.47028714258451,-80.52998385506318,-3599.5021327059426,335.8136,242.13309,0.18348499,1.322373,-24.18641,-6.612005750438988,12.505365347710425,56.8670662531894,14.145769067942362
1349162021,43.47028137808573,-80.52996851204132,-3605.185089299282,335.77222,242.62671,0.18179488,1.2939636,-24.22779,-6.4170400387350925,12.393865426977213,56.829565933396076,13.956586369193232
1349285146,43.470275754551274,-80.52995327047125,-3610.8578295730103,335.72668,243.04848,0.18052922,1.2709925,-24.273325,-6.260118554243782,12.311914176613605,56.727402737283164,13.812035150747567
1349436527,43.47027026982566,-80.5299381120649,-3616.5407995665305,335.67627,243.49777,0.17465775,1.2397637,-24.32374,-6.105596552214503,12.244735758840386,56.82969993520069,13.682538619066204
1349548287,43.470264970276915,-80.52992301734132,-3622.2329258990862,335.61774,244.181,0.19320832,1.2174376,-24.382257,-5.899457667620584,12.193293754140365,56.921263325559316,13.545479443224066
1349712689,43.470257783103484,-80.5299021592639,-3630.1838430917815,335.50195,244.72775,0.16844636,1.1403556,-24.498056,-5.673017663006115,12.01642818706796,56.85165393956437,13.288253300556125
1349899079,43.470252900350815,-80.5298873593339,-3635.8664305019006,335.43442,245.55081,0.18800813,1.1214385,-24.565586,-5.4354802724427795,11.955163872072498,56.825874101192994,13.132798216687187
1350024494,43.470248206507925,-80.52987282706702,-3641.562224080256,335.3681,246.00543,0.16035782,1.0877284,-24.631884,-5.225185904807719,11.738949577641076,56.957935783553694,12.84933869606529
1350210937,43.470239933005594,-80.52984607181607,-3652.2180268150287,335.09152,247.42885,0.1506925,0.966445,-24.908466,-4.805109152739432,11.559936102066183,57.14512372927024,12.518833677846885
1350334263,43.470234910313465,-80.52982850147485,-3659.259367165016,334.95786,248.70349,0.16891144,0.89280903,-25.042141,-4.483464275986901,11.501561267874685,57.09236527341445,12.344527674752317
1350446601,43.47023108556757,-80.52981426807821,-3664.9916130845236,334.88693,249.67966,0.17906982,0.8532697,-25.113066,-4.257707130440405,11.497526632417102,57.32245919507327,12.260554174740374
1350615595,43.470227432962844,-80.52980023727895,-3670.7344013128713,334.8162,250.26431,0.17809376,0.82871234,-25.183794,-4.06607958518622,11.333871484192684,57.42788228347692,12.041164645218677
1350747257,43.470222820729695,-80.52978171891303,-3678.2869175742703,334.67557,251.225,0.23846735,0.8260829,-25.324429,-3.885577512873789,11.43016407334754,57.366597429756546,12.072545852147147
1350886198,43.47021950844022,-80.52976779184183,-3684.0216318236753,334.60242,251.85333,0.23236845,0.8052324,-25.397594,-3.6872406447850237,11.25008148129671,57.347142494051056,11.838922117674812
1350987191,43.470216303222614,-80.5297538170344,-3689.8119880366658,334.37683,252.81458,0.24744715,0.7073367,-25.623163,-3.4486815195607026,11.15093086349028,57.31279384582157,11.67204623644456
1351305521,43.47021342972364,-80.52973994253401,-3695.5767246723635,334.30362,254.07066,0.2673589,0.6809166,-25.696388,-3.198779058547283,11.207615574711966,57.647366356978246,11.655163419528996
1351422921,43.47021078798159,-80.5297262168548,-3701.3560719069824,334.23132,255.1451,0.2634064,0.6486362,-25.768684,-2.940787252661758,11.087400027153395,57.79347234618959,11.470774560923905
1351579989,43.470206987719195,-80.5297052699859,-3710.296102691672,334.02274,256.10507,0.24004968,0.55174536,-25.977262,-2.692080382684373,10.882327397237747,57.836923913946464,11.210367806968035
1351860935,43.470203346459805,-80.52968413264466,-3719.392276572481,333.87973,256.7126,0.26567233,0.49959752,-26.120272,-2.5642075896794667,10.858029391935224,57.815672745659164,11.156700356247764
1352004665,43.47020135565859,-80.52967069766187,-3725.179845165683,333.80954,258.45856,0.2952765,0.490296,-26.190449,-2.2161599088723163,10.852579777596981,57.87568593202242,11.076545155002073
1352137474,43.470198775262645,-80.5296530024021,-3732.9002557028944,333.68643,258.62717,0.21756543,0.45662448,-26.313555,-2.163342876897208,10.75529481089793,58.16245709140462,10.97070730957443
1352261388,43.47019698952575,-80.52963969236872,-3738.7223162112,333.63675,259.52484,0.22463185,0.43242556,-26.363245,-1.987882309968693,10.751647498337512,58.22060508305859,10.933873970683663
1352379675,43.470195463396976,-80.52962634878858,-3744.538520272353,333.58386,261.04303,0.27104485,0.41993105,-26.416122,-1.698886557656182,10.77874606658094,58.162040611525846,10.911809304767884
1352686474,43.47019386344794,-80.52961289826926,-3750.354399899787,333.53317,260.6906,0.29324338,0.45843676,-26.466831,-1.7810632679579788,10.865129948155614,58.158796274340254,11.010142376680566
1352987730,43.47019105050342,-80.52958649889686,-3761.581658985747,333.4002,262.41095,0.36259776,0.43360615,-26.599783,-1.488743386596868,11.173907627593904,58.68110444783331,11.27264691814381
1353399059,43.47018974228998,-80.52957245606207,-3767.4689759944204,333.37527,262.68433,0.35444427,0.43726113,-26.62472,-1.4563032078270433,11.343593608990215,58.87317008673603,11.436692485113474
1353512169,43.47018829983613,-80.52955638089408,-3774.1268715719652,333.29254,263.03494,0.42605573,0.4722287,-26.70747,-1.407226017300427,11.518998302539927,58.86886598973316,11.604637304012778
1353736826,43.47018718957393,-80.52954181509662,-3780.007382163779,333.2662,264.00345,0.46313512,0.46157968,-26.733809,-1.2359438855168832,11.766035085736718,58.805105918132234,11.830770850918126
1353923936,43.47018612691557,-80.5295269738366,-3785.8947150142467,333.25092,264.3647,0.5093376,0.48661175,-26.749094,-1.1829512759872878,11.988549653296879,58.87332850467662,12.046771206880482
1354112293,43.470184975876826,-80.52951211762468,-3791.772005356622,333.2306,263.9055,0.51636165,0.5323884,-26.7694,-1.2813363325360037,12.000627580293592,58.772903423747614,12.068839427135488
1354423881,43.470183669769625,-80.52949731101532,-3797.6814886009433,333.222,263.06897,0.48992547,0.5411757,-26.778008,-1.4539585353456583,11.960559369342999,59.094832443212326,12.048608876135166
1354575417,43.47018155184077,-80.52947464845201,-3806.6362601176816,333.19302,262.64352,0.5250898,0.5778434,-26.806982,-1.560057078713473,12.083642657319931,59.09970440442432,12.183931958060414
1354700121,43.47017985235393,-80.52945580145688,-3814.0005180430735,333.15482,263.034,0.59020185,0.5952042,-26.845179,-1.4938084622779104,12.22605438465826,59.03921531963685,12.316974853371853
1354822050,43.47017802619963,-80.5294373039621,-3821.1975669381836,333.12576,262.1584,0.57982534,0.6268775,-26.874243,-1.692638583268489,12.290168865637908,59.08798468930477,12.406178949195619
1354979310,43.470176507286155,-80.52942186363863,-3827.0864311490395,333.11453,262.27966,0.6003043,0.6344977,-26.885479,-1.6908544832354941,12.472464224703382,58.88864210856207,12.586554441942534
1355223945,43.47017396028581,-80.52939541844401,-3837.0205238079798,333.09396,262.4982,0.6127509,0.65598446,-26.906036,-1.681854684636683,12.771839452792488,59.12564294435882,12.882100690032704
1355497522,43.47017253361167,-80.52937946215371,-3842.9504056305423,333.08066,262.9756,0.64459485,0.6525942,-26.919346,-1.588173666418237,12.889254570637025,59.2988182256282,12.986730881226105
1355784945,43.47017036174257,-80.52935334778557,-3852.5358034152405,333.0269,263.6379,0.71867496,0.6821046,-26.973116,-1.4693878607333084,13.178591487016524,59.59393774787179,13.260255437469324
1356089067,43.470168791547884,-80.5293338316358,-3859.5918791793365,333.00192,263.68237,0.7608481,0.7074249,-26.99808,-1.4747130283455203,13.320176502151773,59.515147053616175,13.40156261651783
1356237929,43.470167226942785,-80.52931347490815,-3866.9303519732375,332.98392,263.94083,0.72800714,0.70323694,-27.016083,-1.415448853792326,13.334592018521535,59.51289077863713,13.409505574707826
1356523741,43.470165030936016,-80.52928405085649,-3877.3371341584716,332.96603,264.34525,0.7580608,0.7076209,-27.033953,-1.3537287524133759,13.671851341309265,59.35487013929527,13.738708113719085
1356679678,43.47016298947337,-80.52925742380997,-3886.5911612078553,332.95096,263.70245,0.7916027,0.75953555,-27.04905,-1.5253513413948165,13.821853144580386,59.377360611322004,13.90576574896333
1356779893,43.47016159544108,-80.52924024562746,-3892.5586520913357,332.94562,263.6189,0.80265445,0.7721208,-27.054392,-1.5518367515814306,13.876280966897175,59.67490883480761,13.962785208397056
1356922958,43.4701603320161,-80.52922302455306,-3898.525955042881,332.92993,264.2268,0.83356905,0.7440571,-27.070082,-1.406444680112216,13.910928400273168,59.67302951545232,13.981845929480933
1357024311,43.470158907088425,-80.52920584964852,-3904.5002386810947,332.93076,263.47748,0.8062634,0.7692152,-27.069235,-1.5862294870086775,13.873633083477355,59.7428363821425,13.9640187238636
1357204581,43.47015681635006,-80.52918234416035,-3912.662233020751,332.9097,262.81055,0.7935358,0.7725722,-27.090292,-1.758034586415527,13.93687181234091,59.85154838762813,14.047315811949833
1357335379,43.47015471943113,-80.52915959825837,-3920.4807234730097,332.89624,262.76422,0.8566407,0.7893554,-27.103754,-1.7835954383836672,14.048033735662685,59.77311040075402,14.160807340195682
1357460991,43.47015316187674,-80.52914205131681,-3926.4656926655616,332.8874,263.02588,0.8844152,0.7879509,-27.112617,-1.7338695460009126,14.174159064047513,59.849691925518016,14.279814031543607
1357577597,43.470151376136855,-80.52912167626374,-3933.465777295786,332.8711,263.07544,0.8764929,0.7850511,-27.128916,-1.7182750265758326,14.148195991097783,60.06157599813262,14.25215488512069
1357824890,43.47014980510901,-80.5291040018706,-3939.4519536337775,332.86746,263.01636,0.89490503,0.7997323,-27.13253,-1.7488681949632578,14.277112548967551,59.86176337991483,14.38382712282238
1357979690,43.47014732427582,-80.52907639473109,-3948.6993775388173,332.86108,263.024,0.9481769,0.84237534,-27.138903,-1.7679232724032063,14.44855016229204,59.69740016720906,14.556309782680987
1358135984,43.4701448949648,-80.52904826261666,-3958.0515720746725,332.86487,263.33087,1.0113493,0.86400276,-27.13512,-1.7101203929413404,14.625529946571183,59.90214859128917,14.725170218928007
1358248487,43.470143446722055,-80.52902999972102,-3964.0349437873238,332.85873,263.76334,1.0549103,0.85896087,-27.141264,-1.6121838195493015,14.752496145940299,59.83371712651175,14.840326115149894
1358366329,43.47014202236449,-80.52901154139455,-3970.0457457754173,332.85223,263.92987,1.0861344,0.8725363,-27.147766,-1.5855948389524872,14.910362269465956,60.10801988094034,14.994432766864731
1358488069,43.47014035624005,-80.52898894608157,-3977.3470232914215,332.8609,264.22998,1.1304014,0.8857498,-27.139086,-1.521738853874413,15.05963822610991,60.01099564173931,15.136326920382695
1358686657,43.47013837739858,-80.52896341189972,-3985.5637367030668,332.85504,263.8635,1.1077218,0.92389274,-27.144947,-1.6238000442703915,15.103188493705341,60.18328717741768,15.190228084534015
1358847697,43.470136944887564,-80.52894432112312,-3991.6109135629495,332.85437,264.0962,1.1242268,0.91748065,-27.145641,-1.5946712595396768,15.421246108161286,60.471768598823374,15.503477285902072
1358960627,43.47013548554204,-80.52892520027397,-3997.653309419936,332.85892,263.9958,1.1269623,0.94967574,-27.141092,-1.6245434353749089,15.445538264964048,60.42395856986633,15.530737061320957
1359083172,43.47013357966116,-80.52890166440876,-4005.05424792162,332.87067,263.5846,1.1379259,1.0209689,-27.129328,-1.7491037738650026,15.55589367917463,60.39374810325086,15.65391938683517
1359307640,43.47013214639403,-80.52888223672556,-4011.097122211321,332.86533,264.19482,1.1734873,1.0003432,-27.134668,-1.5955129670231036,15.693394260430958,60.428742897009656,15.77429190300681
1359428139,43.47013063701865,-80.52886256840861,-4017.1352625006357,332.8674,263.96304,1.1886756,1.0360963,-27.132586,-1.6802366686753418,15.887774630029671,60.381402893148824,15.976375620189195
1359562636,43.47012900009298,-80.52884280033723,-4023.163165038696,332.8662,263.48987,1.1740857,1.0528029,-27.133781,-1.8222256584810033,15.968354780688978,60.27902538060509,16.071989943761757
1359674379,43.470127171172884,-80.52882067808227,-4029.8898353435698,332.87503,263.5105,1.1755586,1.0532795,-27.124979,-1.8192089313983089,15.99307309680589,60.18480456095191,16.09620788309643
1359798707,43.470125045317864,-80.5287959232113,-4037.3792653460387,332.8833,263.17514,1.1856767,1.090184,-27.116701,-1.929344994918716,16.120483258621068,60.23461918720457,16.23552748144944
1359922901,43.470122788796886,-80.52877100824995,-4044.8770054138913,332.8853,262.8299,1.2110375,1.1358291,-27.11467,-2.0416384922337985,16.22937060359752,60.382196368182086,16.357284552207496
1360198854,43.47012015642776,-80.52874341405402,-4053.145181135388,332.8948,262.43127,1.2061882,1.1842306,-27.105207,-2.1676284234004064,16.313551469745907,60.490899209119746,16.456930896676397
1360336889,43.470117893121284,-80.52872066573525,-4059.9140038675996,332.9042,262.16638,1.2202201,1.2402668,-27.095787,-2.2557939600423387,16.39618323283274,60.35124409439481,16.550632344257696
1360480145,43.4701157981902,-80.5287002494393,-4065.962115401425,332.9093,261.95135,1.2352176,1.2712864,-27.090698,-2.332077280445648,16.491980967973053,60.481115338249275,16.65605057298867
1360700578,43.47011291641459,-80.52867304025513,-4073.9883921299133,332.92413,261.66888,1.2375981,1.3131268,-27.075863,-2.433131106597361,16.61531935791604,60.61341071103924,16.792527038758376
1360890687,43.47011063277921,-80.5286520493529,-4080.048692123539,332.92627,261.47345,1.2562946,1.3334126,-27.073732,-2.542142907769519,16.95613939195468,60.60299993625277,17.145645325939764
1361001672,43.470107986719526,-80.52862864324257,-4086.7782917761533,332.95273,260.95837,1.2284678,1.4103397,-27.047268,-2.7175483516052488,17.077623466552335,60.633546817418804,17.29249236832711
1361386094,43.470103065039716,-80.52858806688079,-4098.3514779162615,332.9698,260.34592,1.22617,1.4860662,-27.03022,-2.942270829740529,17.296423523371693,60.79719145061645,17.544891687764494
1361688144,43.470100268370835,-80.5285665088725,-4104.431943260871,332.97824,259.86395,1.2289273,1.5131906,-27.021748,-3.113251795609562,17.414239254999696,60.804653446091656,17.690338198384975
1361812735,43.470097310090814,-80.5285450707431,-4110.50992494646,332.98978,259.23294,1.2071882,1.5366585,-27.010231,-3.2931573203842754,17.317402866054717,60.77981685589144,17.627743110280473
1361937526,43.470094212757274,-80.52852356504306,-4116.593598085967,332.9996,258.77396,1.1872691,1.5632242,-27.0004,-3.4479516967772397,17.37198543315478,60.836731395065264,17.710851159474267
1362212358,43.47009101736702,-80.52850195304666,-4122.6676055456965,333.00482,258.4834,1.189723,1.5953773,-26.995178,-3.5571084356082467,17.457850061949514,60.74007459729309,17.816552674639
1362348933,43.470086479623646,-80.52847238956113,-4130.961592777121,333.0148,257.91974,1.1796162,1.6523358,-26.985197,-3.74352155100992,17.49136933200794,60.74920932213457,17.88748039025015
1362499522,43.47008292916089,-80.52845064995904,-4137.032710758939,333.0233,257.31598,1.1698209,1.682456,-26.97671,-3.952375139738895,17.560928033290075,60.71117981817965,18.000207294240234
1362611354,43.470079301068075,-80.52842884306725,-4143.10138148442,333.02704,257.08655,1.170945,1.7106011,-26.972967,-4.038792919818853,17.61528365909095,60.68670725480495,18.07235642187857
1362747247,43.47007429414965,-80.52839913742167,-4151.347314488319,333.02765,256.86813,1.1844705,1.760817,-26.97234,-4.121875274288987,17.668170978876994,60.66700575608926,18.14260514688081
1362847848,43.47007050316698,-80.5283771642758,-4157.4514486012,333.0353,256.5648,1.1293534,1.7969362,-26.964684,-4.213519058601752,17.63840914184589,60.674976491129996,18.134696576241712
1362960981,43.47006618917787,-80.5283524322478,-4164.320723170158,333.03268,256.4607,1.1328245,1.8467547,-26.967329,-4.256451870222029,17.67595030165052,60.7375479646436,18.181215624647756
1363061637,43.470062298625976,-80.52833040528627,-4170.393518273473,333.03357,256.31982,1.1501197,1.8753866,-26.96643,-4.330962374091194,17.79305272614002,60.72795103315179,18.312562911864422
1363272431,43.47005481789831,-80.52828927014775,-4181.678899032995,333.03726,255.805,1.1275028,1.9197494,-26.962742,-4.550266991222119,17.9890705328803,60.82041653068331,18.555634948132276
1363385262,43.470050633030674,-80.52826698001638,-4187.7752067981555,333.0412,255.49397,1.1087335,1.9450618,-26.9588,-4.658594651021239,18.005637413469223,60.96307765160804,18.598534425804804
1363547441,43.47004378065517,-80.52823032262647,-4197.6614882863905,333.04578,255.55753,1.1545509,1.9795417,-26.954226,-4.716142431240101,18.311805789439017,60.94207379703725,18.90936886048489
1363723787,43.4700394043777,-80.52820751305595,-4203.754818357214,333.0531,255.18979,1.1514676,2.0071917,-26.946905,-4.871672076598808,18.4252326608739,60.93330070824017,19.05839414613012
1363912386,43.47003204153606,-80.52816977933593,-4213.76012234498,333.05597,254.92047,1.1681294,2.0518186,-26.944038,-5.003600949585596,18.570550904852386,60.88871031763993,19.232820473669683
1364098076,43.47002350230432,-80.52812688906509,-4225.055532855832,333.06903,254.58038,1.1409299,2.1320393,-26.930973,-5.163580753678187,18.721234980613403,60.739622298779494,19.420278200867738
1364222845,43.47001769283329,-80.52809777918391,-4232.600032686321,333.06717,254.63858,1.1656513,2.1801717,-26.932817,-5.204263769364727,18.94378076996496,60.623926358153795,19.645640514923826
1364561051,43.47001306830703,-80.52807422715614,-4238.6549330027465,333.06256,254.85876,1.2277929,2.1767564,-26.937428,-5.148022620663047,19.024978611082698,60.54900316425573,19.70918435793355
1364847783,43.47000555608021,-80.5280358994184,-4248.432338062093,333.03876,255.1966,1.2599291,2.1755805,-26.96123,-5.072122229484579,19.192606577685982,60.53407232253594,19.85151306970496
1365049649,43.46999685997814,-80.52799076851959,-4259.857207135075,333.01932,255.048,1.2867246,2.1956027,-26.980673,-5.166163327204699,19.345193803574798,60.59382283555348,20.023130794689013
1365175197,43.4699921483999,-80.52796660918133,-4265.898885808988,333.01752,254.95686,1.324406,2.2198467,-26.98249,-5.244928890648407,19.515555008217778,60.41678673912768,20.208071811697728
1365297551,43.46998636218128,-80.5279367937637,-4273.297478498954,333.01373,255.02628,1.334882,2.2048013,-26.986269,-5.2838778327510845,19.75594010699966,60.507955047767524,20.450343138020838
1365432524,43.469979876419764,-80.52790377787491,-4281.484737979925,333.01797,254.83188,1.3296286,2.2435405,-26.982018,-5.374267485866231,19.824173360885897,60.68880908351735,20.539732239055528
1365580349,43.46997301701072,-80.52786727924003,-4290.490744212464,332.99557,255.71307,1.4122838,2.1927252,-27.004414,-5.08514010565718,19.96882627845486,60.934504469130474,20.606131923126
1365800501,43.469965237185,-80.52782434206344,-4301.065450861734,332.96545,256.0199,1.4875326,2.128759,-27.034534,-4.986816115169473,20.030648055904912,61.11840132857413,20.64207345462275
1366061281,43.469960797752584,-80.52779946857525,-4307.198759351834,332.9627,256.1817,1.5023098,2.1165993,-27.037277,-4.941976167672049,20.092434727738702,61.33308490100374,20.691279847565706
1366237358,43.46995642087544,-80.52777460262097,-4313.332328021164,332.95505,256.36514,1.5224472,2.0861385,-27.044962,-4.872339632380553,20.08634896229588,61.3356866933033,20.668843899173243
1366387112,43.4699499797553,-80.52773714840923,-4322.515058990934,332.9383,256.59845,1.5739839,2.1059928,-27.061705,-4.816920517568219,20.216913660246465,61.33343884091992,20.782837179231084
1366578743,43.469942562761595,-80.52769371907645,-4333.164800285679,332.91846,256.8083,1.565372,2.0402207,-27.081533,-4.739759699015361,20.221216453925198,61.46266746271221,20.7692781983608
1366761409,43.46993829310885,-80.52766852947829,-4339.323291719614,332.90768,256.8522,1.576204,2.040428,-27.092314,-4.752977442852521,20.347783679695524,61.584914339349496,20.895528116033546
1366913926,43.4699329975743,-80.527636737751,-4347.102578236652,332.89203,257.11432,1.5844089,2.0174732,-27.107983,-4.63862143278216,20.2765804370268,61.468987385962414,20.800397184089633
1367100779,43.469925461373975,-80.52758944851499,-4358.577530278987,332.8738,257.7511,1.6500473,1.9957906,-27.126192,-4.441579602973666,20.458581283920704,61.4171990670334,20.935166049504893
1367271951,43.46991864058447,-80.52754594462202,-4369.088493604976,332.8546,257.7475,1.6849419,2.0258632,-27.14537,-4.4631516346240785,20.55173266258231,61.45379676407051,21.030773593662698
1367382371,43.46991470228084,-80.52752047084644,-4375.2377691689,332.8443,257.97266,1.6940572,2.0023901,-27.155704,-4.384119597489726,20.57733798232455,61.49275563923363,21.039185894038535
1367664742,43.46991077074157,-80.52749512035261,-4381.395403572225,332.83322,257.936,1.6570265,1.9828137,-27.166765,-4.376589512922311,20.47775280376122,61.57634403325778,20.940221958149632
1367813259,43.46990485206985,-80.52745748250544,-4390.5503381888975,332.80017,257.6272,1.6282685,2.0434086,-27.199842,-4.497115300888583,20.500433906979826,61.703946314446156,20.987897379297774
1367949900,43.46989924336086,-80.5274226208041,-4399.016271998828,332.80066,257.39325,1.635232,2.012303,-27.199337,-4.616318004648563,20.640823855267367,62.0120108744915,21.150744699518665
1368187850,43.46989130156336,-80.52737530575692,-4410.569002651148,332.78058,256.85855,1.5933024,2.049013,-27.219425,-4.8057294823525405,20.583942313436115,62.257812649563135,21.13749552384147
1368380249,43.469887015244794,-80.52734984767908,-4416.80881559784,332.77036,256.93704,1.5923795,2.0167143,-27.229643,-4.771529819583238,20.564657581903695,62.39812946692056,21.110960145860755
1368498300,43.46988192008031,-80.5273198018195,-4424.170149301322,332.74982,256.8495,1.5767884,2.022997,-27.25017,-4.802153591184898,20.55390394808867,62.330574172777794,21.10743107582221
1368621973,43.469877600792096,-80.5272943902505,-4430.405521874336,332.74146,256.8168,1.5470315,2.0180612,-27.258537,-4.808231643913861,20.527088420252788,62.35372573013964,21.082705010373093
1368735176,43.46987265610926,-80.52726552370072,-4437.470714447367,332.71893,256.65057,1.5450974,2.0229774,-27.281063,-4.881196282482167,20.569645091198804,62.42439686276549,21.14086981006214
1368923001,43.46986545638596,-80.5272239639028,-4447.693392346633,332.69504,256.5631,1.4898576,2.0195174,-27.304964,-4.897795321822494,20.500259876454134,62.482867055244945,21.077216467470784
1369076784,43.469858558084155,-80.52718514701115,-4457.296200395334,332.68,256.1202,1.4412905,2.0508828,-27.320004,-5.023206725530222,20.328581651959468,62.38501357213246,20.940005677835792
1369261140,43.46985066962691,-80.52714169530671,-4468.124712739591,332.6526,255.88544,1.3841724,2.0595434,-27.3474,-5.082639046997587,20.21307807817307,62.54294181186028,20.842306616024658
1369386957,43.46984600738839,-80.52711659941222,-4474.372914631885,332.6408,255.63974,1.4116879,2.0947165,-27.359207,-5.190003915157484,20.272091235513532,62.48201892293407,20.925912732789808
1369548074,43.46983845388482,-80.52707630957937,-4484.433112072811,332.61823,255.47688,1.350459,2.0952597,-27.381779,-5.224878343306404,20.16952713477929,62.41655733459273,20.83528686010707
1369911762,43.469831164060764,-80.5270387645021,-4493.9182822637395,332.60278,254.86038,1.2799662,2.0990617,-27.397207,-5.373350754341858,19.859926261988694,62.38558345064701,20.574002271332976
1370170460,43.469821136954955,-80.52699040173147,-4506.3898853534365,332.58673,253.8323,1.2122349,2.1013434,-27.41327,-5.637132242596679,19.44405433565644,62.48434814340302,20.244715580330663
1370292662,43.46981487513586,-80.52696122166208,-4514.0251262450465,332.5575,253.39711,1.1249801,2.0920963,-27.442513,-5.736247449523827,19.238316165284317,62.50429563515963,20.07529187029689
1370562772,43.469804879053875,-80.52691740058316,-4525.664175649456,332.54257,252.38478,1.0696493,2.099585,-27.45743,-6.017224488442755,18.95123179233276,62.56201579028179,19.883565499955964
1370689902,43.46979785157175,-80.52688772752076,-4533.619344751823,332.5192,251.66167,1.0006772,2.126339,-27.480808,-6.228119538483998,18.78991672702686,62.58000994185386,19.795212643319847
1370813002,43.469790876798555,-80.52685921417631,-4541.33057074567,332.49728,251.32156,0.94733393,2.138587,-27.50273,-6.320764335330964,18.697057798106265,62.65698962049602,19.736565863607535
1371088498,43.46978298083924,-80.5268278687526,-4549.912538668486,332.4792,250.71895,0.8863576,2.1337366,-27.520803,-6.4577323801582205,18.45995880348568,62.7763956410617,19.556901250457148
1371349115,43.46977275460121,-80.52678874661298,-4560.7916180162865,332.4507,250.02782,0.80535203,2.1483195,-27.549273,-6.5951026476374786,18.147301488334517,62.71658113211416,19.308545523715217
1371523406,43.46976670572533,-80.52676645860092,-4567.046752123096,332.44067,249.4938,0.7749836,2.1565213,-27.559328,-6.7336086303412435,18.003925468488507,62.5513410680899,19.221935840635176
1371659876,43.46975817773551,-80.52673633253987,-4575.596416711654,332.41992,248.52765,0.70631444,2.1648636,-27.580063,-6.986682000923962,17.76185429010357,62.667007502440825,19.08657101746947
1371900636,43.469746132869325,-80.52669551939185,-4587.4224026075135,332.40408,247.63406,0.6428916,2.1563373,-27.595924,-7.151091214516158,17.37917496611843,62.611716862376404,18.792919625786933
1372061925,43.46973960507081,-80.52667419230914,-4593.681286541861,332.39603,247.1297,0.6151663,2.1633413,-27.603975,-7.26674531087257,17.22770099107809,62.58883934347304,18.69757387606963
1372175432,43.46973212155983,-80.52665021776382,-4600.7896638783095,332.36884,246.53583,0.52335274,2.1562862,-27.631155,-7.372811285984493,16.985347284317857,62.666449150634136,18.51648910100466
1372335023,43.46972135942635,-80.52661704829401,-4610.813656452274,332.33978,245.63272,0.4377304,2.163563,-27.660221,-7.5603840852727116,16.69210981595195,62.798690023908435,18.32446281953838
1372488738,43.46971456679894,-80.52659677346549,-4617.088940114348,332.32892,245.21733,0.40719387,2.1627517,-27.671074,-7.561552835599096,16.377705678574152,62.752836620741355,18.03902227338158
1372649578,43.46970352934201,-80.52656446217063,-4627.2212692057,332.30713,244.64685,0.35860583,2.1679285,-27.692886,-7.674313987775811,16.19623279432155,62.96226882600025,17.922417579970297
1372960197,43.46969304119624,-80.52653451482296,-4636.697064988169,332.2895,244.13554,0.2991993,2.1774886,-27.710499,-7.777980871512407,16.04344093843166,62.90249801107191,17.829441482630855
1373137823,43.469686113411285,-80.52651474654273,-4642.999556663473,332.27954,244.22174,0.28405407,2.1435022,-27.72047,-7.71201020162462,15.968523487465033,63.02491675304772,17.733269403008702
1373460413,43.469674810190575,-80.52648309301163,-4653.181070558928,332.25415,243.66101,0.22763482,2.1559272,-27.745857,-7.829276497286887,15.814239353722664,63.16123282294765,17.6461819328658
1373635809,43.46966232653225,-80.52644905407776,-4664.257548435043,332.2241,243.07443,0.15869342,2.1513412,-27.775904,-7.933096777543174,15.619715945437097,63.10220189758874,17.518834170629273
1373761313,43.46965336155548,-80.52642490722555,-4672.174378571894,332.20108,242.82185,0.10036802,2.1460457,-27.798922,-7.958425156622931,15.49996107262135,63.09545876148823,17.423700072784367
1374100906,43.46964619264954,-80.5264057603258,-4678.4751590000305,332.1866,242.70723,0.06582078,2.1464195,-27.813395,-7.980426093906047,15.466581545222656,63.00780428136963,17.40408990252919
1374310300,43.46963727203565,-80.52638211546993,-4686.309241048666,332.1485,242.47481,0.034440394,2.1081429,-27.851498,-7.989660116496946,15.33153345667374,62.97999013650309,17.28845241513098
1374475433,43.469625470746,-80.52635137043416,-4696.662803954166,332.10077,242.06506,-0.012126834,2.0848856,-27.89924,-8.012729572731258,15.111126030339495,63.18717575543398,17.104092057473437
1374612436,43.46961824377967,-80.52633281486098,-4703.003486404579,332.06805,241.77603,-0.03970429,2.0768428,-27.931955,-8.045058924798271,14.98891672218598,63.40682450413712,17.011484285861208
1374781188,43.46961101085534,-80.52631441285746,-4709.348622034809,332.03717,241.5574,-0.068099335,2.066127,-27.962845,-8.051691367952087,14.864865426003954,63.45135630228938,16.905441668822554
1374935260,43.469599856207275,-80.52628635936978,-4719.136826363182,331.94394,241.13663,-0.14132464,2.021242,-28.05607,-8.072336711073543,14.645127972824488,63.56909262212483,16.722511573246162
1375123666,43.46959263972826,-80.52626830316834,-4725.499899599352,331.90613,241.15501,-0.1568536,1.9962704,-28.093857,-8.033384435652941,14.585531640926865,63.63073236170087,16.651516409608757
1375286002,43.469581037158484,-80.52623915343595,-4735.842664287123,331.78912,241.32721,-0.17012987,1.9088156,-28.210884,-7.915195159016129,14.473713830356719,63.770738431116925,16.496627123396216
1375561025,43.46957419225209,-80.52622151249608,-4742.207347376966,331.73865,241.86588,-0.16534099,1.8761411,-28.261364,-7.619749797847538,14.25008950479244,63.64683089843292,16.159382348233276
1375961433,43.46956560578742,-80.52619932391204,-4750.287809931833,331.62747,241.92218,-0.1889244,1.823099,-28.37252,-7.509582014675576,14.077311009642154,63.58419800893047,15.955077790387959
1376178319,43.46955241595775,-80.52616496559428,-4762.984912081479,331.50122,242.1725,-0.19661632,1.7635117,-28.49879,-7.311793972912357,13.851931026655812,63.447811505877624,15.66327948641495
1376298584,43.469544598070634,-80.52614469512956,-4770.618953073462,331.30988,242.02425,-0.24619202,1.6706012,-28.690136,-7.197721019467897,13.550773899236782,63.46338789312115,15.343749904841607
1376460141,43.46953661959691,-80.52612382763463,-4778.519438215281,331.18347,242.24078,-0.20118923,1.646441,-28.816526,-7.134899640014922,13.555920915513454,63.48976034388668,15.318935496330683
1376610601,43.469528581829934,-80.5261025987914,-4786.6214607258835,331.05777,242.50586,-0.22886924,1.5483545,-28.942217,-6.981147695105187,13.414013591109875,63.48515692694086,15.12191071800627
1376861424,43.46952034056396,-80.52608028026178,-4795.293112408,330.92007,243.16951,-0.21857548,1.4812789,-29.079918,-6.637543714327316,13.122747782954582,63.44329008069187,14.7059000382379
1377012788,43.469514457788016,-80.52606420895998,-4801.646003893297,330.84857,243.23184,-0.21445042,1.4562329,-29.151438,-6.5487061846455425,12.982159165471039,63.528914852975724,14.54035794918538
1377135813,43.46950880719342,-80.52604814144651,-4808.002816295798,330.78513,244.14313,-0.17450595,1.4212141,-29.214878,-6.29024190153912,12.979098994904657,63.56812402500692,14.423042463343632
1377322789,43.46949979954479,-80.5260219355581,-4818.454144037326,330.66147,244.73553,-0.17663014,1.3768302,-29.338533,-6.046562878540647,12.812162760152969,63.612160212915136,14.167301692164118
1377665880,43.46948928352812,-80.52599080611373,-4831.046046873465,330.41678,245.26993,-0.19926889,1.2973824,-29.583225,-5.835307421413298,12.669343418752726,63.587397191039074,13.948586859058308
1377788280,43.46948297300364,-80.52597158863958,-4838.835379816534,330.24283,245.84795,-0.16335972,1.2146293,-29.757158,-5.691531068770582,12.692626632817683,63.65473531612783,13.910294631922559
1377889000,43.469477976286875,-80.52595581223466,-4845.212577375479,330.18222,246.4202,-0.143807,1.1950083,-29.817776,-5.562345105788665,12.743945837244176,63.77197558943952,13.904957338248265
1378000738,43.469472563081645,-80.52593821960006,-4852.338506456597,330.06427,247.2334,-0.15386756,1.1317768,-29.935728,-5.340781809400695,12.725975122081373,63.76300225241579,13.801246072129116
1378125690,43.46946675385016,-80.5259185254876,-4860.308567140582,329.94638,247.9797,-0.14547901,1.0929551,-30.053616,-5.1474971886892735,12.727518314811364,63.80507794741993,13.729036738293868
1378311736,43.46945944599039,-80.52589282135483,-4870.727740583965,329.77478,248.86636,-0.13597427,1.0622588,-30.225212,-4.901501471030784,12.680375538801636,63.7004728944281,13.594728407568716
1378500963,43.469452442291434,-80.52586709520772,-4881.149052110783,329.65976,249.5654,-0.113051794,1.0255804,-30.34025,-4.717152471939942,12.660628753719815,63.520788059710334,13.510849265795473
1378663172,43.46944830888418,-80.52585150102422,-4887.51990930239,329.60385,249.9339,-0.12522987,0.9924201,-30.39615,-4.601308956381379,12.596750066508294,63.70857191607802,13.41082235920498
1378775955,43.46944426357403,-80.5258359250998,-4893.896592861195,329.56055,250.30714,-0.12515095,0.9571986,-30.439447,-4.503239259313925,12.582000666712345,63.76683558804686,13.363603728178118
1378937121,43.46943884242192,-80.52581466321307,-4902.612264975113,329.4676,250.75363,-0.12078667,0.91926867,-30.532396,-4.385787208796524,12.561518920907652,63.74175940574062,13.305145134163856
1379087926,43.46943298388355,-80.52579131717606,-4912.215399439939,329.38773,251.17592,-0.13557693,0.89030635,-30.612284,-4.265484986785433,12.512540232215864,63.71543596031335,13.21960760519436
1379401471,43.46942630539506,-80.52576443568849,-4923.284675691496,329.32675,250.99527,-0.14242299,0.88873374,-30.673235,-4.331326250667842,12.5757156875946,63.96071710242828,13.300714723086774
1379525312,43.46942232529756,-80.52574878556008,-4929.676848196807,329.3064,250.68588,-0.14774226,0.9153293,-30.693604,-4.430644542370796,12.6419415326615,63.92172505311795,13.39586864582032
1379962284,43.46941698723344,-80.52572744448085,-4938.412870352051,329.27502,251.07925,-0.16181774,0.8533842,-30.724985,-4.324210988137848,12.615080228900503,63.94882772401224,13.33563083815417
1380237174,43.46941099242637,-80.52570370899552,-4948.096554657763,329.26422,250.63965,-0.1509198,0.8823907,-30.735773,-4.454758424401186,12.677974061297478,63.99990896149914,13.437853210937565
1380424830,43.46940694003767,-80.52568800595279,-4954.526026058854,329.26736,250.42282,-0.16930394,0.90544933,-30.732628,-4.511119090019278,12.684684948061976,64.2947140109111,13.46296504028464
1380600763,43.46940060952329,-80.5256641463106,-4964.323699934226,329.28052,249.7828,-0.20821033,0.9393033,-30.71949,-4.671165304164314,12.68410889577547,64.44114952224426,13.51689327392648
1380724765,43.469396353783026,-80.52564846560506,-4970.799486912051,329.29404,249.49355,-0.24004097,0.95092094,-30.705976,-4.737490059244016,12.666641294416094,64.75786977825254,13.5235947049164
1380860184,43.46939204740319,-80.52563276612305,-4977.287205185212,329.30896,249.29286,-0.25281057,0.97335726,-30.691038,-4.793862039014479,12.681808645255227,64.87718273160402,13.557631937915053
1380976679,43.46938766121967,-80.52561707826446,-4983.766488274162,329.32373,248.92825,-0.27328637,0.9904745,-30.67626,-4.882699489681269,12.672419422369366,64.79283088950139,13.580536378323872
1381099282,43.46938226707579,-80.52559784577846,-4991.707833545577,329.36533,248.74445,-0.28681093,0.98400265,-30.634668,-4.930729381018777,12.675712354663073,64.76985840212056,13.600947611361493
1381223753,43.46937658465664,-80.52557838179983,-4999.777306816935,329.40186,247.89304,-0.31593904,1.0205466,-30.598135,-5.120884941028188,12.606823701183549,64.858125968058,13.607184367530724
1381412664,43.46937007346019,-80.52555714428827,-5008.630779749586,329.44574,246.8523,-0.35465115,1.055728,-30.554274,-5.362729786226502,12.5437988349678,64.81747204611393,13.642058494678158
1381536758,43.469365131553154,-80.52554157855164,-5015.114854672299,329.47406,246.36945,-0.35179353,1.086048,-30.525932,-5.501330913460084,12.573771113742225,64.84074922713624,13.724589678390023
1381723262,43.46936001129123,-80.52552603443695,-5021.592126500537,329.506,245.58455,-0.36272678,1.1145247,-30.493992,-5.699875573121135,12.556305231492763,64.77271828238003,13.78946636442018
1381912810,43.46935144370854,-80.52550043305354,-5032.183452983611,329.61234,245.14253,-0.3535826,1.211461,-30.38766,-5.862059054556847,12.653310823660458,64.61750640814964,13.945250487505588
1382073918,43.46934605919613,-80.52548476143473,-5038.643358681388,329.65253,244.66296,-0.3562932,1.2464981,-30.347483,-5.994039216845294,12.659301158641476,64.5990569777793,14.006655987717437
1382247988,43.46933789729697,-80.52546139578622,-5048.2747890353385,329.74606,244.21442,-0.37903246,1.2732807,-30.253948,-6.10926352389052,12.645733975497052,64.571105758424,14.04413360031083
1382407079,43.46933225661322,-80.52544570440617,-5054.72217929449,329.7896,243.6466,-0.37852654,1.3084493,-30.210379,-6.279209142975609,12.675264009976777,64.47390259151467,14.145345000523706
1382529412,43.469326475913526,-80.52543016203039,-5061.1851658275555,329.8332,242.86237,-0.42041063,1.3231957,-30.16682,-6.4350749044678475,12.554900568018315,64.62986533065113,14.108001888961402
1382749427,43.46931538773241,-80.52540137017984,-5073.190998960656,329.97302,241.67334,-0.49816304,1.394514,-30.026993,-6.760907178040968,12.542387570604731,64.66682916043192,14.248556131810195
1382849579,43.46930922613154,-80.5253858152055,-5079.666217486543,330.07498,241.2082,-0.5293902,1.4569215,-29.925007,-6.8974065974181995,12.550593002567636,64.67158990858523,14.321019603582974
1383012121,43.46930275163211,-80.52537015871351,-5086.108275016006,330.1239,240.32173,-0.5382214,1.488093,-29.876097,-7.207412773637724,12.64708193754473,64.42057529462531,14.556630119109519
1383149809,43.46929349714953,-80.52534859177453,-5094.988412934365,330.27383,239.14346,-0.55517316,1.5550522,-29.726175,-7.560583767399661,12.654594562782476,64.53094630648135,14.741139387858425
1383602984,43.46928307103745,-80.52532532175339,-5104.629268487802,330.36768,238.16821,-0.63229567,1.5746002,-29.63231,-7.807965343297001,12.577377031924737,64.52548109996572,14.803875702170528
1383788130,43.46927596894757,-80.52530970732307,-5111.086060011445,330.40826,237.92001,-0.6376046,1.5948515,-29.591743,-7.906046452877667,12.613105144995254,64.56791523643136,14.886100628229183
1383913092,43.46926875737638,-80.52529406142845,-5117.537998958747,330.4439,237.5765,-0.6521957,1.6143419,-29.556103,-8.027921048846293,12.638521551669438,64.5193894730255,14.972633147797426
1384037221,43.46925971867792,-80.525274588204,-5125.547110118059,330.5557,237.26614,-0.6631492,1.6864102,-29.444294,-8.155408189699331,12.686852877368352,64.55049715334732,15.082006453804631
1384600395,43.469247475145316,-80.52524894572954,-5136.076476133117,330.62546,236.5568,-0.689442,1.7331659,-29.374529,-8.413505292540185,12.738839868802152,64.79299093645875,15.266470204686641
1384725137,43.469239776876634,-80.52523319277633,-5142.545266473863,330.6488,236.04152,-0.7024383,1.7631779,-29.351204,-8.56971269251962,12.725001886395379,64.68790340746952,15.341631224908838
1384876603,43.469228037642225,-80.52520926577854,-5152.353099417306,330.7125,235.99112,-0.6807751,1.7837402,-29.287518,-8.626147659565095,12.784509923479309,64.8154475443884,15.422519814484316
1385186521,43.469214609756186,-80.5251816251469,-5163.602699537484,330.7318,236.24689,-0.6089586,1.8219794,-29.26819,-8.618663397623502,12.897228415980939,64.91472521704387,15.511926365720065
1385406504,43.4691990824413,-80.52515009044488,-5176.4189508515465,330.7472,235.43083,-0.5863238,1.8695363,-29.25281,-8.876204185451655,12.881615508230341,64.85958827435626,15.643625501900445
1385687995,43.46918700053212,-80.52512621193003,-5186.082082004371,330.75616,234.9902,-0.5821598,1.9266993,-29.24383,-9.088644738882095,12.975211626762592,64.87828458288075,15.841703820892636
1385876248,43.46917283475716,-80.52509840794978,-5197.325664223439,330.75916,234.947,-0.59890634,1.9444274,-29.240831,-9.104600377127214,12.977155455553113,64.92098452363648,15.852454439132664
1385999244,43.46916275144173,-80.52507853849589,-5205.315708012693,330.7542,235.03992,-0.56757206,1.9820967,-29.245777,-9.134606917483403,13.064929393538048,64.98768232328878,15.941562771418306
1386249376,43.46914713733696,-80.52504807653992,-5217.5681251387505,330.7378,234.608,-0.62193084,2.012796,-29.262217,-9.247595164132873,13.016476391412978,64.87440252540851,15.967049632537162
1386548697,43.469134579970735,-80.52502390686712,-5227.334482493935,330.71353,234.28603,-0.6670045,2.0343945,-29.286469,-9.336659109283898,12.986650800052319,65.03366231804786,15.994571026616297
1386759033,43.46911895867048,-80.52499402080382,-5239.467392711363,330.67963,234.26572,-0.6886684,1.9820842,-29.32038,-9.312229017312276,12.942985526662577,65.16992561289585,15.944857591533069
1386948387,43.46910823806695,-80.52497352285522,-5247.793846505339,330.65802,234.19624,-0.66319424,2.022881,-29.341967,-9.343680835809723,12.953542054703831,65.12332814386156,15.971807140222381
1387098641,43.46909989486057,-80.52495722944678,-5254.321902405079,330.64532,234.79074,-0.6338794,2.0247579,-29.354675,-9.287657342843438,13.161573602569357,65.28055899739194,16.108618768036077
1387535694,43.469086371844995,-80.52493085569394,-5264.794249905212,330.61435,234.74152,-0.57680976,2.106247,-29.385664,-9.395694371929302,13.290424231172514,65.07898356754917,16.276192705151946
1387658301,43.46907786678957,-80.52491442660417,-5271.284890316576,330.60254,234.49545,-0.5948424,2.1382513,-29.397469,-9.467827701250224,13.271174964403732,64.90640411363219,16.302265067050577
1387777050,43.469067738203144,-80.52489503748205,-5278.99929657337,330.5831,234.20078,-0.6596055,2.1396418,-29.416908,-9.497049546896076,13.16836049451591,64.98555735167575,16.23575277619508
1388084106,43.46905300666747,-80.52486721888093,-5290.120395957392,330.5676,233.81052,-0.6909605,2.1769638,-29.432405,-9.644459856812643,13.182560256937222,65.16331869144334,16.333875867578133
1388244380,43.4690390140232,-80.52484121165857,-5300.571395790197,330.5327,233.257,-0.8003706,2.1952434,-29.467285,-9.75287715349942,13.064017714117638,65.227453659169,16.30298045162388
1388432328,43.46902459501145,-80.52481491493893,-5311.207944361288,330.5166,232.89278,-0.83554554,2.2230158,-29.483387,-9.853115752362568,13.024740674295058,65.15164569705637,16.331802094750337
1388616041,43.46901572193197,-80.5247988388604,-5317.730806673711,330.50818,232.7424,-0.8688392,2.2162616,-29.491827,-9.87751207560999,12.986017718215042,65.22862312422987,16.31569492794028
1388837151,43.4689990508212,-80.52476931717969,-5329.83072543361,330.481,231.86691,-0.9537988,2.2414382,-29.519024,-10.051567447541435,12.804006620976184,65.2322519810177,16.278101661510675
1388987943,43.4689899583674,-80.52475367835278,-5336.344796901671,330.4705,231.29744,-0.98820394,2.2434227,-29.529518,-10.121719576970078,12.632812357224902,65.14071468061267,16.187561744984126
1389111046,43.468980819753085,-80.5247381264032,-5342.867861459554,330.45877,230.99977,-1.0130571,2.2519026,-29.541237,-10.173105455593202,12.56263414558039,65.23064557883397,16.165143095139076
1389224651,43.46897036306331,-80.52472053982407,-5350.276241385953,330.44177,230.55359,-1.0647568,2.2703512,-29.558222,-10.266383191601186,12.477877794334107,65.19379223407527,16.15846707107848
1389487996,43.46896112039108,-80.52470509782816,-5356.798512484365,330.43237,230.48271,-1.0842756,2.287899,-29.567635,-10.288942725807017,12.473815196385537,65.22271098412705,16.16967556781879
1389610077,43.46895180900064,-80.52468979665053,-5363.326113336298,330.42194,230.016,-1.1134877,2.2899427,-29.578062,-10.36543983451741,12.360064274096441,65.27600851932665,16.13113547840931
1389922199,43.46893905995198,-80.52466904609199,-5372.238576524436,330.4023,229.6786,-1.1570638,2.2810469,-29.597681,-10.403257861192603,12.257815849329912,65.27356274356657,16.077369919316695
1390047915,43.468927276611225,-80.5246500820434,-5380.446004093483,330.37704,229.29277,-1.2491578,2.2687542,-29.622952,-10.456772016919848,12.154018149100692,65.30434813299624,16.03322295056446
1390197662,43.46891546947508,-80.52463149456699,-5388.577065954414,330.35617,228.70802,-1.3021512,2.2860718,-29.643826,-10.567456373511556,12.032077696653626,65.25250484909489,16.013807414365257
1390320216,43.468905947407876,-80.52461668022471,-5395.112866465362,330.34637,228.4661,-1.336539,2.2837224,-29.653625,-10.59996521054892,11.966805903530542,65.35800510947674,15.986359998374265
1390601437,43.468894024817175,-80.52459840047561,-5403.247004441183,330.32736,227.96976,-1.4015118,2.2830484,-29.672651,-10.680968199623308,11.849831990425507,65.37958208925755,15.953106276919117
1390702697,43.46888437185754,-80.52458382433927,-5409.782963298208,330.31555,227.61545,-1.4336596,2.2879128,-29.684452,-10.745674663691673,11.774386682130574,65.35958857025571,15.940693388878634
1390913409,43.46887237563441,-80.5245659142176,-5417.8694035980725,330.293,227.2344,-1.4941936,2.2903728,-29.70699,-10.805999380703291,11.683483473516034,65.38175605474224,15.914565928472012
1391036205,43.46886044166645,-80.52454824803692,-5425.904632194518,330.27264,226.99854,-1.5509841,2.2644906,-29.727345,-10.823247034441867,11.60591545335693,65.45145163237797,15.869465960738056
1391248876,43.46885070538854,-80.52453395070633,-5432.450482859563,330.2624,226.81837,-1.5788865,2.2561994,-29.737614,-10.838424564302835,11.549171543646322,65.45850665044928,15.838396711177968
1391375685,43.46884094477584,-80.52451972092219,-5439.000477451571,330.25143,226.61157,-1.6101562,2.2519248,-29.748571,-10.865514062191288,11.494608508038718,65.49994592007889,15.817250727884183
1391499065,43.468831154056495,-80.52450557467584,-5445.551903206621,330.24158,226.35501,-1.6379706,2.251644,-29.758411,-10.899028773062518,11.427127922190001,65.51425755050556,15.791392615793548
1391687002,43.46882134005606,-80.52449149738784,-5452.104985212884,330.23248,226.14719,-1.6682402,2.2489743,-29.767502,-10.924945287830559,11.371424391369812,65.53082006261819,15.7690748692094
1391811309,43.46881154093951,-80.524477362637,-5458.662789155523,330.22333,226.30722,-1.6383207,2.2519076,-29.776674,-10.908376535881924,11.417842024435226,65.5780394263911,15.791130268082092
1392086866,43.46879816329253,-80.52445805017172,-5467.6293515463585,330.20502,226.32045,-1.6301209,2.2339957,-29.794992,-10.896425034133019,11.410606630769092,65.62870092378175,15.777643113172267
1392247970,43.46878840029294,-80.52444386543687,-5474.196407937111,330.19656,226.51387,-1.600349,2.2337787,-29.803434,-10.868171152709206,11.458218368970117,65.67056390752101,15.792653747726655
1392522580,43.46877507521706,-80.52442442625332,-5483.177844601402,330.17972,226.65665,-1.5451163,2.2300801,-29.820278,-10.849658702678212,11.49593752523825,65.71828724796794,15.807329741255542
1392657018,43.468761978307455,-80.52440526715688,-5492.015686566161,330.15475,226.7337,-1.4656645,2.246568,-29.845238,-10.841361692888746,11.518142737421872,65.74716975552003,15.817798060275639
1392963492,43.46874744735973,-80.52438394264612,-5501.834950836281,330.13806,226.82373,-1.4090711,2.255079,-29.861937,-10.83027143430975,11.542643112204594,65.77241308847832,15.828057030366992
1393111410,43.46873532189735,-80.52436609851092,-5510.04791811906,330.12155,226.88895,-1.366461,2.2177825,-29.878443,-10.811388956827187,11.54883688827493,65.80426569070467,15.819663860138894
