# Apple ModelIO OBJ File: model
mtllib model.mtl
g 
v 0.946169 0.730328 1.37517
v 0.939664 0.77639 1.37092
v 0.945286 0.770999 1.57415
v 0.92942 0.787084 0.959845
v 0.934389 0.780587 1.20969
v 0.944412 0.656431 1.26291
v 0.906695 0.374786 0.959845
v 0.912424 0.405726 0.959845
v 0.933625 0.371183 1.12674
v 0.920371 0.464377 -0.772279
v 0.92828 0.443105 -0.154274
v 0.914738 0.419 -0.155666
v 0.867649 0.25428 0.623629
v 0.906584 0.361683 0.623629
v 0.850653 0.248581 0.959845
v 0.804166 0.52747 2.21935
v 0.644902 0.55303 2.32306
v 0.711986 0.456082 2.26397
v 0.34639 0.858396 1.98038
v 0.302226 0.874641 1.98721
v 0.255849 0.799367 2.18985
v 0.39954 0.963555 1.20142
v 0.393093 0.965867 1.39274
v 0.44421 0.948306 1.38665
v 0.50541 0.274008 2.38276
v 0.637315 0.226369 2.33465
v 0.654617 0.290981 2.29275
v 0.920433 0.477841 -0.152087
v 0.764506 0.892817 -2.18542
v 0.803961 0.853338 -2.13788
v 0.772017 0.871606 -2.16278
v -0.946169 0.730328 1.37517
v -0.945286 0.770999 1.57415
v -0.939664 0.77639 1.37092
v -0.92942 0.787084 0.959845
v -0.944412 0.656431 1.26291
v -0.934389 0.780587 1.20969
v -0.906695 0.374786 0.959845
v -0.933625 0.371183 1.12674
v -0.912424 0.405726 0.959845
v -0.920371 0.464377 -0.772279
v -0.914738 0.419 -0.155666
v -0.92828 0.443105 -0.154274
v -0.867649 0.25428 0.623629
v -0.850653 0.248581 0.959845
v -0.906584 0.361683 0.623629
v -0.804166 0.52747 2.21935
v -0.711986 0.456082 2.26397
v -0.644902 0.55303 2.32306
v -0.34639 0.858396 1.98038
v -0.255849 0.799367 2.18985
v -0.302226 0.874641 1.98721
v -0.39954 0.963555 1.20142
v -0.44421 0.948306 1.38665
v -0.393093 0.965867 1.39274
v -0.50541 0.274008 2.38276
v -0.654617 0.290981 2.29275
v -0.637315 0.226369 2.33465
v -0.920433 0.477841 -0.152087
v -0.764506 0.892817 -2.18542
v -0.772017 0.871606 -2.16278
v -0.803961 0.853338 -2.13788
v 0.797626 0.878882 -2.15099
v 0.840744 0.906711 -2.00441
v 0.872348 0.838653 -2.00737
v 0.835905 0.835071 -2.10112
v 0.916419 0.628171 1.98307
v 0.883402 0.763051 1.91236
v 0.880577 0.76021 1.92689
v 0.881715 0.620171 2.06059
v 0 0.965675 1.22799
v 0 0.961804 1.43099
v 0 0.870578 2.03141
v 0 0.788203 2.23731
v 0.227493 0.747151 2.28141
v 0 0.741569 2.31124
v 0 0.694934 2.38517
v 0.199137 0.694934 2.37296
v 0.369918 0.94894 1.59005
v 0 0.944877 1.61727
v 0 0.922733 1.77382
v 0.344656 0.926795 1.75806
v 0.199082 0.665569 2.37296
v 0 0.666993 2.38517
v 0.941146 0.734977 1.76304
v 0.895578 0.785576 1.80025
v 0.886228 0.765892 1.89782
v 0.934726 0.631688 1.9002
v 0.92942 0.795808 0.623629
v 0.895554 0.869573 0.623629
v 0.905595 0.860036 0.959845
v 0.286626 1.39595 -0.201896
v 0 1.40318 -0.207227
v 0 1.38921 0.0834735
v 0.289667 1.38278 0.0844422
v 0.285798 1.38473 -0.572902
v 0 1.39362 -0.574926
v 0 1.40384 -0.294142
v 0.2861 1.39634 -0.28884
v 0.920678 0.840398 -1.11198
v 0.889738 0.916416 -1.11202
v 0.896634 0.910368 -0.91769
v 0.918897 0.833437 -0.928679
v 0.285681 1.31982 -1.07615
v 0 1.33026 -1.09599
v 0 1.35797 -0.9067
v 0.285681 1.34749 -0.9067
v 0.915525 0.847642 -1.52266
v 0.87968 0.922979 -1.52266
v 0.88699 0.923872 -1.31195
v 0.923303 0.848631 -1.31053
v 0.83197 0.980359 -1.5219
v 0.695756 1.0682 -1.52113
v 0.744294 1.02034 -1.31275
v 0.843217 0.972106 -1.31235
v 0.78573 0.95641 -2.00957
v 0.712744 1.00101 -2.01128
v 0.707951 1.03946 -1.73159
v 0.817576 0.977347 -1.72875
v 0.859254 0.958021 -1.11202
v 0.778148 0.999626 -1.11202
v 0.786696 0.98545 -0.9067
v 0.867358 0.947909 -0.912195
v 0.867124 0.907553 0.623629
v 0.810965 0.945533 0.623629
v 0.810965 0.935996 0.959845
v 0.869854 0.898016 0.959845
v 0.869765 0.8658 1.44986
v 0.769846 0.88874 1.5295
v 0.750031 0.865064 1.70683
v 0.867263 0.846915 1.64047
v 0.830225 0.772938 1.99613
v 0.669705 0.760225 2.12827
v 0.649172 0.728768 2.21676
v 0.815437 0.755017 2.0641
v 0.856894 0.813878 1.83361
v 0.715512 0.826228 1.90226
v 0.690237 0.791681 2.04537
v 0.845012 0.790859 1.92816
v 0.792375 0.912682 1.31235
v 0.869599 0.884597 1.22995
v 0.625378 0.941023 -2.27507
v 0.625378 0.960054 -2.27507
v 0.663062 0.951574 -2.26254
v 0.663062 0.934618 -2.26254
v 0.396895 0.954326 -2.31579
v 0.396895 0.97535 -2.31579
v 0.587693 0.966767 -2.29115
v 0.587693 0.946533 -2.29115
v 0.669215 1.0229 -2.00677
v 0.670903 1.06187 -1.72997
v 0.867109 0.923938 -0.0276159
v 0.810965 0.962301 -0.0352904
v 0.810965 0.95507 0.109854
v 0.865944 0.91709 0.109854
v 0.618723 0.610964 2.29101
v 0.47063 0.701983 2.32783
v 0.560796 0.564517 2.37245
v 0.729521 0.900328 1.54458
v 0.689195 0.915314 1.55966
v 0.654497 0.895034 1.73228
v 0.702264 0.87835 1.71955
v 0.53847 0.747762 2.2107
v 0.471318 0.746613 2.25126
v 0.420254 0.694426 2.36075
v 0.653388 0.838881 1.92238
v 0.591264 0.854934 1.94249
v 0.522382 0.798799 2.14178
v 0.606309 0.793541 2.09357
v 0.786559 0.945492 0.998767
v 0.762154 0.954987 1.03769
v 0.727633 0.937545 1.3529
v 0.760004 0.923414 1.33262
v 0.870833 0.940692 -0.605114
v 0.807149 0.977574 -0.586707
v 0.810221 0.968874 -0.214969
v 0.868415 0.930669 -0.207169
v 0.92942 0.831222 -0.658689
v 0.89407 0.903811 -0.623522
v 0.895732 0.89234 -0.197122
v 0.92942 0.816282 -0.176744
v 0.6035 1.26979 -1.05408
v 0.607822 1.23738 -1.2062
v 0.571056 1.26479 -1.21537
v 0.571361 1.29627 -1.0563
v 0.599666 1.34128 -0.568783
v 0.599024 1.30221 -0.9067
v 0.571361 1.32775 -0.9067
v 0.571597 1.36206 -0.570878
v 0.625927 1.32009 0.24216
v 0.610186 1.33835 0.0864058
v 0.579333 1.3585 0.0854111
v 0.594788 1.34061 0.24455
v 0.626422 1.13494 -1.54444
v 0.634057 1.08777 -1.7301
v 0.590288 1.11155 -1.72798
v 0.585556 1.16333 -1.55159
v 0.641668 1.27618 0.389672
v 0.610243 1.29709 0.395448
v 0.629937 1.03495 -1.9922
v 0.595936 1.04005 -1.95798
v 0.714303 0.936919 -2.23683
v 0.714707 0.921592 -2.23683
v 0.297394 1.36154 0.256632
v 0 1.36848 0.268714
v 0 1.32212 0.449528
v 0.307869 1.31636 0.437675
v 0.92942 0.722217 0.0178336
v 0.92942 0.809402 0.00300251
v 0.92942 0.804533 0.109854
v 0.92942 0.7182 0.109854
v 0.92942 0.738571 -0.696766
v 0.92942 0.727913 -0.161396
v 0.809185 0.615567 2.15248
v 0.940536 0.706404 -1.49642
v 0.941398 0.745978 -1.52067
v 0.944758 0.789554 -1.31092
v 0.943263 0.736442 -1.31154
v 0.888326 0.762802 -1.98105
v 0.914963 0.848359 -1.72798
v 0.923381 0.790563 -1.69667
v 0.94392 0.693502 -1.12905
v 0.945246 0.734095 -1.11058
v 0.943275 0.611163 -0.965901
v 0.942139 0.584934 -1.00527
v 0.901941 0.2202 -0.0135522
v 0.867649 0.263737 -0.00385885
v 0.867649 0.258212 0.109854
v 0.901858 0.217329 0.109854
v 0.92942 0.709535 0.623629
v 0.92942 0.691744 0.959845
v 0.93533 0.787763 -1.11116
v 0.9362 0.817556 -1.31073
v 0.940423 0.588189 1.2053
v 0.914642 0.520944 2.05319
v 0.848679 0.527357 2.1974
v 0.839812 0.771617 -2.07345
v 0.851049 0.766401 -2.04402
v 0.82878 0.277484 -2.05832
v 0.828763 0.294137 -2.05675
v 0.836158 0.287542 -2.02803
v 0.836181 0.271015 -2.02957
v 0.895719 0.188956 2.11506
v 0.896365 0.207539 2.11488
v 0.834179 0.207667 2.18471
v 0.833648 0.191727 2.18507
v 0.92942 0.174917 0.959845
v 0.92942 0.194736 0.959845
v 0.925936 0.19482 1.11811
v 0.925064 0.17511 1.1181
v 0.197611 0.211403 2.4392
v 0.197655 0.22539 2.4392
v 0 0.225405 2.4476
v 0 0.211403 2.4476
v 0.853471 0.23215 -1.7841
v 0.860039 0.251964 -1.78342
v 0.860418 0.24533 -1.72801
v 0.853847 0.225173 -1.72801
v 0.901858 0.176825 0.623629
v 0.901858 0.212551 0.623629
v 0.845389 0.258554 -1.94369
v 0.846661 0.277043 -1.94288
v 0.792888 0.194097 2.2239
v 0.794109 0.209606 2.22293
v 0.636962 0.208413 2.33465
v 0.504226 0.209256 2.39273
v 0.50442 0.225769 2.39273
v 0.417289 0.225376 2.43081
v 0.417201 0.211403 2.43081
v 0.92942 0.184039 -0.586629
v 0.930004 0.2141 -0.625999
v 0.906867 0.220867 -0.194202
v 0.907843 0.181528 -0.206358
v 0.827171 0.366782 -2.0525
v 0.837546 0.361785 -2.02444
v 0.897525 0.234414 2.11387
v 0.835356 0.240508 2.18392
v 0.927497 0.23009 1.11812
v 0.935493 0.293802 -0.85674
v 0.939961 0.467712 -0.896617
v 0.867649 0.293857 -0.693482
v 0.867649 0.27192 -0.182647
v 0.857172 0.353538 -1.93382
v 0.87856 0.331883 -1.78063
v 0.795034 0.239896 2.21153
v 0.417415 0.282149 2.41691
v 0.367831 0.282097 2.41873
v 0.362259 0.277634 2.40832
v 0.404829 0.277678 2.40676
v 0.932819 0.216536 -0.90667
v 0.934911 0.29379 -0.913791
v 0.933361 0.216062 -0.852167
v 0.931994 0.187112 -0.906661
v 0.932535 0.186592 -0.852165
v 0.507094 1.36717 -0.571335
v 0.507635 1.37682 -0.284767
v 0.914727 0.445061 2.07669
v 0.870799 0.451139 2.17637
v 0.846486 0.561663 -2.06222
v 0.84356 0.713878 -2.05433
v 0.854311 0.709778 -2.03302
v 0.856749 0.55945 -2.02887
v 0.934559 0.76012 -0.947194
v 0.914002 0.402328 0.109854
v 0.92942 0.432143 0.109854
v 0.92942 0.393267 0.623629
v 0.92942 0.436021 0.0238916
v 0.920638 0.478215 0.0265543
v 0.920749 0.477862 0.109854
v 0.922569 0.607922 -1.62568
v 0.923129 0.642061 -1.66458
v 0.92942 0.631867 0.109854
v 0.92942 0.623262 0.623629
v 0.915044 0.47732 0.623629
v 0.895914 0.686952 -1.95473
v 0.877771 0.55016 -1.93862
v 0.92942 0.635442 0.024207
v 0.504356 0.300661 2.38123
v 0.502965 0.436359 2.39445
v 0.417807 0.307222 2.41691
v 0.417611 0.294686 2.41691
v 0.796197 0.247174 2.21134
v 0.832504 0.247724 2.1865
v 0.795808 0.271975 2.14576
v 0.765892 0.271522 2.16624
v 0.869115 0.484869 -1.92978
v 0.903313 0.475993 -1.75027
v 0.914002 0.40793 0.0223936
v 0.197805 0.291313 2.42497
v 0.197893 0.300705 2.42497
v 0 0.300799 2.43106
v 0 0.291439 2.43106
v 0.902745 0.295229 2.10237
v 0.90924 0.3627 2.09175
v 0.881694 0.361365 2.15534
v 0.872447 0.29512 2.16953
v 0.839165 0.490794 -2.05516
v 0.849463 0.49009 -2.02408
v 0.878968 0.325543 -1.72321
v 0.939422 0.467459 -0.948777
v 0.901858 0.178732 0.109854
v 0.898283 0.87911 0.109854
v 0.286139 1.29067 -1.26055
v 0 1.30255 -1.28528
v 0.756994 0.914028 -2.19347
v 0.870943 0.922615 -1.72798
v 0.286444 0.978338 -2.32165
v 0 0.981871 -2.33054
v 0 1.06259 -2.04086
v 0.286291 1.05947 -2.02407
v 0.92942 0.596405 0.959845
v 0.937916 0.494262 1.15835
v 0.531881 0.500438 2.38345
v 0.528986 0.560041 2.31784
v 0.503584 0.503749 2.32751
v 0.903688 0.469552 -1.69576
v 0.911008 0.535934 -1.72342
v 0.636951 0.582663 -2.36388
v 0.62566 0.720391 -2.29066
v 0.667692 0.717902 -2.262
v 0.690587 0.582531 -2.33618
v 0.396895 0.586301 -2.40909
v 0.398527 0.724818 -2.35297
v 0.587267 0.720647 -2.30771
v 0.585343 0.583527 -2.37668
v 0.478183 0.447457 2.33717
v 0.403374 0.334015 2.3569
v 0.92942 0.64592 -0.734844
v 0.92942 0.640076 -0.154659
v 0.726693 0.717578 -2.19994
v 0.751161 0.577887 -2.27928
v 0.933439 0.809546 -1.52191
v 0.911116 0.520358 -1.67003
v 0.901009 0.81891 1.6124
v 0.932925 0.370727 1.17712
v 0.926882 0.231845 1.16951
v 0.936916 0.469273 1.20459
v 0.925343 0.196493 1.16758
v 0.924489 0.176862 1.16649
v 0.943937 0.686433 1.39663
v 0.942473 0.624852 1.30307
v 0.940423 0.561442 1.24703
v 0.9394 0.689541 1.7434
v 0.943327 0.726711 1.57413
v 0.915483 0.218364 1.97273
v 0.916439 0.240362 1.97208
v 0.915184 0.231093 2.03583
v 0.914147 0.20741 2.03597
v 0.91923 0.302617 1.9694
v 0.922021 0.364871 1.96671
v 0.921245 0.364596 2.02337
v 0.918215 0.297845 2.0296
v 0.914662 0.199275 1.97273
v 0.913388 0.186185 2.03597
v 0.832809 0.717977 -2.07564
v 0.82051 0.778448 -2.09702
v 0.667288 1.10656 -1.5373
v 0.935747 0.633709 1.83109
v 0.925376 0.436025 1.95148
v 0.928857 0.506251 1.92374
v 0.928546 0.515078 1.97578
v 0.924896 0.439837 1.99958
v 0.90206 0.846476 1.20939
v 0.902214 0.836602 1.41095
v 0.866889 0.298163 2.17338
v 0.875459 0.361386 2.15946
v 0.831202 0.365631 2.12348
v 0.824141 0.313536 2.13495
v 0.61176 0.324417 2.3139
v 0.657123 0.297725 2.29147
v 0.651296 0.313176 2.23226
v 0.613918 0.335169 2.25074
v 0.8315 0.563877 -2.09556
v 0.896995 0.885434 -0.0170862
v 0.50858 1.37625 -0.197735
v 0.513958 1.36398 0.0851925
v 0.418703 0.930568 1.5854
v 0.391999 0.908709 1.75412
v 0 0.587067 -2.4371
v 0 0.724758 -2.39179
v 0.286444 0.722193 -2.37175
v 0.286444 0.585696 -2.42194
v 0.197718 0.281921 2.42497
v 0.216206 0.277483 2.41368
v 0.448117 1.04932 -1.98953
v 0.506753 1.27063 -1.22556
v 0.506886 1.30158 -1.06078
v 0.368174 0.305751 2.41873
v 0.359773 0.332723 2.3585
v 0.210186 0.32829 2.36399
v 0.527669 1.34534 0.247277
v 0.480379 0.270689 2.37744
v 0.368003 0.293924 2.41873
v 0 0.328372 2.36933
v 0.506886 1.3322 -0.9067
v 0.629276 1.33128 -0.277302
v 0.627734 1.32051 -0.566687
v 0.600739 1.35121 -0.280442
v 0 0.957638 -2.33054
v 0.286444 0.954434 -2.32165
v 0.542 1.30144 0.404978
v 0.602201 1.35063 -0.193249
v 0.573274 1.37051 -0.196522
v 0.367642 0.211403 2.4327
v 0.36772 0.225379 2.4327
v 0.363129 0.664039 2.36351
v 0.37035 0.694541 2.36351
v 0.602376 0.321864 2.31918
v 0.640544 0.379575 2.30285
v 0 0.28208 2.43106
v 0 0.277619 2.4189
v 0.410945 0.663593 2.36075
v 0.716008 0.450418 2.26173
v 0.645333 0.374763 2.30013
v 0.641582 0.376654 2.23939
v 0.699817 0.438992 2.20775
v 0.416289 0.738946 2.25807
v 0.864776 0.449002 2.17991
v 0.84409 0.520088 2.19942
v 0.805355 0.4964 2.15641
v 0.8224 0.437826 2.14033
v 0.397346 0.647076 2.30757
v 0.211231 0.648812 2.3183
v 0.355342 0.647468 2.30999
v 0.806035 0.520197 2.21799
v 0.773998 0.496489 2.17171
v 0.626687 1.27668 -0.9067
v 0.635638 1.24332 -1.05187
v 0.673093 1.25527 0.383896
v 0.657066 1.29956 0.239769
v 0.644589 1.20996 -1.19703
v 0.641038 1.3182 0.0874005
v 0.631137 1.33074 -0.189948
v 0.572207 1.37114 -0.28358
v 0.497691 0.469471 -2.37385
v 0.607865 0.503589 -2.35185
v 0 0.469576 -2.41941
v 0.286444 0.466761 -2.40139
v 0.751985 0.504951 -2.25128
v 0.77889 0.489913 -2.21443
v 0.685334 0.509727 -2.3092
v 0.396895 0.467566 -2.38738
v 0.707406 0.880915 -2.23965
v 0.659762 0.882293 -2.26379
v 0.663062 0.917661 -2.25313
v 0.715111 0.906265 -2.22742
v 0.586443 0.881509 -2.29237
v 0.396946 0.869466 -2.32451
v 0.396895 0.933302 -2.30638
v 0.587693 0.926298 -2.28174
v 0.623365 0.882266 -2.27681
v 0.625378 0.921991 -2.26566
v 0.625659 0.749305 -2.28114
v 0.664078 0.749093 -2.26359
v 0.396259 0.75556 -2.34078
v 0.587151 0.748922 -2.28982
v 0.727352 0.746038 -2.20054
v 0.759313 0.849251 -2.18514
v 0.808065 0.74448 -2.09533
v 0.796492 0.778477 -2.10821
v 0.286652 0.863962 -2.33748
v 0 0.860285 -2.352
v 0 0.933405 -2.32113
v 0.286444 0.93053 -2.31224
v 0 0.811951 -2.36619
v 0.286299 0.80929 -2.3509
v 0.802132 0.377838 -2.15167
v 0.813746 0.301549 -2.09756
v 0.815471 0.282004 -2.08467
v 0.902378 0.180053 -0.0258205
v 0.680315 0.956921 1.07464
v 0.65213 0.928361 1.36189
v 0.52603 0.843805 1.95259
v 0.462228 0.783351 2.15263
v 0.617137 0.907327 1.56652
v 0.584568 0.886626 1.7381
v 0.593626 0.229788 2.33613
v 0.479528 0.229273 2.38599
v 0 0.650063 2.32902
v 0.362163 0.228938 2.42031
v 0.216152 0.228948 2.42589
v 0 0.22896 2.4331
v 0.404721 0.228935 2.41869
v -0.797626 0.878882 -2.15099
v -0.835905 0.835071 -2.10112
v -0.872348 0.838653 -2.00737
v -0.840744 0.906711 -2.00441
v -0.916419 0.628171 1.98307
v -0.881715 0.620171 2.06059
v -0.880577 0.76021 1.92689
v -0.883402 0.763051 1.91236
v -0.227493 0.747151 2.28141
v -0.199137 0.694934 2.37296
v -0.369918 0.94894 1.59005
v -0.344656 0.926795 1.75806
v -0.199082 0.665569 2.37296
v -0.941146 0.734977 1.76304
v -0.934726 0.631688 1.9002
v -0.886228 0.765892 1.89782
v -0.895578 0.785576 1.80025
v -0.92942 0.795808 0.623629
v -0.905595 0.860036 0.959845
v -0.895554 0.869573 0.623629
v -0.286626 1.39595 -0.201896
v -0.289667 1.38278 0.0844422
v -0.285798 1.38473 -0.572902
v -0.2861 1.39634 -0.28884
v -0.920678 0.840398 -1.11198
v -0.918897 0.833437 -0.928679
v -0.896634 0.910368 -0.91769
v -0.889738 0.916416 -1.11202
v -0.285681 1.31982 -1.07615
v -0.285681 1.34749 -0.9067
v -0.915525 0.847642 -1.52266
v -0.923303 0.848631 -1.31053
v -0.88699 0.923872 -1.31195
v -0.87968 0.922979 -1.52266
v -0.83197 0.980359 -1.5219
v -0.843217 0.972106 -1.31235
v -0.744294 1.02034 -1.31275
v -0.695756 1.0682 -1.52113
v -0.78573 0.95641 -2.00957
v -0.817576 0.977347 -1.72875
v -0.707951 1.03946 -1.73159
v -0.712744 1.00101 -2.01128
v -0.859254 0.958021 -1.11202
v -0.867358 0.947909 -0.912195
v -0.786696 0.98545 -0.9067
v -0.778148 0.999626 -1.11202
v -0.867124 0.907553 0.623629
v -0.869854 0.898016 0.959845
v -0.810965 0.935996 0.959845
v -0.810965 0.945533 0.623629
v -0.869765 0.8658 1.44986
v -0.867263 0.846915 1.64047
v -0.750031 0.865064 1.70683
v -0.769846 0.88874 1.5295
v -0.830225 0.772938 1.99613
v -0.815437 0.755017 2.0641
v -0.649172 0.728768 2.21676
v -0.669705 0.760225 2.12827
v -0.856894 0.813878 1.83361
v -0.845012 0.790859 1.92816
v -0.690237 0.791681 2.04537
v -0.715512 0.826228 1.90226
v -0.869599 0.884597 1.22995
v -0.792375 0.912682 1.31235
v -0.625378 0.941023 -2.27507
v -0.663062 0.934618 -2.26254
v -0.663062 0.951574 -2.26254
v -0.625378 0.960054 -2.27507
v -0.396895 0.954326 -2.31579
v -0.587693 0.946533 -2.29115
v -0.587693 0.966767 -2.29115
v -0.396895 0.97535 -2.31579
v -0.670903 1.06187 -1.72997
v -0.669215 1.0229 -2.00677
v -0.867109 0.923938 -0.0276159
v -0.865944 0.91709 0.109854
v -0.810965 0.95507 0.109854
v -0.810965 0.962301 -0.0352904
v -0.618723 0.610964 2.29101
v -0.560796 0.564517 2.37245
v -0.47063 0.701983 2.32783
v -0.729521 0.900328 1.54458
v -0.702264 0.87835 1.71955
v -0.654497 0.895034 1.73228
v -0.689195 0.915314 1.55966
v -0.53847 0.747762 2.2107
v -0.420254 0.694426 2.36075
v -0.471318 0.746613 2.25126
v -0.653388 0.838881 1.92238
v -0.606309 0.793541 2.09357
v -0.522382 0.798799 2.14178
v -0.591264 0.854934 1.94249
v -0.786559 0.945492 0.998767
v -0.760004 0.923414 1.33262
v -0.727633 0.937545 1.3529
v -0.762154 0.954987 1.03769
v -0.870833 0.940692 -0.605114
v -0.868415 0.930669 -0.207169
v -0.810221 0.968874 -0.214969
v -0.807149 0.977574 -0.586707
v -0.92942 0.831222 -0.658689
v -0.92942 0.816282 -0.176744
v -0.895732 0.89234 -0.197122
v -0.89407 0.903811 -0.623522
v -0.6035 1.26979 -1.05408
v -0.571361 1.29627 -1.0563
v -0.571056 1.26479 -1.21537
v -0.607822 1.23738 -1.2062
v -0.599666 1.34128 -0.568783
v -0.571597 1.36206 -0.570878
v -0.571361 1.32775 -0.9067
v -0.599024 1.30221 -0.9067
v -0.625927 1.32009 0.24216
v -0.594788 1.34061 0.24455
v -0.579333 1.3585 0.0854111
v -0.610186 1.33835 0.0864058
v -0.626422 1.13494 -1.54444
v -0.585556 1.16333 -1.55159
v -0.590288 1.11155 -1.72798
v -0.634057 1.08777 -1.7301
v -0.610243 1.29709 0.395448
v -0.641668 1.27618 0.389672
v -0.629937 1.03495 -1.9922
v -0.595936 1.04005 -1.95798
v -0.714707 0.921592 -2.23683
v -0.714303 0.936919 -2.23683
v -0.297394 1.36154 0.256632
v -0.307869 1.31636 0.437675
v -0.92942 0.722217 0.0178336
v -0.92942 0.7182 0.109854
v -0.92942 0.804533 0.109854
v -0.92942 0.809402 0.00300251
v -0.92942 0.738571 -0.696766
v -0.92942 0.727913 -0.161396
v -0.809185 0.615567 2.15248
v -0.940536 0.706404 -1.49642
v -0.943263 0.736442 -1.31154
v -0.944758 0.789554 -1.31092
v -0.941398 0.745978 -1.52067
v -0.888326 0.762802 -1.98105
v -0.923381 0.790563 -1.69667
v -0.914963 0.848359 -1.72798
v -0.94392 0.693502 -1.12905
v -0.942139 0.584934 -1.00527
v -0.943275 0.611163 -0.965901
v -0.945246 0.734095 -1.11058
v -0.901941 0.2202 -0.0135522
v -0.901858 0.217329 0.109854
v -0.867649 0.258212 0.109854
v -0.867649 0.263737 -0.00385885
v -0.92942 0.709535 0.623629
v -0.92942 0.691744 0.959845
v -0.93533 0.787763 -1.11116
v -0.9362 0.817556 -1.31073
v -0.940423 0.588189 1.2053
v -0.914642 0.520944 2.05319
v -0.848679 0.527357 2.1974
v -0.839812 0.771617 -2.07345
v -0.851049 0.766401 -2.04402
v -0.82878 0.277484 -2.05832
v -0.836181 0.271015 -2.02957
v -0.836158 0.287542 -2.02803
v -0.828763 0.294137 -2.05675
v -0.895719 0.188956 2.11506
v -0.833648 0.191727 2.18507
v -0.834179 0.207667 2.18471
v -0.896365 0.207539 2.11488
v -0.92942 0.174917 0.959845
v -0.925064 0.17511 1.1181
v -0.925936 0.19482 1.11811
v -0.92942 0.194736 0.959845
v -0.197611 0.211403 2.4392
v -0.197655 0.22539 2.4392
v -0.853471 0.23215 -1.7841
v -0.853847 0.225173 -1.72801
v -0.860418 0.24533 -1.72801
v -0.860039 0.251964 -1.78342
v -0.901858 0.176825 0.623629
v -0.901858 0.212551 0.623629
v -0.845389 0.258554 -1.94369
v -0.846661 0.277043 -1.94288
v -0.792888 0.194097 2.2239
v -0.636962 0.208413 2.33465
v -0.794109 0.209606 2.22293
v -0.504226 0.209256 2.39273
v -0.417201 0.211403 2.43081
v -0.417289 0.225376 2.43081
v -0.50442 0.225769 2.39273
v -0.92942 0.184039 -0.586629
v -0.907843 0.181528 -0.206358
v -0.906867 0.220867 -0.194202
v -0.930004 0.2141 -0.625999
v -0.837546 0.361785 -2.02444
v -0.827171 0.366782 -2.0525
v -0.835356 0.240508 2.18392
v -0.897525 0.234414 2.11387
v -0.927497 0.23009 1.11812
v -0.935493 0.293802 -0.85674
v -0.867649 0.293857 -0.693482
v -0.939961 0.467712 -0.896617
v -0.867649 0.27192 -0.182647
v -0.87856 0.331883 -1.78063
v -0.857172 0.353538 -1.93382
v -0.795034 0.239896 2.21153
v -0.417415 0.282149 2.41691
v -0.404829 0.277678 2.40676
v -0.362259 0.277634 2.40832
v -0.367831 0.282097 2.41873
v -0.932819 0.216536 -0.90667
v -0.933361 0.216062 -0.852167
v -0.934911 0.29379 -0.913791
v -0.931994 0.187112 -0.906661
v -0.932535 0.186592 -0.852165
v -0.507094 1.36717 -0.571335
v -0.507635 1.37682 -0.284767
v -0.914727 0.445061 2.07669
v -0.870799 0.451139 2.17637
v -0.846486 0.561663 -2.06222
v -0.856749 0.55945 -2.02887
v -0.854311 0.709778 -2.03302
v -0.84356 0.713878 -2.05433
v -0.934559 0.76012 -0.947194
v -0.914002 0.402328 0.109854
v -0.92942 0.393267 0.623629
v -0.92942 0.432143 0.109854
v -0.92942 0.436021 0.0238916
v -0.920749 0.477862 0.109854
v -0.920638 0.478215 0.0265543
v -0.922569 0.607922 -1.62568
v -0.923129 0.642061 -1.66458
v -0.915044 0.47732 0.623629
v -0.92942 0.623262 0.623629
v -0.92942 0.631867 0.109854
v -0.877771 0.55016 -1.93862
v -0.895914 0.686952 -1.95473
v -0.92942 0.635442 0.024207
v -0.504356 0.300661 2.38123
v -0.417611 0.294686 2.41691
v -0.417807 0.307222 2.41691
v -0.502965 0.436359 2.39445
v -0.796197 0.247174 2.21134
v -0.765892 0.271522 2.16624
v -0.795808 0.271975 2.14576
v -0.832504 0.247724 2.1865
v -0.903313 0.475993 -1.75027
v -0.869115 0.484869 -1.92978
v -0.914002 0.40793 0.0223936
v -0.197805 0.291313 2.42497
v -0.197893 0.300705 2.42497
v -0.902745 0.295229 2.10237
v -0.872447 0.29512 2.16953
v -0.881694 0.361365 2.15534
v -0.90924 0.3627 2.09175
v -0.849463 0.49009 -2.02408
v -0.839165 0.490794 -2.05516
v -0.878968 0.325543 -1.72321
v -0.939422 0.467459 -0.948777
v -0.901858 0.178732 0.109854
v -0.898283 0.87911 0.109854
v -0.286139 1.29067 -1.26055
v -0.756994 0.914028 -2.19347
v -0.870943 0.922615 -1.72798
v -0.286444 0.978338 -2.32165
v -0.286291 1.05947 -2.02407
v -0.937916 0.494262 1.15835
v -0.92942 0.596405 0.959845
v -0.531881 0.500438 2.38345
v -0.503584 0.503749 2.32751
v -0.528986 0.560041 2.31784
v -0.903688 0.469552 -1.69576
v -0.911008 0.535934 -1.72342
v -0.636951 0.582663 -2.36388
v -0.690587 0.582531 -2.33618
v -0.667692 0.717902 -2.262
v -0.62566 0.720391 -2.29066
v -0.396895 0.586301 -2.40909
v -0.585343 0.583527 -2.37668
v -0.587267 0.720647 -2.30771
v -0.398527 0.724818 -2.35297
v -0.403374 0.334015 2.3569
v -0.478183 0.447457 2.33717
v -0.92942 0.640076 -0.154659
v -0.92942 0.64592 -0.734844
v -0.751161 0.577887 -2.27928
v -0.726693 0.717578 -2.19994
v -0.933439 0.809546 -1.52191
v -0.911116 0.520358 -1.67003
v -0.901009 0.81891 1.6124
v -0.926882 0.231845 1.16951
v -0.932925 0.370727 1.17712
v -0.936916 0.469273 1.20459
v -0.925343 0.196493 1.16758
v -0.924489 0.176862 1.16649
v -0.942473 0.624852 1.30307
v -0.943937 0.686433 1.39663
v -0.940423 0.561442 1.24703
v -0.9394 0.689541 1.7434
v -0.943327 0.726711 1.57413
v -0.915483 0.218364 1.97273
v -0.914147 0.20741 2.03597
v -0.915184 0.231093 2.03583
v -0.916439 0.240362 1.97208
v -0.91923 0.302617 1.9694
v -0.918215 0.297845 2.0296
v -0.921245 0.364596 2.02337
v -0.922021 0.364871 1.96671
v -0.914662 0.199275 1.97273
v -0.913388 0.186185 2.03597
v -0.832809 0.717977 -2.07564
v -0.82051 0.778448 -2.09702
v -0.667288 1.10656 -1.5373
v -0.935747 0.633709 1.83109
v -0.925376 0.436025 1.95148
v -0.924896 0.439837 1.99958
v -0.928546 0.515078 1.97578
v -0.928857 0.506251 1.92374
v -0.90206 0.846476 1.20939
v -0.902214 0.836602 1.41095
v -0.866889 0.298163 2.17338
v -0.824141 0.313536 2.13495
v -0.831202 0.365631 2.12348
v -0.875459 0.361386 2.15946
v -0.61176 0.324417 2.3139
v -0.613918 0.335169 2.25074
v -0.651296 0.313176 2.23226
v -0.657123 0.297725 2.29147
v -0.8315 0.563877 -2.09556
v -0.896995 0.885434 -0.0170862
v -0.50858 1.37625 -0.197735
v -0.513958 1.36398 0.0851925
v -0.418703 0.930568 1.5854
v -0.391999 0.908709 1.75412
v -0.286444 0.585696 -2.42194
v -0.286444 0.722193 -2.37175
v -0.216206 0.277483 2.41368
v -0.197718 0.281921 2.42497
v -0.448117 1.04932 -1.98953
v -0.506753 1.27063 -1.22556
v -0.506886 1.30158 -1.06078
v -0.210186 0.32829 2.36399
v -0.359773 0.332723 2.3585
v -0.368174 0.305751 2.41873
v -0.527669 1.34534 0.247277
v -0.480379 0.270689 2.37744
v -0.368003 0.293924 2.41873
v -0.506886 1.3322 -0.9067
v -0.629276 1.33128 -0.277302
v -0.600739 1.35121 -0.280442
v -0.627734 1.32051 -0.566687
v -0.286444 0.954434 -2.32165
v -0.542 1.30144 0.404978
v -0.573274 1.37051 -0.196522
v -0.602201 1.35063 -0.193249
v -0.367642 0.211403 2.4327
v -0.36772 0.225379 2.4327
v -0.363129 0.664039 2.36351
v -0.37035 0.694541 2.36351
v -0.602376 0.321864 2.31918
v -0.640544 0.379575 2.30285
v -0.410945 0.663593 2.36075
v -0.716008 0.450418 2.26173
v -0.699817 0.438992 2.20775
v -0.641582 0.376654 2.23939
v -0.645333 0.374763 2.30013
v -0.416289 0.738946 2.25807
v -0.864776 0.449002 2.17991
v -0.8224 0.437826 2.14033
v -0.805355 0.4964 2.15641
v -0.84409 0.520088 2.19942
v -0.397346 0.647076 2.30757
v -0.355342 0.647468 2.30999
v -0.211231 0.648812 2.3183
v -0.806035 0.520197 2.21799
v -0.773998 0.496489 2.17171
v -0.626687 1.27668 -0.9067
v -0.635638 1.24332 -1.05187
v -0.673093 1.25527 0.383896
v -0.657066 1.29956 0.239769
v -0.644589 1.20996 -1.19703
v -0.631137 1.33074 -0.189948
v -0.641038 1.3182 0.0874005
v -0.572207 1.37114 -0.28358
v -0.497691 0.469471 -2.37385
v -0.607865 0.503589 -2.35185
v -0.286444 0.466761 -2.40139
v -0.751985 0.504951 -2.25128
v -0.77889 0.489913 -2.21443
v -0.685334 0.509727 -2.3092
v -0.396895 0.467566 -2.38738
v -0.707406 0.880915 -2.23965
v -0.715111 0.906265 -2.22742
v -0.663062 0.917661 -2.25313
v -0.659762 0.882293 -2.26379
v -0.586443 0.881509 -2.29237
v -0.587693 0.926298 -2.28174
v -0.396895 0.933302 -2.30638
v -0.396946 0.869466 -2.32451
v -0.625378 0.921991 -2.26566
v -0.623365 0.882266 -2.27681
v -0.625659 0.749305 -2.28114
v -0.664078 0.749093 -2.26359
v -0.396259 0.75556 -2.34078
v -0.587151 0.748922 -2.28982
v -0.727352 0.746038 -2.20054
v -0.759313 0.849251 -2.18514
v -0.808065 0.74448 -2.09533
v -0.796492 0.778477 -2.10821
v -0.286652 0.863962 -2.33748
v -0.286444 0.93053 -2.31224
v -0.286299 0.80929 -2.3509
v -0.802132 0.377838 -2.15167
v -0.813746 0.301549 -2.09756
v -0.815471 0.282004 -2.08467
v -0.902378 0.180053 -0.0258205
v -0.65213 0.928361 1.36189
v -0.680315 0.956921 1.07464
v -0.462228 0.783351 2.15263
v -0.52603 0.843805 1.95259
v -0.584568 0.886626 1.7381
v -0.617137 0.907327 1.56652
v -0.479528 0.229273 2.38599
v -0.593626 0.229788 2.33613
v -0.216152 0.228948 2.42589
v -0.362163 0.228938 2.42031
v -0.404721 0.228935 2.41869
vn 0.993825 0.10464 -0.0369123
vn 0.946634 0.322084 -0.0120803
vn 0.817436 0.573042 0.0584936
vn 0.999764 0.00637024 -0.0207821
vn 0.966129 0.257872 -0.00979843
vn 0.998049 0.046642 -0.0414958
vn 0.973787 -0.201229 -0.106044
vn 0.997064 -0.055103 -0.0531697
vn 0.970243 -0.133097 -0.202272
vn 0.872189 -0.488368 -0.0279714
vn 0.873487 -0.486109 -0.0267967
vn 0.873479 -0.486124 -0.0268045
vn 0.943446 -0.331057 0.0176262
vn 0.944073 -0.329456 0.0136007
vn 0.939315 -0.340511 0.0417126
vn 0.522486 -0.15007 0.839338
vn 0.515958 -0.135556 0.84582
vn 0.524266 -0.126567 0.842096
vn 0.242553 0.920451 0.306495
vn 0.369273 0.863477 0.343577
vn 0.0928582 0.901618 0.422448
vn 0.116123 0.990247 0.076982
vn 0.338136 0.938593 0.0686099
vn 0.206547 0.974848 0.0837274
vn 0.444735 0.119747 0.887622
vn 0.491909 0.369882 0.788171
vn 0.52194 0.308106 0.795393
vn 0.975343 0.22064 -0.00488746
vn 0.97645 0.215734 -0.00217862
vn 0.976386 0.216022 -0.00233734
vn 0.430912 -0.54815 -0.716831
vn 0.149125 -0.696325 -0.702063
vn 0.20053 -0.675094 -0.709955
vn -0.993825 0.10464 -0.0369124
vn -0.817436 0.573042 0.0584937
vn -0.946634 0.322084 -0.0120803
vn -0.999764 0.00637024 -0.0207822
vn -0.998049 0.0466421 -0.0414958
vn -0.966129 0.257872 -0.00979847
vn -0.973787 -0.201229 -0.106044
vn -0.970243 -0.133097 -0.202272
vn -0.997064 -0.055103 -0.0531697
vn -0.872189 -0.488368 -0.0279714
vn -0.873479 -0.486124 -0.0268045
vn -0.873487 -0.486109 -0.0267967
vn -0.943446 -0.331057 0.0176262
vn -0.939315 -0.340511 0.0417126
vn -0.944073 -0.329456 0.0136007
vn -0.522486 -0.15007 0.839338
vn -0.524266 -0.126567 0.842096
vn -0.515958 -0.135556 0.84582
vn -0.242553 0.920451 0.306495
vn -0.0928582 0.901618 0.422449
vn -0.369273 0.863477 0.343577
vn -0.116123 0.990247 0.076982
vn -0.206547 0.974848 0.0837274
vn -0.338136 0.938593 0.0686098
vn -0.444735 0.119747 0.887621
vn -0.521939 0.308106 0.795393
vn -0.491909 0.369882 0.788171
vn -0.975343 0.22064 -0.00488746
vn -0.976386 0.216022 -0.00233721
vn -0.97645 0.215734 -0.00217848
vn -0.430913 -0.548148 -0.716832
vn -0.20053 -0.675094 -0.709955
vn -0.149125 -0.696325 -0.702063
vn 0.757534 0.577036 -0.30524
vn 0.795948 0.564237 -0.219326
vn 0.869916 0.434029 -0.234235
vn 0.855844 0.394215 -0.334851
vn 0.918734 0.261126 0.296211
vn 0.783086 0.544456 0.300573
vn 0.732647 0.580712 0.354967
vn 0.831342 0.341738 0.438276
vn -0.00213012 0.99999 0.00392107
vn 0 0.999992 0.00392108
vn -6.82357e-09 0.998825 0.0484647
vn -0.00255314 0.99915 0.0411392
vn 0.0178435 0.962438 0.270916
vn 2.86069e-08 0.955609 0.294638
vn 1.43359e-08 0.891913 0.452208
vn 0.0679916 0.867923 0.492023
vn -1.18709e-08 0.855002 0.518625
vn -2.33167e-08 0.855481 0.517835
vn 0.0491084 0.868006 0.49412
vn -0.00310928 0.99412 0.108241
vn 1.4752e-08 0.993652 0.112494
vn 3.14447e-08 0.98478 0.173804
vn 0.0013262 0.985856 0.16759
vn 0.0587329 -0.00346121 0.998268
vn 0.0587417 -0.00344905 0.998267
vn 0 -5.72981e-05 1
vn 0.831738 0.520181 0.19397
vn 0.771623 0.603581 0.200718
vn 0.794798 0.549548 0.257475
vn 0.929778 0.288739 0.228347
vn 0.923539 0.383496 0.00271994
vn 0.856419 0.51625 0.00564804
vn 0.854636 0.519057 0.0132842
vn 0.928809 0.370533 0.0043641
vn 0.0555088 0.99814 0.025218
vn 5.10314e-08 0.999658 0.026157
vn 6.76805e-08 0.996681 0.0814085
vn 0.0527024 0.995412 0.07986
vn 0.0552485 0.995805 -0.0729449
vn 1.06917e-08 0.997266 -0.0739016
vn 5.93488e-08 0.999862 -0.0166074
vn 0.0565745 0.998266 -0.016273
vn 0.947085 0.320317 0.0206541
vn 0.866156 0.49977 0.00177546
vn 0.882018 0.471215 -0.00107337
vn 0.968277 0.249866 0.00271372
vn 0.0692001 0.984361 -0.162001
vn 8.90301e-09 0.988469 -0.151422
vn -2.96866e-08 0.991424 -0.130688
vn 0.0574984 0.989001 -0.136275
vn 0.919703 0.391373 -0.0312094
vn 0.827233 0.561012 -0.030835
vn 0.842672 0.538318 -0.0108768
vn 0.920725 0.390202 -0.00280294
vn 0.636605 0.770864 -0.0224094
vn 0.575492 0.81654 -0.0455179
vn 0.477818 0.87776 0.0350418
vn 0.62694 0.778996 0.0105669
vn 0.620792 0.759165 -0.19567
vn 0.480462 0.857202 -0.185367
vn 0.543767 0.833076 -0.101495
vn 0.619921 0.77958 -0.0891804
vn 0.631072 0.775617 0.0128886
vn 0.443534 0.895809 0.028346
vn 0.449513 0.893053 0.0198505
vn 0.649732 0.760069 0.0120065
vn 0.671763 0.740646 0.0133781
vn 0.557611 0.829907 0.0180248
vn 0.543287 0.829784 0.127664
vn 0.641426 0.766463 0.0332726
vn 0.53528 0.839641 0.0920735
vn 0.316686 0.938583 0.137015
vn 0.269276 0.94478 0.186764
vn 0.484461 0.862967 0.143478
vn 0.43464 0.834372 0.338987
vn 0.196707 0.902938 0.382111
vn 0.143539 0.91175 0.384848
vn 0.230285 0.913875 0.334367
vn 0.45874 0.860614 0.221135
vn 0.238935 0.937962 0.251272
vn 0.230932 0.9151 0.330548
vn 0.448876 0.843869 0.293931
vn 0.393131 0.913793 0.102131
vn 0.602401 0.795826 0.0614371
vn 0.350751 -7.24317e-07 -0.936469
vn 0.358966 -6.12264e-07 -0.933351
vn 0.372957 0.00239151 -0.927845
vn 0.390778 0.00314396 -0.92048
vn 0.0910873 -4.21502e-06 -0.995843
vn 0.0897359 -4.36266e-06 -0.995966
vn 0.253649 -1.57593e-07 -0.967296
vn 0.269977 -1.56871e-07 -0.962867
vn 0.375291 0.904933 -0.200633
vn 0.545582 0.826435 -0.139089
vn 0.681722 0.730883 0.0326399
vn 0.557985 0.829024 0.0370393
vn 0.564001 0.825257 0.0292244
vn 0.678089 0.734528 0.0257662
vn 0.497559 0.547011 0.673211
vn 0.327283 0.419982 0.846464
vn 0.456038 0.526487 0.717524
vn 0.498931 0.543634 0.674929
vn 0.373272 0.913055 0.164311
vn 0.401136 0.899225 0.174598
vn 0.360811 0.902592 0.234824
vn 0.334668 0.91798 0.21286
vn 0.230107 0.857734 0.45972
vn 0.261961 0.828185 0.495466
vn 0.244316 0.83682 0.489942
vn 0.226694 0.84982 0.475832
vn 0.288491 0.914822 0.282619
vn 0.308083 0.898279 0.313337
vn 0.315808 0.823323 0.471598
vn 0.257754 0.884521 0.388826
vn 0.5241 0.833362 0.175578
vn 0.511467 0.847292 0.143172
vn 0.445629 0.883216 0.1461
vn 0.415202 0.901306 0.12351
vn 0.675592 0.737165 0.0127764
vn 0.496839 0.867744 0.0131058
vn 0.538346 0.842338 0.0254859
vn 0.691496 0.722017 0.0229068
vn 0.923347 0.383965 -0.000696665
vn 0.874195 0.485501 0.00853396
vn 0.865793 0.500161 0.0155349
vn 0.912359 0.40923 0.0115012
vn 0.638513 0.755889 -0.144682
vn 0.612077 0.771449 -0.173863
vn 0.611836 0.770778 -0.177645
vn 0.638921 0.754555 -0.149759
vn 0.612586 0.788135 -0.0598508
vn 0.645743 0.754506 -0.117204
vn 0.645282 0.755249 -0.114937
vn 0.612979 0.788059 -0.0567417
vn 0.555471 0.823966 0.111944
vn 0.552043 0.833222 0.0314599
vn 0.552251 0.833101 0.0310194
vn 0.555016 0.825226 0.104688
vn 0.574027 0.794691 -0.197381
vn 0.440534 0.875744 -0.19749
vn 0.403447 0.887309 -0.223413
vn 0.56261 0.800505 -0.206548
vn 0.587352 0.778777 0.220283
vn 0.583469 0.783724 0.212931
vn 0.245327 0.94473 -0.217485
vn 0.158112 0.956539 -0.245018
vn 0.0932189 0.969001 -0.228796
vn 0.169845 0.957376 -0.233631
vn 0.560787 0.00397486 -0.827951
vn 0.616582 0.00308355 -0.787285
vn 0.0550423 0.982032 0.180509
vn 0 0.98328 0.182102
vn -6.66319e-08 0.969664 0.244442
vn 0.0581928 0.967536 0.245943
vn 1 -2.41518e-15 -1.48243e-08
vn 0.9994 0.0340975 0.00603611
vn 0.999326 0.0366275 -0.00225866
vn 0.529318 0.545423 0.649874
vn 0.544546 0.552054 0.631431
vn 0.997877 -0.0523961 -0.0386882
vn 0.997393 -0.0570687 -0.0441532
vn 0.999556 -0.0280145 -0.0101902
vn 0.952824 0.00462471 -0.30349
vn 0.947914 0.015961 -0.318125
vn 0.980461 0.164613 -0.107699
vn 0.990051 0.107511 -0.0907799
vn 0.999556 -0.0280142 -0.0101889
vn 0.785701 0.618125 0.0243783
vn 0.784286 0.619933 0.0240528
vn 0.773965 0.633072 0.0140818
vn 0.773885 0.633174 0.0138985
vn 0.999706 -0.00248911 -0.0241045
vn 0.975763 0.214833 0.0416416
vn 0.958845 0.283894 0.00453066
vn 0.998846 -0.00464455 -0.0478086
vn 0.94419 0.140156 0.298097
vn 0.746572 0.401571 0.530445
vn 0.80626 -0.148695 -0.572569
vn 0.655538 -0.21124 -0.725016
vn 0.812973 -0.16526 -0.558358
vn 0.888299 -0.0723564 -0.453531
vn 0.947528 -0.0254255 -0.318659
vn 0.951494 -0.0127324 -0.307403
vn 0.9782 -0.0128852 -0.207264
vn 0.98404 -0.00320818 -0.17792
vn 0.890063 -0.0252343 0.455139
vn 0.891086 -0.025316 0.453129
vn 0.719513 -0.011783 0.694379
vn 0.719079 -0.011729 0.694829
vn 0.999535 -0.0110607 -0.0284304
vn 0.999509 -0.0108645 -0.0293775
vn 0.99945 -0.0220575 0.024776
vn 0.040323 -0.000117675 0.999187
vn 0.0403146 -0.000117887 0.999187
vn 0 -6.449e-05 1
vn 0.949267 -0.311317 -0.0444337
vn 0.963297 -0.265704 -0.0382273
vn 0.962017 -0.270211 -0.0388409
vn 0.999159 -6.68099e-09 -0.0410076
vn 0.999197 -6.5277e-09 -0.0400668
vn 0.987224 -0.117725 -0.107377
vn 0.984842 -0.112462 -0.132056
vn 0.976167 -0.184294 -0.114602
vn 0.975773 -0.19598 -0.0972541
vn 0.634742 -0.0059083 0.772701
vn 0.637554 -0.00601981 0.770382
vn 0.4912 -0.00511085 0.871032
vn 0.493935 -0.00507108 0.869484
vn 0.400642 -0.00503045 0.916221
vn 0.400643 -0.0050401 0.916221
vn 0.224255 -0.00200002 0.974528
vn 0.223918 -0.0019968 0.974606
vn 0.998758 0.0184956 0.0462713
vn 0.956971 0.285959 0.0493368
vn 0.999097 0.0162363 0.0392667
vn 0.998826 0.0197227 0.0442426
vn 0.951286 -0.0330149 -0.306537
vn 0.965445 -0.0542529 -0.254898
vn 0.885264 -0.0235599 0.464491
vn 0.898356 -0.0681408 0.433951
vn 0.731034 -0.00227088 0.682338
vn 0.691201 0.0602963 0.720143
vn 0.702755 0.708726 -0.0619819
vn 0.693606 0.718715 -0.0485754
vn 0.74879 0.648744 -0.135814
vn 0.956729 0.16401 0.240356
vn 0.984115 -0.040517 0.172846
vn 0.988236 -0.0924076 0.121866
vn 0.985107 0.128568 0.114173
vn 0.708819 0.705302 0.0111932
vn 0.710497 0.703614 0.0110432
vn 0.953065 -0.302447 -0.0138582
vn 0.953098 -0.302349 -0.0137729
vn 0.978851 -0.107749 -0.173902
vn 0.978127 -0.139803 -0.154018
vn 0.597 0.23568 0.766841
vn 0.602353 0.219694 0.767402
vn 0.0402308 -0.93189 0.360502
vn 0.0151665 -0.921885 0.387166
vn 0.0151663 -0.921886 0.387164
vn 0.0259866 -0.926365 0.375728
vn 0.78819 0.614822 0.0273936
vn 0.787226 0.61604 0.0277641
vn 0.0789562 0.994425 -0.0698922
vn 0.0859237 0.996192 -0.0148018
vn 0.958142 0.0433319 0.282997
vn 0.911332 0.09072 0.401551
vn 0.920696 0.0318886 -0.388975
vn 0.903385 -0.0146436 -0.42858
vn 0.909905 -0.04169 -0.412717
vn 0.932859 -0.0311215 -0.358895
vn 0.993323 0.111471 0.0297274
vn 0.865222 -0.500464 -0.0304263
vn 0.866542 -0.498198 -0.0300767
vn 0.871454 -0.490375 -0.0100456
vn 0.875385 -0.483394 -0.00560039
vn 0.979168 0.203038 0.00222834
vn 0.979256 0.202614 0.00232839
vn 0.982753 0.18474 0.00819134
vn 0.982823 0.184361 0.00834425
vn 0.994308 -0.0885644 -0.0592341
vn 0.994307 -0.088475 -0.0593819
vn 0.997797 -0.0663286 0.00145267
vn 0.999444 -0.0333396 0.000697618
vn 0.999141 -0.041418 -0.00107846
vn 0.996358 -0.0852168 -0.00288619
vn 0.966096 -0.0540872 -0.252453
vn 0.970245 -0.106239 -0.217573
vn 0.998442 -0.0557806 -0.00160185
vn 0.999615 -0.0277562 -0.000789636
vn 0.45303 -0.0839395 0.887535
vn 0.504231 -0.0839179 0.859482
vn 0.252245 -0.0506892 0.966335
vn 0.208103 -0.00756435 0.978078
vn 0.322183 0.906506 0.272848
vn 0.221444 0.91256 0.343796
vn 0.33364 0.904897 0.264282
vn 0.974926 -0.107776 -0.194686
vn 0.979196 -0.105346 -0.173429
vn 0.952608 -0.303804 -0.0155204
vn 0.952566 -0.303927 -0.0157068
vn 0.949823 -0.312549 -0.0121932
vn 0.949659 -0.31306 -0.0118896
vn 0.972704 0.2123 0.093682
vn 0.0337074 -0.000294171 0.999432
vn 0.0337457 -0.000299524 0.99943
vn 0 -0.000144432 1
vn 0 -0.00013643 1
vn 0.93236 -0.320737 -0.166829
vn 0.92812 -0.205857 -0.310186
vn 0.937735 -0.0672033 0.34079
vn 0.95674 -0.0202997 0.290234
vn 0.91538 -0.00907038 0.402489
vn 0.858755 -0.118259 0.498552
vn 0.93964 -0.090913 -0.329866
vn 0.956643 -0.110354 -0.269548
vn 0.980486 -0.194419 -0.029137
vn 0.980596 -0.193873 -0.0290741
vn 0.99129 0.128538 0.0286822
vn 0.991915 0.123166 0.0305854
vn 0.999996 0.00257175 0.00120106
vn 0.999996 0.00260948 0.00121868
vn 0.918202 0.395943 0.0115545
vn 0.856486 0.515895 0.0168287
vn 0.0753434 0.984431 -0.158808
vn 1.75051e-08 0.988632 -0.150355
vn 0.453575 0.855413 -0.250079
vn 0.304125 0.917339 -0.256901
vn 0.606393 0.751924 -0.258645
vn 0.806346 0.585689 -0.0823097
vn 0.879405 0.469817 -0.0769306
vn 0.0525131 0.965098 -0.25657
vn 1.20651e-08 0.964058 -0.265693
vn 0.0553737 0.965176 -0.255676
vn 0.878744 -0.476603 -0.0256566
vn 0.878748 -0.476596 -0.0256566
vn 0.998769 -0.0350875 -0.0350698
vn 0.996646 -0.0315375 -0.0755101
vn -0.794316 0.431792 0.427339
vn -0.794316 0.431791 0.42734
vn 0.988944 -0.145769 -0.0272119
vn 0.989722 -0.140303 -0.0276749
vn 0.993414 -0.0256085 -0.111686
vn 0.98409 -0.101177 -0.146049
vn 0.369256 0.45851 -0.808343
vn 0.387396 0.37949 -0.840186
vn 0.603684 0.279431 -0.746648
vn 0.543716 0.464428 -0.699057
vn 0.157912 0.379748 -0.911512
vn 0.185215 0.371261 -0.909869
vn 0.250182 0.431015 -0.866969
vn 0.236697 0.425124 -0.873639
vn -0.72273 0.549503 0.419175
vn -0.75798 0.495675 0.423996
vn -0.762563 0.488141 0.424519
vn 0.999432 -0.0112085 0.0317835
vn 0.99964 -0.0268507 -0.000228903
vn 0.998541 -0.0539913 -0.00047855
vn 0.762321 0.196565 -0.616627
vn 0.729024 0.368707 -0.576697
vn 0.974443 0.218864 -0.0505885
vn 0.993205 -0.110326 -0.0370273
vn 0.993454 -0.107335 -0.0390887
vn 0.999802 -0.015072 0.0130221
vn 0.742135 0.66308 0.097777
vn 0.998932 -0.044207 0.0134662
vn 0.999061 -0.0419839 0.0106593
vn 0.999087 -0.0415132 0.0100651
vn 0.999426 -0.0338908 2.11899e-05
vn 0.999394 -0.0347853 0.00122035
vn 0.999096 -0.0424257 0.00276542
vn 0.998932 -0.0442067 0.0134672
vn 0.999071 -0.0427987 0.00500427
vn 0.999364 -0.0351884 -0.00576059
vn 0.999362 -0.0352631 -0.00575818
vn 0.999049 -0.0415127 0.0133362
vn 0.998951 -0.0438031 0.0133723
vn 0.998955 -0.043705 0.0133938
vn 0.999069 -0.0410342 0.0133011
vn 0.998935 -0.0441571 0.0133531
vn 0.998933 -0.0441823 0.0134384
vn 0.998933 -0.0441764 0.0134314
vn 0.998935 -0.0441579 0.0133427
vn 0.999145 -0.039182 0.0131649
vn 0.826505 0.0318958 -0.562025
vn 0.60702 -0.22178 -0.763113
vn 0.624725 0.764681 -0.158059
vn 0.833006 0.552662 0.0258011
vn 0.781723 0.622587 0.0359779
vn -0.532197 0.393641 0.749541
vn -0.630162 0.0100318 0.776399
vn -0.631347 -0.0105439 0.775429
vn -0.542529 0.372897 0.752735
vn 0.557568 0.814996 0.157795
vn 0.505403 0.845778 0.17096
vn 0.485098 0.856609 0.175784
vn 0.87494 0.142497 -0.46279
vn 0.918641 0.394879 0.0130194
vn 0.858069 0.513127 0.0204357
vn 0.712815 -0.0253199 -0.700895
vn 0.698978 -0.110932 -0.706487
vn 0.99774 0.0239578 0.0627765
vn 0.0867275 0.995949 0.0237588
vn 0.0819551 0.993741 0.0759107
vn 0.356166 0.921858 0.152719
vn 0.239545 0.960761 0.139848
vn 0.245853 0.946631 0.208436
vn 0.364962 0.902513 0.228631
vn 2.39415e-09 0.328912 -0.944361
vn -1.18799e-09 0.293716 -0.955893
vn 0.10815 0.304378 -0.946392
vn 0.0927127 0.342638 -0.934882
vn 0.0102441 -0.930661 0.365739
vn 0.0141112 -0.923812 0.382586
vn 0.0854254 0.967636 -0.237453
vn 0.0863919 0.968544 -0.233366
vn 0.104988 0.978483 -0.177619
vn 0.0929092 0.978647 -0.183351
vn 0.00162678 0.911818 0.410592
vn -0.0119884 0.911976 0.410069
vn -0.0016734 0.911872 0.410472
vn 0.0832379 0.979635 0.18272
vn -0.0199807 -0.803477 0.595
vn 0.0306347 -0.906454 0.421191
vn 0.036673 -0.000500644 0.999327
vn 0.0366676 -0.000502151 0.999327
vn 1.62985e-08 0.911651 0.410965
vn 0.0774174 0.986168 -0.14656
vn 0.57726 0.816365 -0.0178656
vn 0.61232 0.788085 -0.0631336
vn 0.57764 0.816114 -0.0170487
vn 0 -1.62921e-07 -1
vn 0.0418503 -4.21477e-06 -0.999124
vn 0.0420312 -4.28232e-06 -0.999116
vn 0.0876515 0.962864 0.255362
vn 0.562562 0.826714 0.00829939
vn 0.563046 0.826378 0.00880665
vn 0.0381963 -0.000195797 0.99927
vn 0.0562518 -0.0104063 0.998362
vn 0.0562442 -0.0116042 0.99835
vn 0.514028 -0.131321 0.847661
vn 0.52531 -0.102962 0.844659
vn 0.534752 -0.0882071 0.840393
vn 0.533875 -0.084372 0.841344
vn 2.29571e-08 -0.932488 0.361202
vn 0.183564 0.217334 0.958681
vn 0.162549 0.178361 0.970446
vn 0.662517 -0.747956 -0.0404048
vn 0.779499 -0.622753 -0.0675312
vn 0.760338 -0.646056 -0.0670731
vn 0.66168 -0.748719 -0.039992
vn 0.020832 0.902884 0.42938
vn 0.0294079 0.898764 0.437446
vn -0.601268 -0.317166 0.733405
vn -0.580833 -0.368269 0.725955
vn -0.607015 -0.301706 0.735192
vn -0.531929 -0.760589 0.372232
vn 0.509596 0.102573 0.854278
vn 0.446739 0.0758355 0.891444
vn 0.00807432 -0.955555 0.294704
vn 0.00924862 -0.956059 0.29303
vn 0.0089095 -0.955913 0.293514
vn -0.468049 0.507242 0.723627
vn 0.0336959 -0.000290068 0.999432
vn 0 -0.000128422 1
vn 0.608165 -0.793679 -0.0144222
vn 0.209918 0.0227241 0.977455
vn 0.646433 0.753771 -0.118126
vn 0.637457 0.757658 -0.140012
vn 0.591338 0.773629 0.227636
vn 0.555934 0.822547 0.119807
vn 0.611959 0.772247 -0.170705
vn 0.551815 0.833341 0.0323001
vn 0.562031 0.827079 0.00784789
vn 0.578015 0.815865 -0.0162453
vn 0.188963 -0.187905 -0.963839
vn 0.220391 -0.204309 -0.953775
vn 0.375082 -0.280091 -0.883664
vn 0.347634 -0.226461 -0.909871
vn 0 -0.164933 -0.986305
vn 0 -0.159695 -0.987167
vn 0.0876809 -0.166658 -0.982109
vn 0.0905599 -0.169397 -0.981378
vn 0.770561 -0.159912 -0.61698
vn 0.75004 -0.201327 -0.630006
vn 0.921374 -0.0921368 -0.377598
vn 0.862411 -0.109831 -0.49415
vn 0.563512 -0.244076 -0.789229
vn 0.537388 -0.307049 -0.785452
vn 0.136504 -0.175932 -0.974892
vn 0.136839 -0.167502 -0.976329
vn 0.954408 -0.130179 -0.268624
vn 0.934701 -0.11304 -0.33698
vn 0.979908 0.199339 0.00662349
vn 0.993914 0.082453 -0.0730462
vn 0.989474 0.135741 0.0501453
vn 0.600935 0.196187 -0.774847
vn 0.387084 0.241506 -0.889855
vn 0.396614 0.241344 -0.885692
vn 0.644751 0.180394 -0.742801
vn 0.256599 0.237328 -0.936927
vn 0.102321 0.28564 -0.952859
vn 0.104835 0.283403 -0.953254
vn 0.268454 0.235625 -0.934031
vn 0.362586 0.227663 -0.903715
vn 0.358893 0.229254 -0.904786
vn 0.405029 0.274029 -0.872273
vn 0.602817 0.0832873 -0.793521
vn 0.206317 0.349301 -0.914014
vn 0.262067 0.430733 -0.863592
vn 0.744532 0.0574546 -0.66511
vn 0.759131 -0.00626215 -0.650908
vn 0.729736 -0.0979835 -0.676671
vn 0.617442 -0.0607495 -0.784267
vn 0.636802 -0.202815 -0.743875
vn 0.0525983 0.345 -0.937128
vn -2.3007e-08 0.372817 -0.927905
vn 0.0533601 0.343611 -0.937595
vn -4.73384e-09 0.257553 -0.966264
vn 0.114129 0.262515 -0.958155
vn 0.218933 -0.414049 -0.883534
vn 0.194026 -0.414303 -0.889217
vn 0.276065 -0.427901 -0.860633
vn 0.260529 -0.435064 -0.861884
vn 0 -0.364124 -0.93135
vn 0.039079 -0.374827 -0.926271
vn 0.0393464 -0.375031 -0.926177
vn 0.41087 -0.512185 -0.754223
vn 0.346869 -0.493909 -0.797331
vn 0.892398 -0.0860403 -0.44297
vn 0.267526 -0.467913 -0.842311
vn 0.251539 -0.462243 -0.850329
vn 0.0778565 -0.399865 -0.913262
vn 0.0763744 -0.399017 -0.913757
vn 0.915954 -0.0686828 -0.395362
vn 0.90455 -0.0904653 -0.416659
vn 0.99989 0.00669929 0.013218
vn 0.99981 0.00738197 0.0180292
vn 0.896333 0.443371 0.00306171
vn 0.086699 0.995948 0.0238944
vn 0.0859387 0.996214 -0.0130963
vn 0.0366784 -0.000500166 0.999327
vn -0.0244566 0.996989 0.0735813
vn 0.0111627 0.996818 0.0789217
vn 0.0104464 0.995902 0.0898328
vn -0.0580876 0.995225 0.0784444
vn -0.137993 0.973968 0.179847
vn -0.0147202 0.971766 0.235486
vn -0.0110645 0.937415 0.348039
vn -0.155689 0.951501 0.265343
vn -0.0987281 0.923567 0.370508
vn -0.0296618 0.916656 0.398574
vn -0.105914 0.990286 0.0900944
vn 0.00701689 0.993935 0.109747
vn 0.00155803 0.98755 0.157299
vn -0.112516 0.986369 0.120073
vn 0.0930684 0.976534 -0.194216
vn 0.0775823 0.985399 -0.15156
vn 0.083787 0.978439 0.188778
vn 0.0882468 0.960582 0.263618
vn 0.0831922 0.976168 0.200439
vn 0.0831919 0.976168 0.200438
vn 0.083193 0.976167 0.200441
vn 0.0789599 0.994588 -0.067532
vn 0.081786 0.993843 0.0747416
vn 0.106027 0.976362 -0.188351
vn 5.89011e-08 -0.956461 0.291859
vn 0.975374 -0.0352987 0.217713
vn 0.978779 -0.0401107 0.200956
vn 0.985353 -0.0311674 0.167652
vn 0.988403 0.00555442 0.151751
vn 0.00979342 0.966275 0.257326
vn 0.0104532 0.962294 0.27181
vn 0.0104534 0.962294 0.271812
vn 0.0102961 0.963265 0.268357
vn 0.98179 0.0656021 0.178285
vn 0.974583 -0.0373397 0.220893
vn 0.975065 -0.0334556 0.219385
vn 0.54385 -0.0116608 0.839102
vn 0.535457 -0.0950625 0.839195
vn 0.535462 -0.0950583 0.839193
vn 0.543899 -0.0115038 0.839072
vn 0.476609 -0.00170899 0.879114
vn 0.472642 -0.0214501 0.880993
vn 0.472641 -0.0214445 0.880994
vn 0.476608 -0.00170753 0.879114
vn 0.527542 -0.053141 0.847865
vn 0.52747 -0.0531088 0.847912
vn 0.530334 -0.105934 0.841145
vn 0.561623 -0.0157022 0.827244
vn 0.561637 -0.0156124 0.827237
vn 0.530321 -0.105907 0.841156
vn 0.48264 -0.04171 0.874825
vn 0.471731 -0.0224937 0.881456
vn 0.471731 -0.0224927 0.881455
vn 0.482639 -0.0417289 0.874825
vn 0.449795 -0.0397358 0.892247
vn 0.480163 -0.0626766 0.874937
vn 0.480144 -0.0626666 0.874949
vn 0.449798 -0.0397352 0.892246
vn 0.821304 -0.56638 -0.0683586
vn 0.169933 -0.919838 0.353584
vn -0.0373894 -0.759494 0.649439
vn -6.39344e-09 0.967233 0.253892
vn 0.0616691 0.973124 0.221871
vn 0.0351547 0.968146 0.247907
vn -0.757534 0.577036 -0.30524
vn -0.855844 0.394215 -0.334851
vn -0.869916 0.434029 -0.234235
vn -0.795948 0.564236 -0.219326
vn -0.918734 0.261126 0.296211
vn -0.831342 0.341738 0.438276
vn -0.732647 0.580713 0.354967
vn -0.783086 0.544456 0.300573
vn 0.00213012 0.99999 0.00392107
vn 0.00255313 0.99915 0.0411392
vn -0.0178434 0.962438 0.270916
vn -0.0679915 0.867923 0.492024
vn -0.0491083 0.868006 0.49412
vn 0.00310931 0.99412 0.108241
vn -0.00132614 0.985856 0.16759
vn -0.0587329 -0.00346141 0.998268
vn -0.0587417 -0.00344926 0.998267
vn -0.831738 0.520181 0.19397
vn -0.929778 0.288739 0.228347
vn -0.794798 0.549548 0.257475
vn -0.771623 0.603581 0.200718
vn -0.923539 0.383496 0.00272004
vn -0.928809 0.370533 0.00436409
vn -0.854636 0.519057 0.0132842
vn -0.856419 0.51625 0.00564806
vn -0.0555086 0.99814 0.025218
vn -0.0527024 0.995412 0.07986
vn -0.0552485 0.995805 -0.0729448
vn -0.0565744 0.998266 -0.016273
vn -0.947085 0.320317 0.0206541
vn -0.968277 0.249866 0.00271368
vn -0.882018 0.471215 -0.00107345
vn -0.866156 0.49977 0.00177544
vn -0.0692001 0.984361 -0.162001
vn -0.0574984 0.989001 -0.136275
vn -0.919703 0.391373 -0.0312093
vn -0.920725 0.390202 -0.00280286
vn -0.842672 0.538318 -0.0108768
vn -0.827233 0.561012 -0.0308349
vn -0.636605 0.770864 -0.0224095
vn -0.62694 0.778996 0.0105669
vn -0.477818 0.87776 0.0350418
vn -0.575492 0.81654 -0.0455179
vn -0.620792 0.759165 -0.19567
vn -0.619921 0.77958 -0.0891804
vn -0.543768 0.833076 -0.101495
vn -0.480463 0.857202 -0.185367
vn -0.631072 0.775617 0.0128885
vn -0.649732 0.760069 0.0120064
vn -0.449513 0.893053 0.0198505
vn -0.443534 0.895809 0.028346
vn -0.671763 0.740646 0.0133781
vn -0.641426 0.766463 0.0332726
vn -0.543286 0.829784 0.127664
vn -0.557611 0.829907 0.0180248
vn -0.53528 0.839641 0.0920735
vn -0.484461 0.862967 0.143478
vn -0.269276 0.94478 0.186764
vn -0.316686 0.938582 0.137015
vn -0.434639 0.834372 0.338987
vn -0.230285 0.913875 0.334367
vn -0.143539 0.91175 0.384848
vn -0.196707 0.902938 0.382111
vn -0.45874 0.860614 0.221135
vn -0.448876 0.843869 0.293931
vn -0.230932 0.9151 0.330548
vn -0.238935 0.937962 0.251271
vn -0.602401 0.795826 0.0614371
vn -0.393131 0.913793 0.102131
vn -0.350751 -1.5257e-07 -0.936469
vn -0.390778 0.00314241 -0.92048
vn -0.372957 0.00239059 -0.927845
vn -0.358966 -1.52062e-07 -0.933351
vn -0.0910873 -6.08556e-06 -0.995843
vn -0.269977 -1.56871e-07 -0.962867
vn -0.253649 -1.57593e-07 -0.967296
vn -0.0897359 -6.30133e-06 -0.995966
vn -0.545582 0.826435 -0.139089
vn -0.375291 0.904933 -0.200633
vn -0.681721 0.730883 0.0326399
vn -0.678089 0.734528 0.0257663
vn -0.564001 0.825257 0.0292244
vn -0.557985 0.829024 0.0370393
vn -0.497559 0.547011 0.673211
vn -0.498931 0.543635 0.674929
vn -0.456038 0.526487 0.717524
vn -0.327283 0.419982 0.846464
vn -0.373272 0.913055 0.164311
vn -0.334668 0.91798 0.21286
vn -0.360811 0.902592 0.234824
vn -0.401136 0.899225 0.174598
vn -0.230107 0.857734 0.459721
vn -0.226694 0.84982 0.475832
vn -0.244316 0.83682 0.489942
vn -0.26196 0.828185 0.495467
vn -0.288491 0.914822 0.282619
vn -0.257754 0.884521 0.388826
vn -0.315808 0.823323 0.471598
vn -0.308084 0.898279 0.313337
vn -0.524099 0.833362 0.175578
vn -0.415202 0.901306 0.12351
vn -0.445629 0.883215 0.1461
vn -0.511467 0.847292 0.143172
vn -0.675592 0.737165 0.0127764
vn -0.691495 0.722018 0.0229068
vn -0.538346 0.842338 0.0254858
vn -0.496838 0.867744 0.0131058
vn -0.923347 0.383965 -0.000696781
vn -0.912359 0.40923 0.0115012
vn -0.865793 0.500161 0.0155349
vn -0.874195 0.485501 0.00853396
vn -0.638513 0.755889 -0.144682
vn -0.638921 0.754555 -0.149759
vn -0.611836 0.770778 -0.177645
vn -0.612077 0.771449 -0.173863
vn -0.612586 0.788135 -0.0598508
vn -0.61298 0.788059 -0.0567417
vn -0.645282 0.755249 -0.114937
vn -0.645743 0.754506 -0.117204
vn -0.555471 0.823966 0.111944
vn -0.555015 0.825226 0.104688
vn -0.55225 0.833101 0.0310194
vn -0.552043 0.833222 0.0314599
vn -0.574027 0.794691 -0.197381
vn -0.56261 0.800505 -0.206547
vn -0.403448 0.887309 -0.223412
vn -0.440534 0.875744 -0.19749
vn -0.583469 0.783725 0.212931
vn -0.587351 0.778777 0.220283
vn -0.245327 0.94473 -0.217485
vn -0.169845 0.957376 -0.233631
vn -0.0932194 0.969001 -0.228796
vn -0.158113 0.956539 -0.245018
vn -0.616582 0.00307996 -0.787284
vn -0.560787 0.00397126 -0.827951
vn -0.0550423 0.982032 0.180509
vn -0.0581928 0.967536 0.245943
vn -1 -2.0927e-14 -1.28449e-07
vn -0.9994 0.0340975 0.0060361
vn -0.999326 0.0366275 -0.00225867
vn -0.529318 0.545424 0.649873
vn -0.544546 0.552054 0.631431
vn -0.997877 -0.0523961 -0.038688
vn -0.999556 -0.0280145 -0.0101902
vn -0.997393 -0.0570686 -0.0441529
vn -0.952823 0.00462478 -0.30349
vn -0.990051 0.107511 -0.0907799
vn -0.980461 0.164613 -0.107699
vn -0.947914 0.0159614 -0.318125
vn -0.999556 -0.0280142 -0.0101889
vn -0.785701 0.618125 0.0243783
vn -0.773885 0.633174 0.0138984
vn -0.773965 0.633072 0.0140817
vn -0.784286 0.619933 0.0240527
vn -0.999706 -0.00248911 -0.0241046
vn -0.975763 0.214833 0.0416417
vn -0.958845 0.283894 0.00453069
vn -0.998846 -0.00464454 -0.0478085
vn -0.94419 0.140156 0.298097
vn -0.746572 0.401571 0.530445
vn -0.80626 -0.148694 -0.572569
vn -0.888299 -0.0723561 -0.453531
vn -0.812974 -0.165259 -0.558358
vn -0.655538 -0.211242 -0.725015
vn -0.947528 -0.0254259 -0.318659
vn -0.98404 -0.00320829 -0.17792
vn -0.9782 -0.0128851 -0.207264
vn -0.951494 -0.0127326 -0.307403
vn -0.890063 -0.0252332 0.455139
vn -0.719079 -0.0117289 0.694829
vn -0.719513 -0.0117829 0.694379
vn -0.891086 -0.0253149 0.453129
vn -0.999535 -0.0110608 -0.0284305
vn -0.99945 -0.0220576 0.0247759
vn -0.999509 -0.0108646 -0.0293776
vn -0.040323 -0.000119706 0.999187
vn -0.0403146 -0.000119926 0.999187
vn -0.949267 -0.311317 -0.0444333
vn -0.962017 -0.270211 -0.0388408
vn -0.963297 -0.265704 -0.0382273
vn -0.999159 -6.681e-09 -0.0410077
vn -0.999197 -6.52771e-09 -0.0400668
vn -0.987224 -0.117725 -0.107377
vn -0.975773 -0.19598 -0.097254
vn -0.976167 -0.184294 -0.114602
vn -0.984842 -0.112462 -0.132056
vn -0.634742 -0.00590801 0.772701
vn -0.493935 -0.00506744 0.869484
vn -0.4912 -0.00510716 0.871032
vn -0.637554 -0.00601961 0.770382
vn -0.400642 -0.00502808 0.916221
vn -0.223918 -0.00199955 0.974606
vn -0.224255 -0.00200277 0.974528
vn -0.400642 -0.00503771 0.916221
vn -0.998758 0.0184956 0.0462713
vn -0.998826 0.0197228 0.0442426
vn -0.999097 0.0162363 0.0392666
vn -0.956971 0.285959 0.0493368
vn -0.965445 -0.0542528 -0.254898
vn -0.951286 -0.0330149 -0.306537
vn -0.885264 -0.02356 0.464491
vn -0.691201 0.0602963 0.720143
vn -0.731034 -0.00227087 0.682338
vn -0.898356 -0.0681409 0.433951
vn -0.702755 0.708727 -0.061982
vn -0.74879 0.648744 -0.135814
vn -0.693606 0.718715 -0.0485755
vn -0.956729 0.16401 0.240356
vn -0.985107 0.128568 0.114173
vn -0.988236 -0.0924076 0.121866
vn -0.984115 -0.040517 0.172846
vn -0.708819 0.705302 0.0111932
vn -0.710497 0.703614 0.0110432
vn -0.953098 -0.302349 -0.0137728
vn -0.953065 -0.302447 -0.0138582
vn -0.978127 -0.139803 -0.154019
vn -0.978851 -0.107749 -0.173902
vn -0.597 0.23568 0.766841
vn -0.602353 0.219694 0.767402
vn -0.0402308 -0.931891 0.360501
vn -0.0259866 -0.926366 0.375727
vn -0.0151663 -0.921886 0.387165
vn -0.0151665 -0.921885 0.387166
vn -0.787226 0.61604 0.0277642
vn -0.78819 0.614822 0.0273937
vn -0.0789561 0.994425 -0.0698922
vn -0.0859234 0.996192 -0.0148018
vn -0.958142 0.0433321 0.282997
vn -0.911332 0.0907204 0.401551
vn -0.920696 0.0318885 -0.388976
vn -0.932859 -0.0311215 -0.358895
vn -0.909905 -0.0416901 -0.412717
vn -0.903385 -0.0146434 -0.42858
vn -0.993323 0.111471 0.0297274
vn -0.865222 -0.500464 -0.0304261
vn -0.875385 -0.483394 -0.00560036
vn -0.871454 -0.490375 -0.0100455
vn -0.866542 -0.498198 -0.0300766
vn -0.979168 0.203038 0.00222856
vn -0.982823 0.184361 0.00834432
vn -0.982753 0.18474 0.00819141
vn -0.979256 0.202614 0.00232862
vn -0.994308 -0.0885644 -0.0592339
vn -0.994307 -0.088475 -0.0593816
vn -0.997797 -0.0663286 0.00145294
vn -0.996358 -0.0852168 -0.00288616
vn -0.999141 -0.041418 -0.00107846
vn -0.999444 -0.0333396 0.000697634
vn -0.970245 -0.106239 -0.217573
vn -0.966097 -0.0540872 -0.252453
vn -0.998442 -0.0557806 -0.00160151
vn -0.999615 -0.0277562 -0.000789628
vn -0.45303 -0.0839394 0.887535
vn -0.208103 -0.00756373 0.978078
vn -0.252245 -0.0506903 0.966335
vn -0.504231 -0.0839176 0.859482
vn -0.322183 0.906505 0.272848
vn -0.333641 0.904897 0.264282
vn -0.221444 0.912561 0.343796
vn -0.979196 -0.105346 -0.173429
vn -0.974927 -0.107776 -0.194686
vn -0.952608 -0.303804 -0.0155202
vn -0.949659 -0.31306 -0.0118895
vn -0.949823 -0.312549 -0.012193
vn -0.952566 -0.303927 -0.0157066
vn -0.972704 0.2123 0.0936819
vn -0.0337074 -0.000295017 0.999432
vn -0.0337457 -0.000297035 0.99943
vn -0.93236 -0.320737 -0.166829
vn -0.92812 -0.205857 -0.310186
vn -0.937735 -0.0672032 0.34079
vn -0.858755 -0.118259 0.498553
vn -0.91538 -0.0090703 0.402489
vn -0.95674 -0.0202996 0.290234
vn -0.956643 -0.110354 -0.269548
vn -0.93964 -0.0909131 -0.329866
vn -0.980596 -0.193873 -0.0290742
vn -0.980486 -0.194418 -0.0291372
vn -0.991915 0.123166 0.0305853
vn -0.99129 0.128538 0.0286821
vn -0.999996 0.00257175 0.00120101
vn -0.999996 0.00260948 0.00121863
vn -0.918202 0.395943 0.0115546
vn -0.856486 0.515895 0.0168287
vn -0.0753434 0.984431 -0.158808
vn -0.453575 0.855412 -0.250079
vn -0.304125 0.917339 -0.256901
vn -0.606394 0.751924 -0.258645
vn -0.879405 0.469817 -0.0769305
vn -0.806346 0.585689 -0.0823096
vn -0.0525133 0.965098 -0.25657
vn -0.0553739 0.965176 -0.255676
vn -0.878744 -0.476603 -0.0256565
vn -0.878748 -0.476596 -0.0256565
vn -0.996646 -0.0315375 -0.0755101
vn -0.998769 -0.0350875 -0.0350698
vn 0.794316 0.431791 0.427339
vn 0.794316 0.431791 0.42734
vn -0.989722 -0.140302 -0.0276753
vn -0.988944 -0.145768 -0.0272123
vn -0.98409 -0.101177 -0.146049
vn -0.993414 -0.0256085 -0.111686
vn -0.369256 0.45851 -0.808343
vn -0.543716 0.464428 -0.699057
vn -0.603684 0.279432 -0.746648
vn -0.387395 0.37949 -0.840186
vn -0.157912 0.379748 -0.911513
vn -0.236697 0.425124 -0.873639
vn -0.250182 0.431015 -0.866969
vn -0.185215 0.37126 -0.909869
vn 0.72273 0.549503 0.419175
vn 0.762563 0.488141 0.424519
vn 0.75798 0.495675 0.423996
vn -0.998541 -0.0539913 -0.000478454
vn -0.99964 -0.0268507 -0.000228913
vn -0.999432 -0.0112085 0.0317836
vn -0.729024 0.368707 -0.576697
vn -0.762321 0.196565 -0.616627
vn -0.974443 0.218864 -0.0505885
vn -0.993205 -0.110326 -0.0370276
vn -0.993454 -0.107335 -0.0390889
vn -0.999802 -0.015072 0.013022
vn -0.742135 0.66308 0.0977771
vn -0.998932 -0.044207 0.0134663
vn -0.999087 -0.0415132 0.0100647
vn -0.999061 -0.0419839 0.0106589
vn -0.999394 -0.0347853 0.00121999
vn -0.999426 -0.0338908 2.08958e-05
vn -0.999096 -0.0424257 0.00276566
vn -0.999071 -0.0427987 0.00500446
vn -0.998932 -0.0442067 0.0134672
vn -0.999364 -0.0351884 -0.00576038
vn -0.999362 -0.0352631 -0.00575797
vn -0.999049 -0.0415127 0.0133366
vn -0.999069 -0.0410342 0.0133014
vn -0.998955 -0.043705 0.0133941
vn -0.998951 -0.0438031 0.0133725
vn -0.998935 -0.0441571 0.0133532
vn -0.998935 -0.0441578 0.0133428
vn -0.998933 -0.0441764 0.0134313
vn -0.998933 -0.0441823 0.0134382
vn -0.999145 -0.0391821 0.0131649
vn -0.826505 0.0318958 -0.562026
vn -0.60702 -0.22178 -0.763113
vn -0.624725 0.764681 -0.158059
vn -0.833006 0.552662 0.0258011
vn -0.781723 0.622587 0.035978
vn 0.532197 0.393642 0.749541
vn 0.542529 0.372897 0.752735
vn 0.631347 -0.0105439 0.775429
vn 0.630162 0.0100318 0.776399
vn -0.557568 0.814996 0.157795
vn -0.485099 0.856609 0.175784
vn -0.505404 0.845778 0.17096
vn -0.87494 0.142497 -0.462791
vn -0.918641 0.394879 0.0130194
vn -0.858069 0.513127 0.0204358
vn -0.698978 -0.110937 -0.706486
vn -0.712815 -0.0253237 -0.700895
vn -0.99774 0.0239578 0.0627765
vn -0.0867273 0.995949 0.0237588
vn -0.081955 0.993741 0.0759107
vn -0.239545 0.960761 0.139848
vn -0.356166 0.921858 0.152719
vn -0.245853 0.946631 0.208436
vn -0.364962 0.902513 0.228631
vn -0.0927127 0.342638 -0.934882
vn -0.10815 0.304377 -0.946392
vn -0.0141113 -0.923812 0.382587
vn -0.0102441 -0.930661 0.36574
vn -0.0854256 0.967636 -0.237453
vn -0.0863919 0.968544 -0.233366
vn -0.104988 0.978483 -0.177619
vn -0.0929091 0.978647 -0.183351
vn -0.00162675 0.911818 0.410591
vn 0.00167343 0.911872 0.410472
vn 0.0119883 0.911976 0.410069
vn -0.0832378 0.979635 0.18272
vn 0.0199808 -0.803476 0.595001
vn -0.0306347 -0.906455 0.421191
vn -0.036673 -0.000500724 0.999327
vn -0.0366676 -0.000501276 0.999327
vn -0.0774174 0.986168 -0.14656
vn -0.57726 0.816365 -0.0178655
vn -0.57764 0.816114 -0.0170487
vn -0.61232 0.788085 -0.0631335
vn -0.0420312 -6.18368e-06 -0.999116
vn -0.0418503 -6.08494e-06 -0.999124
vn -0.0876513 0.962864 0.255362
vn -0.563046 0.826379 0.00880665
vn -0.562562 0.826714 0.00829941
vn -0.0381963 -0.000200298 0.99927
vn -0.0562518 -0.0104076 0.998362
vn -0.0562442 -0.0116058 0.99835
vn -0.52531 -0.102962 0.844659
vn -0.514028 -0.131321 0.847661
vn -0.534752 -0.0882069 0.840393
vn -0.533875 -0.0843717 0.841343
vn -0.162549 0.17836 0.970446
vn -0.183564 0.217333 0.958682
vn -0.662517 -0.747956 -0.0404047
vn -0.661679 -0.74872 -0.0399919
vn -0.760337 -0.646056 -0.0670729
vn -0.779499 -0.622753 -0.067531
vn -0.0208318 0.902884 0.42938
vn -0.0294078 0.898764 0.437446
vn 0.601268 -0.317166 0.733404
vn 0.607015 -0.301706 0.735192
vn 0.580833 -0.368269 0.725955
vn 0.531929 -0.760588 0.372233
vn -0.446739 0.0758359 0.891444
vn -0.509596 0.102574 0.854278
vn -0.00807386 -0.955554 0.294704
vn -0.00890936 -0.955913 0.293514
vn -0.00924849 -0.956059 0.29303
vn 0.468049 0.507242 0.723627
vn -0.0336959 -0.000294088 0.999432
vn -0.608165 -0.79368 -0.0144224
vn -0.209918 0.0227269 0.977455
vn -0.646433 0.753771 -0.118126
vn -0.637457 0.757658 -0.140012
vn -0.591338 0.773629 0.227636
vn -0.555934 0.822547 0.119807
vn -0.611959 0.772247 -0.170705
vn -0.56203 0.827079 0.00784792
vn -0.551815 0.833341 0.0323001
vn -0.578015 0.815865 -0.0162453
vn -0.188963 -0.187904 -0.963839
vn -0.347634 -0.226461 -0.909871
vn -0.375082 -0.280091 -0.883664
vn -0.220391 -0.204309 -0.953775
vn -0.0905599 -0.169397 -0.981378
vn -0.0876809 -0.166658 -0.982109
vn -0.770561 -0.159912 -0.61698
vn -0.862411 -0.109832 -0.49415
vn -0.921374 -0.0921369 -0.377599
vn -0.75004 -0.201327 -0.630006
vn -0.563512 -0.244075 -0.789229
vn -0.537388 -0.307049 -0.785452
vn -0.136504 -0.175932 -0.974892
vn -0.136839 -0.167502 -0.976329
vn -0.954408 -0.130179 -0.268624
vn -0.934701 -0.11304 -0.33698
vn -0.979908 0.199339 0.00662347
vn -0.993914 0.0824531 -0.0730462
vn -0.989474 0.135741 0.0501453
vn -0.600935 0.196187 -0.774847
vn -0.644752 0.180394 -0.742801
vn -0.396614 0.241343 -0.885692
vn -0.387084 0.241505 -0.889855
vn -0.256599 0.237329 -0.936927
vn -0.268454 0.235626 -0.934031
vn -0.104835 0.283403 -0.953254
vn -0.102321 0.285641 -0.952859
vn -0.358893 0.229254 -0.904787
vn -0.362586 0.227663 -0.903715
vn -0.405029 0.27403 -0.872273
vn -0.602817 0.0832894 -0.793521
vn -0.206317 0.349299 -0.914015
vn -0.262067 0.430732 -0.863592
vn -0.744532 0.0574549 -0.66511
vn -0.759131 -0.00626295 -0.650908
vn -0.729737 -0.0979836 -0.676671
vn -0.617441 -0.0607506 -0.784267
vn -0.636802 -0.202815 -0.743875
vn -0.0525983 0.345 -0.937128
vn -0.0533601 0.343611 -0.937595
vn -0.114129 0.262513 -0.958155
vn -0.218933 -0.414049 -0.883534
vn -0.260529 -0.435064 -0.861884
vn -0.276065 -0.427901 -0.860633
vn -0.194026 -0.414303 -0.889217
vn -0.0393463 -0.375031 -0.926177
vn -0.0390789 -0.374827 -0.926271
vn -0.41087 -0.512183 -0.754225
vn -0.346869 -0.493907 -0.797332
vn -0.892398 -0.0860405 -0.44297
vn -0.267525 -0.467912 -0.842311
vn -0.251539 -0.462243 -0.850329
vn -0.0778564 -0.399865 -0.913262
vn -0.0763743 -0.399017 -0.913757
vn -0.915954 -0.0686822 -0.395362
vn -0.904551 -0.0904654 -0.416658
vn -0.99989 0.00669929 0.0132179
vn -0.99981 0.00738197 0.0180292
vn -0.896333 0.443371 0.00306153
vn -0.0859381 0.996214 -0.0130963
vn -0.0866987 0.995948 0.0238944
vn -0.0366784 -0.000501581 0.999327
vn 0.0244563 0.996989 0.0735813
vn 0.0580876 0.995225 0.0784444
vn -0.0104464 0.995902 0.0898328
vn -0.0111629 0.996818 0.0789217
vn 0.137993 0.973968 0.179847
vn 0.155689 0.951501 0.265343
vn 0.0110646 0.937415 0.348039
vn 0.0147201 0.971766 0.235486
vn 0.0987284 0.923567 0.370508
vn 0.0296621 0.916656 0.398574
vn 0.105914 0.990285 0.0900944
vn 0.112516 0.986369 0.120073
vn -0.00155803 0.98755 0.157299
vn -0.00701671 0.993935 0.109747
vn -0.0930683 0.976534 -0.194216
vn -0.0775824 0.985399 -0.15156
vn -0.0837867 0.978439 0.188778
vn -0.0882465 0.960582 0.263618
vn -0.0831928 0.976168 0.20044
vn -0.0831934 0.976167 0.200441
vn -0.0789597 0.994588 -0.067532
vn -0.0817858 0.993843 0.0747416
vn -0.106027 0.976362 -0.188351
vn -0.975374 -0.0352987 0.217713
vn -0.978779 -0.0401107 0.200957
vn -0.985353 -0.0311673 0.167653
vn -0.988403 0.00555448 0.151751
vn -0.00979344 0.966275 0.257326
vn -0.0102961 0.963264 0.268357
vn -0.0104534 0.962293 0.271813
vn -0.0104532 0.962294 0.271811
vn -0.98179 0.0656021 0.178285
vn -0.974583 -0.0373392 0.220893
vn -0.975065 -0.0334551 0.219385
vn -0.543848 -0.0116587 0.839103
vn -0.543898 -0.0115017 0.839073
vn -0.535461 -0.095061 0.839193
vn -0.535456 -0.0950651 0.839196
vn -0.476609 -0.00170558 0.879114
vn -0.476609 -0.00170412 0.879114
vn -0.47264 -0.0214472 0.880994
vn -0.472641 -0.0214528 0.880994
vn -0.527542 -0.0531414 0.847865
vn -0.52747 -0.0531092 0.847912
vn -0.530335 -0.105933 0.841144
vn -0.530322 -0.105907 0.841156
vn -0.561637 -0.0156109 0.827236
vn -0.561624 -0.0157008 0.827244
vn -0.482639 -0.0417093 0.874826
vn -0.482638 -0.0417282 0.874825
vn -0.471732 -0.0224906 0.881455
vn -0.471731 -0.0224916 0.881456
vn -0.449795 -0.0397343 0.892247
vn -0.449798 -0.0397337 0.892246
vn -0.480144 -0.0626639 0.874949
vn -0.480163 -0.0626739 0.874937
vn -0.821304 -0.56638 -0.0683584
vn -0.169933 -0.919838 0.353584
vn 0.0373896 -0.759493 0.649441
vn -0.0616693 0.973124 0.221872
vn -0.0351547 0.968145 0.247908
vn 0.692795 -0.141133 -0.707189
vn -0.692795 -0.141138 -0.707188
vt 0.59838 -0.693655
vt 0.608554 -0.694058
vt 0.59838 -0.705317
vt 0.59838 -0.673893
vt 0.613761 -0.684239
vt 0.59838 -0.681992
vt 0.454151 -0.673893
vt 0.472543 -0.673893
vt 0.449945 -0.681992
vt 0.464971 -0.586607
vt 0.466656 -0.619087
vt 0.458347 -0.618968
vt 0.40293 -0.656694
vt 0.455625 -0.656694
vt 0.400913 -0.673893
vt 0.561827 -0.757966
vt 0.563835 -0.765931
vt 0.525508 -0.765931
vt 0.705707 -0.721867
vt 0.711578 -0.72218
vt 0.711578 -0.736388
vt 0.711578 -0.673893
vt 0.711578 -0.683699
vt 0.705707 -0.683746
vt 0.392516 -0.785395
vt 0.382232 -0.765931
vt 0.392516 -0.765931
vt 0.478756 -0.619278
vt 0.61169 -0.492034
vt 0.600686 -0.496017
vt 0.59838 -0.492034
vt 0.625 -0.5
vt 0.625 -0.518198
vt 0.59838 -0.518198
vt 0.602993 -0.5
vt 0.59838 -0.739321
vt 0.625 -0.745623
vt 0.625 -0.75
vt 0.59838 -0.75
vt 0.75 -0.673893
vt 0.75 -0.683397
vt 0.75 -0.724226
vt 0.75 -0.73852
vt 0.711578 -0.743194
vt 0.75 -0.74426
vt 0.75 -0.75
vt 0.711578 -0.75
vt 0.711578 -0.695398
vt 0.75 -0.695589
vt 0.75 -0.707179
vt 0.711578 -0.706248
vt 0.615996 -0.836578
vt 0.625 -0.836578
vt 0.625 -0.875
vt 0.616388 -0.875
vt 0.59838 -0.71698
vt 0.625 -0.721936
vt 0.625 -0.741245
vt 0.59838 -0.728642
vt 0.59838 -0.656694
vt 0.625 -0.656694
vt 0.625 -0.673893
vt 0.711578 -0.614746
vt 0.75 -0.614542
vt 0.75 -0.627407
vt 0.711578 -0.627922
vt 0.711578 -0.595948
vt 0.75 -0.595858
vt 0.75 -0.610384
vt 0.711578 -0.610525
vt 0.59838 -0.567906
vt 0.625 -0.567906
vt 0.625 -0.578409
vt 0.59838 -0.578409
vt 0.711578 -0.569741
vt 0.75 -0.568726
vt 0.75 -0.578409
vt 0.711578 -0.578409
vt 0.59838 -0.5469
vt 0.625 -0.5469
vt 0.625 -0.557403
vt 0.59838 -0.557403
vt 0.632966 -0.5469
vt 0.640931 -0.5469
vt 0.640931 -0.557403
vt 0.632966 -0.557403
vt 0.632966 -0.519091
vt 0.640931 -0.520067
vt 0.640931 -0.536396
vt 0.632966 -0.536396
vt 0.632966 -0.567906
vt 0.640931 -0.567906
vt 0.640931 -0.578409
vt 0.632966 -0.578409
vt 0.632966 -0.656694
vt 0.640931 -0.656694
vt 0.640931 -0.673893
vt 0.632966 -0.673893
vt 0.632966 -0.697644
vt 0.640931 -0.700258
vt 0.640931 -0.712598
vt 0.632966 -0.708958
vt 0.632966 -0.741506
vt 0.640931 -0.743692
vt 0.640931 -0.75
vt 0.632966 -0.75
vt 0.632966 -0.720985
vt 0.640931 -0.726907
vt 0.640931 -0.737384
vt 0.632966 -0.733013
vt 0.640931 -0.686168
vt 0.632966 -0.684592
vt 0.618155 -0.459821
vt 0.625 -0.459821
vt 0.625 -0.467798
vt 0.617236 -0.467798
vt 0.619511 -0.427509
vt 0.625 -0.427509
vt 0.625 -0.451844
vt 0.617755 -0.451844
vt 0.657202 -0.520363
vt 0.657202 -0.536396
vt 0.632966 -0.627145
vt 0.640931 -0.626455
vt 0.640931 -0.639495
vt 0.632966 -0.639495
vt 0.59838 -0.765931
vt 0.625 -0.791065
vt 0.524558 -0.782044
vt 0.657044 -0.697732
vt 0.673156 -0.695207
vt 0.673156 -0.705317
vt 0.657044 -0.708958
vt 0.661554 -0.74291
vt 0.673156 -0.742128
vt 0.673156 -0.75
vt 0.666065 -0.75
vt 0.657044 -0.72352
vt 0.673156 -0.720134
vt 0.673156 -0.734256
vt 0.657044 -0.73582
vt 0.657044 -0.673893
vt 0.673156 -0.673893
vt 0.673156 -0.684002
vt 0.657044 -0.685085
vt 0.632966 -0.598405
vt 0.640931 -0.598405
vt 0.640931 -0.614502
vt 0.632966 -0.615278
vt 0.59838 -0.598405
vt 0.625 -0.598405
vt 0.625 -0.616239
vt 0.59838 -0.618145
vt 0.668834 -0.57087
vt 0.668232 -0.56333
vt 0.673156 -0.563103
vt 0.673156 -0.570756
vt 0.66925 -0.595948
vt 0.669436 -0.578409
vt 0.673156 -0.578409
vt 0.673156 -0.596038
vt 0.668343 -0.635826
vt 0.668576 -0.628518
vt 0.673156 -0.628438
vt 0.673156 -0.635786
vt 0.666705 -0.547698
vt 0.665179 -0.536396
vt 0.673156 -0.536396
vt 0.673156 -0.54542
vt 0.668111 -0.643134
vt 0.673156 -0.643134
vt 0.665179 -0.518854
vt 0.665179 -0.5
vt 0.673156 -0.5
vt 0.673156 -0.518198
vt 0.625 -0.484069
vt 0.6163 -0.484069
vt 0.711578 -0.635528
vt 0.75 -0.63527
vt 0.75 -0.643134
vt 0.711578 -0.643134
vt 0.56766 -0.631228
vt 0.59838 -0.629895
vt 0.598379 -0.639495
vt 0.567563 -0.639495
vt 0.568224 -0.597982
vt 0.567822 -0.619565
vt 0.59838 -0.757966
vt 0.535796 -0.5469
vt 0.556969 -0.5469
vt 0.566025 -0.557403
vt 0.536187 -0.557403
vt 0.566985 -0.518198
vt 0.59838 -0.536396
vt 0.566905 -0.53513
vt 0.537494 -0.567906
vt 0.558682 -0.567906
vt 0.550859 -0.578409
vt 0.5388 -0.578409
vt 0.382232 -0.628473
vt 0.4057 -0.629279
vt 0.404947 -0.639495
vt 0.382232 -0.639495
vt 0.567242 -0.656694
vt 0.566921 -0.673893
vt 0.578531 -0.567906
vt 0.582202 -0.557403
vt 0.546344 -0.681992
vt 0.524558 -0.735702
vt 0.524558 -0.75
vt 0.561223 -0.49624
vt 0.567433 -0.5
vt 0.375 -0.499607
vt 0.382232 -0.499607
vt 0.382232 -0.5
vt 0.375 -0.5
vt 0.375 -0.741249
vt 0.381697 -0.741249
vt 0.381161 -0.753855
vt 0.375 -0.753855
vt 0.375 -0.673893
vt 0.382232 -0.673893
vt 0.382232 -0.681992
vt 0.375 -0.681992
vt 0.375 -0.836578
vt 0.382232 -0.836578
vt 0.382232 -0.875
vt 0.375 -0.875
vt 0.375 -0.5334
vt 0.382232 -0.53343
vt 0.382232 -0.536396
vt 0.375 -0.536396
vt 0.375 -0.656694
vt 0.382232 -0.656694
vt 0.375 -0.518198
vt 0.382232 -0.518198
vt 0.375 -0.757966
vt 0.38002 -0.757966
vt 0.375 -0.765931
vt 0.375 -0.785395
vt 0.382232 -0.785395
vt 0.382232 -0.798156
vt 0.375 -0.798156
vt 0.375 -0.598405
vt 0.382232 -0.595945
vt 0.382232 -0.616191
vt 0.375 -0.615752
vt 0.401893 -0.499606
vt 0.401893 -0.5
vt 0.392516 -0.739321
vt 0.392516 -0.75
vt 0.395154 -0.681992
vt 0.411045 -0.581306
vt 0.461565 -0.581153
vt 0.410051 -0.589594
vt 0.406852 -0.616534
vt 0.401315 -0.518198
vt 0.400836 -0.533282
vt 0.392516 -0.757966
vt 0.392516 -0.798156
vt 0.392516 -0.806828
vt 0.382232 -0.578409
vt 0.411392 -0.578409
vt 0.382232 -0.581815
vt 0.375 -0.578409
vt 0.375 -0.581814
vt 0.681828 -0.596017
vt 0.681828 -0.610632
vt 0.487648 -0.737497
vt 0.487648 -0.75
vt 0.478761 -0.498299
vt 0.531973 -0.49639
vt 0.538112 -0.5
vt 0.482496 -0.5
vt 0.57462 -0.578409
vt 0.457098 -0.639495
vt 0.466106 -0.639495
vt 0.464726 -0.656694
vt 0.466495 -0.631772
vt 0.480577 -0.632011
vt 0.480953 -0.639495
vt 0.535405 -0.536396
vt 0.535431 -0.533863
vt 0.536747 -0.639495
vt 0.536104 -0.656694
vt 0.48343 -0.656694
vt 0.53559 -0.518198
vt 0.483177 -0.518198
vt 0.536927 -0.6318
vt 0.403893 -0.786813
vt 0.450737 -0.79265
vt 0.424593 -0.798156
vt 0.408555 -0.798156
vt 0.395924 -0.75791
vt 0.396196 -0.751165
vt 0.454445 -0.518198
vt 0.45408 -0.533976
vt 0.457521 -0.631637
vt 0.406844 -0.836578
vt 0.421172 -0.836578
vt 0.421172 -0.875
vt 0.406844 -0.875
vt 0.421626 -0.739321
vt 0.450737 -0.739321
vt 0.450737 -0.75
vt 0.421627 -0.75
vt 0.453731 -0.499644
vt 0.454867 -0.5
vt 0.400738 -0.536396
vt 0.461806 -0.578409
vt 0.375 -0.639495
vt 0.625 -0.639495
vt 0.711578 -0.561073
vt 0.75 -0.559043
vt 0.640931 -0.5
vt 0.657202 -0.5
vt 0.632966 -0.5
vt 0.625 -0.536396
vt 0.711578 -0.5
vt 0.75 -0.5
vt 0.75 -0.518198
vt 0.711578 -0.518198
vt 0.535461 -0.673893
vt 0.497221 -0.681632
vt 0.487648 -0.787347
vt 0.454024 -0.536396
vt 0.483224 -0.533765
vt 0.472111 -0.472819
vt 0.524235 -0.462177
vt 0.524275 -0.471755
vt 0.472471 -0.483357
vt 0.471806 -0.427509
vt 0.522662 -0.427509
vt 0.524234 -0.45387
vt 0.472103 -0.463023
vt 0.538069 -0.597559
vt 0.537243 -0.620265
vt 0.52397 -0.485597
vt 0.473307 -0.492158
vt 0.577674 -0.5469
vt 0.483905 -0.536396
vt 0.625 -0.707505
vt 0.450314 -0.684619
vt 0.395246 -0.684621
vt 0.491899 -0.68518
vt 0.382232 -0.684523
vt 0.375 -0.684468
vt 0.568742 -0.693655
vt 0.559247 -0.688123
vt 0.533104 -0.685896
vt 0.574586 -0.71698
vt 0.582588 -0.705317
vt 0.382232 -0.725701
vt 0.392945 -0.725747
vt 0.392516 -0.728642
vt 0.382232 -0.728642
vt 0.421997 -0.725724
vt 0.451049 -0.7257
vt 0.450737 -0.728642
vt 0.421626 -0.728642
vt 0.375 -0.725538
vt 0.375 -0.728642
vt 0.525834 -0.492781
vt 0.555013 -0.492481
vt 0.660255 -0.549977
vt 0.567866 -0.722557
vt 0.487875 -0.725648
vt 0.524761 -0.724826
vt 0.524558 -0.728642
vt 0.487648 -0.728642
vt 0.625 -0.686671
vt 0.625625 -0.696889
vt 0.422669 -0.750696
vt 0.450397 -0.750591
vt 0.44175 -0.76563
vt 0.405189 -0.765181
vt 0.475026 -0.496597
vt 0.625 -0.62809
vt 0.625 -0.492034
vt 0.681828 -0.614908
vt 0.681828 -0.628321
vt 0.705707 -0.695369
vt 0.705707 -0.706106
vt 0.467415 -0.375
vt 0.509531 -0.375
vt 0.50978 -0.413422
vt 0.468383 -0.413422
vt 0.392516 -0.836578
vt 0.697491 -0.5
vt 0.691498 -0.518198
vt 0.681828 -0.562645
vt 0.681828 -0.570527
vt 0.423821 -0.806828
vt 0.681828 -0.635728
vt 0.408169 -0.806828
vt 0.681828 -0.578409
vt 0.664993 -0.610579
vt 0.665344 -0.595858
vt 0.669075 -0.610621
vt 0.619582 -0.375
vt 0.625 -0.375
vt 0.625 -0.413422
vt 0.619241 -0.413422
vt 0.681828 -0.643134
vt 0.668983 -0.61495
vt 0.673156 -0.614955
vt 0.375 -0.806828
vt 0.382232 -0.806828
vt 0.615203 -0.806828
vt 0.625 -0.806828
vt 0.439848 -0.765931
vt 0.487181 -0.765931
vt 0.392516 -0.875
vt 0.625 -0.798156
vt 0.614971 -0.798156
vt 0.520127 -0.765602
vt 0.482335 -0.765587
vt 0.681828 -0.742368
vt 0.681828 -0.75
vt 0.487966 -0.750819
vt 0.525514 -0.751119
vt 0.555625 -0.757816
vt 0.665715 -0.578409
vt 0.664512 -0.570983
vt 0.663066 -0.643134
vt 0.66353 -0.635866
vt 0.663308 -0.563557
vt 0.663995 -0.628598
vt 0.664808 -0.614947
vt 0.673156 -0.610663
vt 0.434277 -0.448368
vt 0.445023 -0.470316
vt 0.424004 -0.375
vt 0.424861 -0.413422
vt 0.450138 -0.494613
vt 0.447151 -0.49695
vt 0.445866 -0.4862
vt 0.425186 -0.427509
vt 0.595433 -0.483271
vt 0.594217 -0.467597
vt 0.609471 -0.467798
vt 0.6076 -0.484069
vt 0.591631 -0.451984
vt 0.586442 -0.427517
vt 0.614022 -0.427509
vt 0.61051 -0.451844
vt 0.594039 -0.459875
vt 0.61131 -0.459821
vt 0.53672 -0.461824
vt 0.5368 -0.470274
vt 0.537119 -0.427423
vt 0.536105 -0.453619
vt 0.536365 -0.485609
vt 0.585975 -0.489209
vt 0.537901 -0.491376
vt 0.553328 -0.490457
vt 0.580365 -0.41345
vt 0.577495 -0.375
vt 0.614163 -0.375
vt 0.613482 -0.413422
vt 0.553257 -0.375
vt 0.553113 -0.413402
vt 0.401893 -0.496056
vt 0.380705 -0.496109
vt 0.375 -0.496628
vt 0.375 -0.627711
vt 0.681828 -0.673893
vt 0.681828 -0.683934
vt 0.681828 -0.720595
vt 0.681828 -0.734737
vt 0.681828 -0.69525
vt 0.681828 -0.705527
usemtl CarPaint
f 1/1/1 2/2/2 3/3/3
f 4/4/4 5/5/5 6/6/6
f 7/7/7 8/8/8 9/9/9
f 10/10/10 11/11/11 12/12/12
f 13/13/13 14/14/14 15/15/15
f 16/16/16 17/17/17 18/18/18
f 19/19/19 20/20/20 21/21/21
f 22/22/22 23/23/23 24/24/24
f 25/25/25 26/26/26 27/27/27
f 10/10/28 28/28/29 11/11/30
f 29/29/31 30/30/32 31/31/33
f 32/1/34 33/3/35 34/2/36
f 35/4/37 36/6/38 37/5/39
f 38/7/40 39/9/41 40/8/42
f 41/10/43 42/12/44 43/11/45
f 44/13/46 45/15/47 46/14/48
f 47/16/49 48/18/50 49/17/51
f 50/19/52 51/21/53 52/20/54
f 53/22/55 54/24/56 55/23/57
f 56/25/58 57/27/59 58/26/60
f 41/10/61 43/11/62 59/28/63
f 60/29/64 61/31/65 62/30/66
f 63/32/67 64/33/68 65/34/69
f 63/32/67 65/34/69 66/35/70
f 67/36/71 68/37/72 69/38/73
f 67/36/71 69/38/73 70/39/74
f 22/22/75 71/40/76 72/41/77
f 22/22/75 72/41/77 23/23/78
f 20/20/79 73/42/80 74/43/81
f 20/20/79 74/43/81 21/21/21
f 75/44/82 76/45/83 77/46/84
f 75/44/82 77/46/84 78/47/85
f 79/48/86 80/49/87 81/50/88
f 79/48/86 81/50/88 82/51/89
f 83/52/90 78/53/91 77/54/92
f 83/52/90 77/54/92 84/55/92
f 85/56/93 86/57/94 87/58/95
f 85/56/93 87/58/95 88/59/96
f 89/60/97 90/61/98 91/62/99
f 89/60/97 91/62/99 4/4/100
f 92/63/101 93/64/102 94/65/103
f 92/63/101 94/65/103 95/66/104
f 96/67/105 97/68/106 98/69/107
f 96/67/105 98/69/107 99/70/108
f 100/71/109 101/72/110 102/73/111
f 100/71/109 102/73/111 103/74/112
f 104/75/113 105/76/114 106/77/115
f 104/75/113 106/77/115 107/78/116
f 108/79/117 109/80/118 110/81/119
f 108/79/117 110/81/119 111/82/120
f 112/83/121 113/84/122 114/85/123
f 112/83/121 114/85/123 115/86/124
f 116/87/125 117/88/126 118/89/127
f 116/87/125 118/89/127 119/90/128
f 120/91/129 121/92/130 122/93/131
f 120/91/129 122/93/131 123/94/132
f 124/95/133 125/96/134 126/97/135
f 124/95/133 126/97/135 127/98/136
f 128/99/137 129/100/138 130/101/139
f 128/99/137 130/101/139 131/102/140
f 132/103/141 133/104/142 134/105/143
f 132/103/141 134/105/143 135/106/144
f 136/107/145 137/108/146 138/109/147
f 136/107/145 138/109/147 139/110/148
f 127/98/136 126/97/135 140/111/149
f 127/98/136 140/111/149 141/112/150
f 142/113/151 143/114/152 144/115/153
f 142/113/151 144/115/153 145/116/154
f 146/117/155 147/118/156 148/119/157
f 146/117/155 148/119/157 149/120/158
f 117/88/126 150/121/159 151/122/160
f 117/88/126 151/122/160 118/89/127
f 152/123/161 153/124/162 154/125/163
f 152/123/161 154/125/163 155/126/164
f 156/127/165 157/128/166 158/129/167
f 156/127/165 158/129/167 17/17/168
f 159/130/169 160/131/170 161/132/171
f 159/130/169 161/132/171 162/133/172
f 163/134/173 164/135/174 165/136/175
f 163/134/173 165/136/175 157/137/176
f 166/138/177 167/139/178 168/140/179
f 166/138/177 168/140/179 169/141/180
f 170/142/181 171/143/182 172/144/183
f 170/142/181 172/144/183 173/145/184
f 174/146/185 175/147/186 176/148/187
f 174/146/185 176/148/187 177/149/188
f 178/150/189 179/151/190 180/152/191
f 178/150/189 180/152/191 181/153/192
f 182/154/193 183/155/194 184/156/195
f 182/154/193 184/156/195 185/157/196
f 186/158/197 187/159/198 188/160/199
f 186/158/197 188/160/199 189/161/200
f 190/162/201 191/163/202 192/164/203
f 190/162/201 192/164/203 193/165/204
f 194/166/205 195/167/206 196/168/207
f 194/166/205 196/168/207 197/169/208
f 170/142/181 198/170/209 199/171/210
f 170/142/181 199/171/210 171/143/182
f 200/172/211 143/173/212 148/174/213
f 200/172/211 148/174/213 201/175/214
f 145/116/154 144/115/153 202/176/215
f 145/116/154 202/176/215 203/177/216
f 204/178/217 205/179/218 206/180/219
f 204/178/217 206/180/219 207/181/220
f 208/182/221 209/183/221 210/184/221
f 208/182/221 210/184/221 211/185/221
f 212/186/222 178/150/223 181/153/221
f 212/186/222 181/153/221 213/187/221
f 16/16/224 214/188/225 156/127/165
f 16/16/224 156/127/165 17/17/168
f 215/189/226 216/190/227 217/191/228
f 215/189/226 217/191/228 218/192/228
f 219/193/229 65/34/230 220/194/231
f 219/193/229 220/194/231 221/195/232
f 222/196/228 223/197/228 224/198/233
f 222/196/228 224/198/233 225/199/233
f 226/200/234 227/201/235 228/202/236
f 226/200/234 228/202/236 229/203/237
f 230/204/221 89/60/221 4/4/4
f 230/204/221 4/4/4 231/205/238
f 232/206/239 233/207/240 111/82/120
f 232/206/239 111/82/120 100/71/109
f 231/205/238 4/4/4 6/6/6
f 231/205/238 6/6/6 234/208/241
f 235/209/242 67/36/71 70/39/74
f 235/209/242 70/39/74 236/210/243
f 237/211/244 30/30/245 66/35/246
f 237/211/244 66/35/246 238/212/247
f 239/213/248 240/214/249 241/215/250
f 239/213/248 241/215/250 242/216/251
f 243/217/252 244/218/253 245/219/254
f 243/217/252 245/219/254 246/220/255
f 247/221/256 248/222/257 249/223/258
f 247/221/256 249/223/258 250/224/258
f 251/225/259 252/226/260 253/227/261
f 251/225/259 253/227/261 254/228/261
f 255/229/262 256/230/263 257/231/264
f 255/229/262 257/231/264 258/232/262
f 259/233/265 260/234/266 248/222/257
f 259/233/265 248/222/257 247/221/256
f 179/151/190 174/146/185 177/149/188
f 179/151/190 177/149/188 180/152/191
f 261/235/267 262/236/268 256/230/269
f 261/235/267 256/230/269 255/229/270
f 263/237/271 264/238/272 26/26/273
f 263/237/271 26/26/273 265/239/274
f 266/240/275 267/241/276 268/242/277
f 266/240/275 268/242/277 269/243/278
f 270/244/279 271/245/280 272/246/281
f 270/244/279 272/246/281 273/247/282
f 240/214/249 274/248/283 275/249/284
f 240/214/249 275/249/284 241/215/250
f 244/218/285 276/250/286 277/251/287
f 244/218/285 277/251/287 245/219/288
f 248/222/289 15/15/290 278/252/291
f 248/222/289 278/252/291 249/223/291
f 279/253/292 280/254/293 10/10/294
f 279/253/292 10/10/294 281/255/295
f 260/234/296 13/13/297 15/15/290
f 260/234/296 15/15/290 248/222/289
f 281/255/295 10/10/294 12/12/298
f 281/255/295 12/12/298 282/256/299
f 262/236/268 283/257/300 284/258/301
f 262/236/268 284/258/301 256/230/269
f 264/238/302 285/259/303 27/27/27
f 264/238/302 27/27/27 26/26/26
f 286/260/304 287/261/305 288/261/306
f 286/260/304 288/261/306 289/260/307
f 271/245/280 281/255/295 282/256/308
f 271/245/280 282/256/308 272/246/309
f 290/262/228 291/263/228 279/253/228
f 290/262/228 279/253/228 292/264/228
f 293/265/228 290/262/228 292/264/228
f 293/265/228 292/264/228 294/266/228
f 295/267/310 96/67/105 99/70/108
f 295/267/310 99/70/108 296/268/311
f 123/94/132 122/93/131 175/147/186
f 123/94/132 175/147/186 174/146/185
f 103/74/112 102/73/111 179/151/190
f 103/74/112 179/151/190 178/150/189
f 107/78/116 106/77/115 97/68/106
f 107/78/116 97/68/106 96/67/105
f 297/269/312 235/209/242 236/210/243
f 297/269/312 236/210/243 298/270/313
f 183/155/194 194/166/205 197/169/208
f 183/155/194 197/169/208 184/156/195
f 299/271/314 300/272/315 301/273/316
f 299/271/314 301/273/316 302/274/317
f 303/275/318 103/74/112 178/150/223
f 303/275/318 178/150/223 212/186/222
f 304/276/319 305/277/320 306/278/321
f 304/276/319 306/278/321 14/14/322
f 307/279/323 308/280/324 309/281/325
f 307/279/323 309/281/325 305/277/326
f 310/282/327 311/283/328 216/190/227
f 310/282/327 216/190/227 215/189/226
f 309/281/329 312/284/330 313/285/331
f 309/281/329 313/285/331 314/286/332
f 302/274/317 301/273/316 315/287/333
f 302/274/317 315/287/333 316/288/334
f 111/82/120 110/81/119 101/72/110
f 111/82/120 101/72/110 100/71/109
f 308/280/335 317/289/336 312/284/330
f 308/280/335 312/284/330 309/281/329
f 318/290/337 319/291/338 320/292/339
f 318/290/337 320/292/339 321/293/340
f 322/294/341 323/295/342 324/295/342
f 322/294/341 324/295/342 325/294/343
f 283/257/300 326/296/344 327/297/345
f 283/257/300 327/297/345 284/258/301
f 227/201/346 328/298/347 304/276/348
f 227/201/346 304/276/348 228/202/349
f 115/86/124 114/85/123 121/92/130
f 115/86/124 121/92/130 120/91/129
f 292/264/350 279/253/292 281/255/295
f 292/264/350 281/255/295 271/245/280
f 329/299/351 330/300/352 331/301/353
f 329/299/351 331/301/353 332/302/354
f 15/15/355 7/7/7 9/9/9
f 15/15/355 9/9/9 278/252/356
f 333/303/357 334/304/358 335/305/359
f 333/303/357 335/305/359 336/306/360
f 274/248/283 337/307/361 338/308/362
f 274/248/283 338/308/362 275/249/284
f 256/230/263 284/258/363 339/309/364
f 256/230/263 339/309/364 257/231/264
f 291/263/228 340/310/228 280/254/228
f 291/263/228 280/254/228 279/253/228
f 228/202/349 304/276/348 14/14/14
f 228/202/349 14/14/14 13/13/13
f 305/277/326 309/281/325 314/286/365
f 305/277/326 314/286/365 306/278/366
f 229/203/237 228/202/236 13/13/297
f 229/203/237 13/13/297 260/234/296
f 341/311/367 229/203/368 260/234/266
f 341/311/367 260/234/266 259/233/265
f 211/185/221 210/184/221 89/60/221
f 211/185/221 89/60/221 230/204/221
f 95/66/104 94/65/103 205/179/218
f 95/66/104 205/179/218 204/178/217
f 198/170/209 190/162/201 193/165/204
f 198/170/209 193/165/204 199/171/210
f 155/126/164 154/125/163 125/96/134
f 155/126/164 125/96/134 124/95/133
f 210/184/369 342/312/370 90/61/98
f 210/184/369 90/61/98 89/60/97
f 275/249/284 338/308/362 326/296/344
f 275/249/284 326/296/344 283/257/300
f 343/313/371 344/314/372 105/76/114
f 343/313/371 105/76/114 104/75/113
f 241/215/250 275/249/284 283/257/300
f 241/215/250 283/257/300 262/236/268
f 242/216/251 241/215/250 262/236/268
f 242/216/251 262/236/268 261/235/267
f 238/212/247 66/35/246 65/34/230
f 238/212/247 65/34/230 219/193/229
f 195/167/206 200/172/211 201/175/214
f 195/167/206 201/175/214 196/168/207
f 202/315/373 144/316/374 150/121/159
f 202/315/373 150/121/159 117/88/126
f 345/317/375 202/315/373 117/88/126
f 345/317/375 117/88/126 116/87/125
f 65/34/69 64/33/68 346/318/376
f 65/34/69 346/318/376 220/194/377
f 347/319/378 348/320/379 349/321/379
f 347/319/378 349/321/379 350/322/380
f 306/278/366 314/286/365 8/8/8
f 306/278/366 8/8/8 7/7/7
f 187/159/198 182/154/193 185/157/196
f 187/159/198 185/157/196 188/160/199
f 218/192/228 217/191/228 223/197/228
f 218/192/228 223/197/228 222/196/228
f 328/298/381 307/279/382 305/277/320
f 328/298/381 305/277/320 304/276/319
f 14/14/322 306/278/321 7/7/7
f 14/14/322 7/7/7 15/15/355
f 8/8/8 351/323/383 352/324/384
f 8/8/8 352/324/384 9/9/9
f 353/325/385 158/129/386 354/129/386
f 353/325/385 354/129/386 355/325/385
f 284/258/363 327/297/387 356/326/388
f 284/258/363 356/326/388 339/309/364
f 314/286/332 313/285/331 351/323/383
f 314/286/332 351/323/383 8/8/8
f 317/289/336 208/182/221 211/185/221
f 317/289/336 211/185/221 312/284/330
f 316/288/334 315/287/333 311/283/389
f 316/288/334 311/283/389 357/327/390
f 358/328/391 359/329/392 360/330/393
f 358/328/391 360/330/393 361/331/394
f 362/332/395 363/333/396 364/334/397
f 362/332/395 364/334/397 365/335/398
f 320/292/399 319/291/400 366/291/401
f 320/292/399 366/291/401 367/292/399
f 10/10/294 368/336/402 369/337/403
f 10/10/294 369/337/403 28/28/404
f 361/331/394 360/330/393 370/338/405
f 361/331/394 370/338/405 371/339/406
f 303/275/318 232/206/239 100/71/109
f 303/275/318 100/71/109 103/74/112
f 233/207/240 372/340/407 108/79/117
f 233/207/240 108/79/117 111/82/120
f 372/340/407 221/195/232 220/194/231
f 372/340/407 220/194/231 108/79/117
f 357/327/408 311/283/328 310/282/327
f 357/327/408 310/282/327 373/341/409
f 294/266/410 292/264/350 271/245/280
f 294/266/410 271/245/280 270/244/279
f 162/133/172 161/132/171 167/139/178
f 162/133/172 167/139/178 166/138/177
f 131/102/140 130/101/139 137/108/146
f 131/102/140 137/108/146 136/107/145
f 3/3/3 374/342/411 86/57/94
f 3/3/3 86/57/94 85/56/93
f 82/51/89 81/50/88 73/42/80
f 82/51/89 73/42/80 20/20/79
f 278/252/412 9/9/413 375/343/414
f 278/252/412 375/343/414 376/344/412
f 9/9/413 352/324/415 377/345/416
f 9/9/413 377/345/416 375/343/414
f 249/223/412 278/252/412 376/344/412
f 249/223/412 376/344/412 378/346/412
f 250/224/412 249/223/412 378/346/412
f 250/224/412 378/346/412 379/347/412
f 6/6/417 1/1/418 380/348/418
f 6/6/417 380/348/418 381/349/419
f 173/145/184 172/144/183 160/131/170
f 173/145/184 160/131/170 159/130/169
f 141/112/150 140/111/149 129/100/138
f 141/112/150 129/100/138 128/99/137
f 23/23/78 72/41/77 80/49/87
f 23/23/78 80/49/87 79/48/86
f 6/6/6 5/5/5 2/2/2
f 6/6/6 2/2/2 1/1/1
f 234/208/420 6/6/417 381/349/419
f 234/208/420 381/349/419 382/350/421
f 383/351/412 384/352/412 3/3/412
f 383/351/412 3/3/412 85/56/412
f 385/353/422 386/354/423 387/355/424
f 385/353/422 387/355/424 388/356/425
f 389/357/426 390/358/427 391/359/428
f 389/357/426 391/359/428 392/360/429
f 384/352/412 380/348/418 1/1/418
f 384/352/412 1/1/418 3/3/412
f 393/361/430 385/353/422 388/356/425
f 393/361/430 388/356/425 394/362/430
f 395/363/431 396/364/432 237/211/244
f 395/363/431 237/211/244 300/272/315
f 119/90/128 118/89/127 113/84/122
f 119/90/128 113/84/122 112/83/121
f 118/89/127 151/122/160 397/365/433
f 118/89/127 397/365/433 113/84/122
f 398/366/412 383/351/412 85/56/412
f 398/366/412 85/56/412 88/59/418
f 399/367/418 400/368/418 401/369/418
f 399/367/418 401/369/418 402/370/418
f 400/368/418 398/366/412 88/59/418
f 400/368/418 88/59/418 401/369/418
f 346/318/376 119/90/128 112/83/121
f 346/318/376 112/83/121 109/80/118
f 403/371/434 141/112/150 128/99/137
f 403/371/434 128/99/137 404/372/435
f 374/342/411 131/102/140 136/107/145
f 374/342/411 136/107/145 86/57/94
f 405/373/436 406/374/437 407/374/438
f 405/373/436 407/374/438 408/373/439
f 63/32/67 345/317/375 116/87/125
f 63/32/67 116/87/125 64/33/68
f 342/312/370 155/126/164 124/95/133
f 342/312/370 124/95/133 90/61/98
f 110/81/119 115/86/124 120/91/129
f 110/81/119 120/91/129 101/72/110
f 409/375/440 410/376/441 411/376/442
f 409/375/440 411/376/442 412/375/440
f 371/339/406 370/338/405 395/363/431
f 371/339/406 395/363/431 413/377/443
f 102/73/111 123/94/132 174/146/185
f 102/73/111 174/146/185 179/151/190
f 245/219/288 277/251/287 285/259/303
f 245/219/288 285/259/303 264/238/302
f 246/220/255 245/219/254 264/238/272
f 246/220/255 264/238/272 263/237/271
f 236/210/243 70/39/74 214/188/225
f 236/210/243 214/188/225 16/16/224
f 209/183/444 414/378/445 342/312/370
f 209/183/444 342/312/370 210/184/369
f 91/62/99 127/98/136 141/112/150
f 91/62/99 141/112/150 403/371/434
f 86/57/94 136/107/145 139/110/148
f 86/57/94 139/110/148 87/58/95
f 68/37/72 132/103/141 135/106/144
f 68/37/72 135/106/144 69/38/73
f 404/372/435 128/99/137 131/102/140
f 404/372/435 131/102/140 374/342/411
f 90/61/98 124/95/133 127/98/136
f 90/61/98 127/98/136 91/62/99
f 414/378/445 152/123/161 155/126/164
f 414/378/445 155/126/164 342/312/370
f 101/72/110 120/91/129 123/94/132
f 101/72/110 123/94/132 102/73/111
f 64/33/68 116/87/125 119/90/128
f 64/33/68 119/90/128 346/318/376
f 109/80/118 112/83/121 115/86/124
f 109/80/118 115/86/124 110/81/119
f 203/177/216 202/176/215 345/379/446
f 203/177/216 345/379/446 29/29/447
f 10/10/294 280/254/293 224/198/448
f 10/10/294 224/198/448 368/336/402
f 280/254/228 340/310/228 225/199/233
f 280/254/228 225/199/233 224/198/233
f 5/5/5 4/4/100 91/62/99
f 5/5/5 91/62/99 403/371/434
f 3/3/3 2/2/2 404/372/435
f 3/3/3 404/372/435 374/342/411
f 2/2/2 5/5/5 403/371/434
f 2/2/2 403/371/434 404/372/435
f 415/380/449 92/63/101 95/66/104
f 415/380/449 95/66/104 416/381/450
f 24/24/24 23/23/23 79/48/451
f 24/24/24 79/48/451 417/382/452
f 418/383/453 82/51/454 20/20/20
f 418/383/453 20/20/20 19/19/19
f 419/384/455 420/385/456 421/386/457
f 419/384/455 421/386/457 422/387/458
f 287/261/305 423/388/459 424/388/460
f 287/261/305 424/388/460 288/261/306
f 147/389/461 347/319/378 350/322/380
f 147/389/461 350/322/380 425/390/462
f 426/391/463 343/313/371 104/75/113
f 426/391/463 104/75/113 427/392/464
f 330/300/465 428/393/466 429/393/466
f 330/300/465 429/393/466 430/300/467
f 416/381/450 95/66/104 204/178/217
f 416/381/450 204/178/217 431/394/468
f 25/25/469 286/260/304 289/260/307
f 25/25/469 289/260/307 432/25/470
f 433/395/471 428/393/472 330/300/352
f 433/395/471 330/300/352 329/299/351
f 331/301/473 330/300/465 430/300/467
f 331/301/473 430/300/467 434/301/473
f 435/396/474 107/78/116 96/67/105
f 435/396/474 96/67/105 295/267/310
f 436/397/475 437/398/476 186/158/197
f 436/397/475 186/158/197 438/399/477
f 439/400/478 348/401/478 347/402/479
f 439/400/478 347/402/479 440/403/480
f 431/394/468 204/178/217 207/181/220
f 431/394/468 207/181/220 441/404/481
f 192/164/203 191/163/202 442/405/482
f 192/164/203 442/405/482 443/406/483
f 427/392/464 104/75/113 107/78/116
f 427/392/464 107/78/116 435/396/474
f 444/407/484 445/408/484 252/226/260
f 444/407/484 252/226/260 251/225/259
f 417/382/452 79/48/451 82/51/454
f 417/382/452 82/51/454 418/383/453
f 446/409/485 447/410/486 78/53/91
f 446/409/485 78/53/91 83/52/90
f 140/111/149 173/145/184 159/130/169
f 140/111/149 159/130/169 129/100/138
f 130/101/139 162/133/172 166/138/177
f 130/101/139 166/138/177 137/108/146
f 18/18/18 17/17/17 158/129/487
f 18/18/18 158/129/487 353/325/488
f 448/411/489 449/412/490 319/291/338
f 448/411/489 319/291/338 318/290/337
f 423/388/459 450/413/491 451/413/491
f 423/388/459 451/413/491 424/388/460
f 265/239/274 26/26/273 267/241/276
f 265/239/274 267/241/276 266/240/275
f 157/128/166 165/414/492 452/415/493
f 157/128/166 452/415/493 158/129/167
f 137/108/146 166/138/177 169/141/180
f 137/108/146 169/141/180 138/109/147
f 133/104/142 163/134/173 157/137/176
f 133/104/142 157/137/176 134/105/143
f 129/100/138 159/130/169 162/133/172
f 129/100/138 162/133/172 130/101/139
f 449/412/490 18/18/18 353/325/488
f 449/412/490 353/325/488 319/291/338
f 428/393/466 320/292/466 367/292/466
f 428/393/466 367/292/466 429/393/466
f 453/416/494 454/417/495 455/417/496
f 453/416/494 455/417/496 456/416/497
f 390/358/427 399/367/418 402/370/418
f 390/358/427 402/370/418 391/359/428
f 457/418/498 75/44/82 78/47/85
f 457/418/498 78/47/85 447/419/499
f 458/420/500 459/421/501 460/421/501
f 458/420/500 460/421/501 461/420/502
f 158/129/503 452/415/503 462/415/503
f 158/129/503 462/415/503 354/129/503
f 334/304/358 297/269/312 298/270/313
f 334/304/358 298/270/313 335/305/359
f 27/27/27 448/411/504 318/290/505
f 27/27/27 318/290/505 25/25/25
f 446/409/506 83/52/507 463/52/508
f 446/409/506 463/52/508 464/409/506
f 323/295/509 405/373/436 408/373/439
f 323/295/509 408/373/439 324/295/509
f 386/354/423 389/357/426 392/360/429
f 386/354/423 392/360/429 387/355/424
f 276/250/286 333/303/357 336/306/360
f 276/250/286 336/306/360 277/251/287
f 423/388/510 329/299/351 332/302/354
f 423/388/510 332/302/354 450/413/511
f 465/422/512 453/416/494 456/416/497
f 465/422/512 456/416/497 466/422/512
f 25/25/25 318/290/505 321/293/340
f 25/25/25 321/293/340 286/260/513
f 406/374/437 458/420/500 461/420/502
f 406/374/437 461/420/502 407/374/438
f 365/335/398 364/334/397 359/329/392
f 365/335/398 359/329/392 358/328/391
f 467/423/514 468/424/515 182/154/193
f 467/423/514 182/154/193 187/159/198
f 151/122/160 150/121/159 200/172/211
f 151/122/160 200/172/211 195/167/206
f 469/425/516 470/426/517 190/162/201
f 469/425/516 190/162/201 198/170/209
f 471/427/518 397/365/433 194/166/205
f 471/427/518 194/166/205 183/155/194
f 191/163/202 472/428/519 473/429/520
f 191/163/202 473/429/520 442/405/482
f 438/399/477 186/158/197 189/161/200
f 438/399/477 189/161/200 474/430/521
f 150/121/159 144/316/374 143/173/212
f 150/121/159 143/173/212 200/172/211
f 126/97/135 469/425/516 198/170/209
f 126/97/135 198/170/209 170/142/181
f 397/365/433 151/122/160 195/167/206
f 397/365/433 195/167/206 194/166/205
f 470/426/517 472/428/519 191/163/202
f 470/426/517 191/163/202 190/162/201
f 437/398/476 467/423/514 187/159/198
f 437/398/476 187/159/198 186/158/197
f 468/424/515 471/427/518 183/155/194
f 468/424/515 183/155/194 182/154/193
f 149/120/158 148/119/157 143/114/152
f 149/120/158 143/114/152 142/113/151
f 126/97/135 170/142/181 173/145/184
f 126/97/135 173/145/184 140/111/149
f 148/174/213 147/389/461 425/390/462
f 148/174/213 425/390/462 201/175/214
f 422/387/458 421/386/457 363/333/396
f 422/387/458 363/333/396 362/332/395
f 440/403/480 347/402/479 147/118/156
f 440/403/480 147/118/156 146/117/155
f 475/431/522 365/335/523 358/328/524
f 475/431/522 358/328/524 476/432/525
f 477/433/526 419/384/527 422/387/528
f 477/433/526 422/387/528 478/434/529
f 479/435/530 371/339/531 413/377/532
f 479/435/530 413/377/532 480/436/533
f 327/297/387 357/327/408 373/341/409
f 327/297/387 373/341/409 356/326/388
f 481/437/534 361/331/535 371/339/531
f 481/437/534 371/339/531 479/435/530
f 482/438/536 362/332/537 365/335/523
f 482/438/536 365/335/523 475/431/522
f 476/432/525 358/328/524 361/331/535
f 476/432/525 361/331/535 481/437/534
f 326/296/344 316/288/334 357/327/390
f 326/296/344 357/327/390 327/297/345
f 338/308/362 302/274/538 316/288/334
f 338/308/362 316/288/334 326/296/344
f 337/307/361 299/271/539 302/274/538
f 337/307/361 302/274/538 338/308/362
f 478/434/529 422/387/528 362/332/537
f 478/434/529 362/332/537 482/438/536
f 301/273/316 238/212/247 219/193/229
f 301/273/316 219/193/229 315/287/333
f 300/272/315 237/211/244 238/212/247
f 300/272/315 238/212/247 301/273/316
f 315/287/333 219/193/229 221/195/232
f 315/287/333 221/195/232 311/283/389
f 352/324/415 234/208/420 382/350/421
f 352/324/415 382/350/421 377/345/416
f 217/191/540 216/190/541 372/340/407
f 217/191/540 372/340/407 233/207/240
f 224/198/448 223/197/542 232/206/239
f 224/198/448 232/206/239 303/275/318
f 312/284/330 211/185/221 230/204/221
f 312/284/330 230/204/221 313/285/331
f 224/198/448 303/275/318 212/186/222
f 224/198/448 212/186/222 368/336/402
f 351/323/383 231/205/238 234/208/241
f 351/323/383 234/208/241 352/324/384
f 223/197/542 217/191/540 233/207/240
f 223/197/542 233/207/240 232/206/239
f 313/285/331 230/204/221 231/205/238
f 313/285/331 231/205/238 351/323/383
f 368/336/402 212/186/222 213/187/221
f 368/336/402 213/187/221 369/337/403
f 216/190/541 311/283/389 221/195/232
f 216/190/541 221/195/232 372/340/407
f 483/439/543 484/440/544 485/441/545
f 483/439/543 485/441/545 486/442/546
f 487/443/547 488/444/548 489/445/549
f 487/443/547 489/445/549 490/446/550
f 484/440/544 491/447/551 492/448/552
f 484/440/544 492/448/552 485/441/545
f 493/449/553 494/450/554 360/330/393
f 493/449/553 360/330/393 359/329/392
f 495/451/555 496/452/556 364/334/397
f 495/451/555 364/334/397 363/333/396
f 494/450/554 497/453/557 370/338/405
f 494/450/554 370/338/405 360/330/393
f 498/454/558 483/439/543 486/442/546
f 498/454/558 486/442/546 31/31/559
f 497/453/557 499/455/560 395/363/431
f 497/453/557 395/363/431 370/338/405
f 499/455/560 500/456/561 396/364/432
f 499/455/560 396/364/432 395/363/431
f 501/457/562 502/458/563 503/459/563
f 501/457/562 503/459/563 504/460/564
f 505/461/565 506/462/566 421/386/457
f 505/461/565 421/386/457 420/385/456
f 491/447/551 487/443/547 490/446/550
f 491/447/551 490/446/550 492/448/552
f 496/452/556 493/449/553 359/329/392
f 496/452/556 359/329/392 364/334/397
f 488/444/548 501/457/562 504/460/564
f 488/444/548 504/460/564 489/445/549
f 500/456/561 498/454/558 31/31/559
f 500/456/561 31/31/559 396/364/432
f 506/462/566 495/451/555 363/333/396
f 506/462/566 363/333/396 421/386/457
f 490/446/567 149/120/568 142/113/569
f 490/446/567 142/113/569 492/448/570
f 503/459/571 439/400/571 440/403/572
f 503/459/571 440/403/572 504/460/573
f 486/442/574 203/177/575 29/29/31
f 486/442/574 29/29/31 31/31/33
f 413/377/443 395/363/431 300/272/315
f 413/377/443 300/272/315 299/271/314
f 507/463/576 480/436/533 337/307/361
f 507/463/576 337/307/361 274/248/283
f 485/441/577 145/116/578 203/177/575
f 485/441/577 203/177/575 486/442/574
f 489/445/579 146/117/580 149/120/568
f 489/445/579 149/120/568 490/446/567
f 492/448/570 142/113/569 145/116/578
f 492/448/570 145/116/578 485/441/577
f 480/436/533 413/377/532 299/271/539
f 480/436/533 299/271/539 337/307/361
f 220/194/377 346/318/376 109/80/118
f 220/194/377 109/80/118 108/79/117
f 508/464/581 507/463/576 274/248/283
f 508/464/581 274/248/283 240/214/249
f 509/465/582 508/464/581 240/214/249
f 509/465/582 240/214/249 239/213/248
f 396/364/432 31/31/559 30/30/245
f 396/364/432 30/30/245 237/211/244
f 152/123/161 414/378/445 180/152/191
f 152/123/161 180/152/191 177/149/188
f 226/200/583 510/466/584 273/247/282
f 226/200/583 273/247/282 272/246/281
f 473/429/585 153/124/585 176/148/585
f 473/429/585 176/148/585 436/397/585
f 415/380/449 443/406/586 474/430/587
f 415/380/449 474/430/587 296/268/311
f 442/405/482 473/429/520 436/397/475
f 442/405/482 436/397/475 438/399/477
f 414/378/445 209/183/444 181/153/192
f 414/378/445 181/153/192 180/152/191
f 227/201/235 226/200/234 272/246/309
f 227/201/235 272/246/309 282/256/308
f 328/298/347 227/201/346 282/256/299
f 328/298/347 282/256/299 12/12/298
f 317/289/336 308/280/335 28/28/404
f 317/289/336 28/28/404 369/337/403
f 208/182/221 317/289/336 369/337/403
f 208/182/221 369/337/403 213/187/221
f 307/279/382 328/298/381 12/12/12
f 307/279/382 12/12/12 11/11/11
f 308/280/324 307/279/323 11/11/30
f 308/280/324 11/11/30 28/28/29
f 153/124/162 152/123/161 177/149/188
f 153/124/162 177/149/188 176/148/187
f 93/64/102 92/63/101 99/70/108
f 93/64/102 99/70/108 98/69/107
f 443/406/483 442/405/482 438/399/477
f 443/406/483 438/399/477 474/430/521
f 209/183/221 208/182/221 213/187/221
f 209/183/221 213/187/221 181/153/221
f 510/466/584 226/200/583 229/203/368
f 510/466/584 229/203/368 341/311/367
f 504/460/573 440/403/572 146/117/580
f 504/460/573 146/117/580 489/445/579
f 286/260/513 321/293/340 433/395/471
f 286/260/513 433/395/471 287/261/588
f 319/291/400 353/325/385 355/325/385
f 319/291/400 355/325/385 366/291/401
f 171/143/589 511/467/590 512/468/591
f 171/143/589 512/468/591 172/144/592
f 167/139/593 513/469/594 514/470/595
f 167/139/593 514/470/595 168/140/596
f 164/135/597 457/418/498 447/419/499
f 164/135/597 447/419/499 165/136/598
f 160/131/599 515/471/600 516/472/601
f 160/131/599 516/472/601 161/132/602
f 452/415/493 165/414/492 447/410/486
f 452/415/493 447/410/486 446/409/485
f 185/157/603 427/392/464 435/396/474
f 185/157/603 435/396/474 188/160/604
f 193/165/605 431/394/468 441/404/481
f 193/165/605 441/404/481 199/171/606
f 452/415/506 446/409/506 464/409/506
f 452/415/506 464/409/506 462/415/506
f 269/243/278 268/242/277 445/408/484
f 269/243/278 445/408/484 444/407/484
f 267/241/607 26/26/608 517/26/608
f 267/241/607 517/26/608 518/241/609
f 188/160/604 435/396/474 295/267/310
f 188/160/604 295/267/310 189/161/610
f 321/293/340 320/292/339 428/393/472
f 321/293/340 428/393/472 433/395/471
f 192/164/611 416/381/450 431/394/468
f 192/164/611 431/394/468 193/165/605
f 184/156/612 426/391/463 427/392/464
f 184/156/612 427/392/464 185/157/603
f 83/52/507 84/55/613 519/55/613
f 83/52/507 519/55/613 463/52/508
f 161/132/602 516/472/601 513/469/594
f 161/132/602 513/469/594 167/139/593
f 172/144/592 512/468/591 515/471/600
f 172/144/592 515/471/600 160/131/599
f 443/406/586 415/380/449 416/381/450
f 443/406/586 416/381/450 192/164/611
f 189/161/610 295/267/310 296/268/311
f 189/161/610 296/268/311 474/430/587
f 92/63/101 415/380/449 296/268/311
f 92/63/101 296/268/311 99/70/108
f 168/140/596 514/470/595 457/418/498
f 168/140/596 457/418/498 164/135/597
f 387/355/614 392/360/615 333/303/357
f 387/355/614 333/303/357 276/250/286
f 391/359/616 402/370/617 297/269/312
f 391/359/616 297/269/312 334/304/358
f 138/109/147 169/141/180 163/134/173
f 138/109/147 163/134/173 133/104/142
f 252/226/618 445/408/619 520/408/620
f 252/226/618 520/408/620 521/226/621
f 87/58/95 139/110/148 132/103/141
f 87/58/95 132/103/141 68/37/72
f 392/360/615 391/359/616 334/304/358
f 392/360/615 334/304/358 333/303/357
f 402/370/617 401/369/622 235/209/242
f 402/370/617 235/209/242 297/269/312
f 388/356/623 387/355/614 276/250/286
f 388/356/623 276/250/286 244/218/285
f 394/362/624 388/356/624 244/218/253
f 394/362/624 244/218/253 243/217/252
f 401/369/622 88/59/96 67/36/71
f 401/369/622 67/36/71 235/209/242
f 169/141/180 168/140/179 164/135/174
f 169/141/180 164/135/174 163/134/173
f 139/110/148 138/109/147 133/104/142
f 139/110/148 133/104/142 132/103/141
f 21/21/21 74/43/81 76/45/83
f 21/21/21 76/45/83 75/44/82
f 88/59/96 87/58/95 68/37/72
f 88/59/96 68/37/72 67/36/71
f 405/373/625 323/295/626 277/251/627
f 405/373/625 277/251/627 336/306/628
f 410/376/629 409/375/630 448/411/631
f 410/376/629 448/411/631 27/27/632
f 322/294/633 410/376/629 27/27/632
f 322/294/633 27/27/632 285/259/634
f 458/420/635 406/374/636 335/305/637
f 458/420/635 335/305/637 298/270/638
f 454/417/639 453/416/640 18/18/641
f 454/417/639 18/18/641 449/412/642
f 323/295/626 322/294/633 285/259/634
f 323/295/626 285/259/634 277/251/627
f 465/422/643 459/421/644 236/210/645
f 465/422/643 236/210/645 16/16/646
f 459/421/644 458/420/635 298/270/638
f 459/421/644 298/270/638 236/210/645
f 406/374/636 405/373/625 336/306/628
f 406/374/636 336/306/628 335/305/637
f 409/375/630 454/417/639 449/412/642
f 409/375/630 449/412/642 448/411/631
f 453/416/640 465/422/643 16/16/646
f 453/416/640 16/16/646 18/18/641
f 410/376/441 322/294/341 325/294/343
f 410/376/441 325/294/343 411/376/442
f 454/417/495 409/375/647 412/375/647
f 454/417/495 412/375/647 455/417/496
f 459/421/648 465/422/648 466/422/648
f 459/421/648 466/422/648 460/421/648
f 287/261/588 433/395/471 329/299/351
f 287/261/588 329/299/351 423/388/510
f 26/26/649 25/25/469 432/25/470
f 26/26/649 432/25/470 517/26/649
f 253/227/650 252/226/618 521/226/621
f 253/227/650 521/226/621 522/227/650
f 268/242/651 267/241/607 518/241/609
f 268/242/651 518/241/609 523/242/652
f 445/408/619 268/242/651 523/242/652
f 445/408/619 523/242/652 520/408/620
f 514/470/595 21/21/21 75/44/82
f 514/470/595 75/44/82 457/418/498
f 511/467/590 22/22/22 24/24/24
f 511/467/590 24/24/24 512/468/591
f 513/469/594 19/19/19 21/21/21
f 513/469/594 21/21/21 514/470/595
f 515/471/600 417/382/452 418/383/453
f 515/471/600 418/383/453 516/472/601
f 516/472/601 418/383/453 19/19/19
f 516/472/601 19/19/19 513/469/594
f 512/468/591 24/24/24 417/382/452
f 512/468/591 417/382/452 515/471/600
f 524/32/653 525/35/654 526/34/655
f 524/32/653 526/34/655 527/33/656
f 528/36/657 529/39/658 530/38/659
f 528/36/657 530/38/659 531/37/660
f 53/22/661 55/23/662 72/41/77
f 53/22/661 72/41/77 71/40/76
f 52/20/663 51/21/53 74/43/81
f 52/20/663 74/43/81 73/42/80
f 532/44/664 533/47/665 77/46/84
f 532/44/664 77/46/84 76/45/83
f 534/48/666 535/51/667 81/50/88
f 534/48/666 81/50/88 80/49/87
f 536/52/668 84/55/92 77/54/92
f 536/52/668 77/54/92 533/53/669
f 537/56/670 538/59/671 539/58/672
f 537/56/670 539/58/672 540/57/673
f 541/60/674 35/4/675 542/62/676
f 541/60/674 542/62/676 543/61/677
f 544/63/678 545/66/679 94/65/103
f 544/63/678 94/65/103 93/64/102
f 546/67/680 547/70/681 98/69/107
f 546/67/680 98/69/107 97/68/106
f 548/71/682 549/74/683 550/73/684
f 548/71/682 550/73/684 551/72/685
f 552/75/686 553/78/687 106/77/115
f 552/75/686 106/77/115 105/76/114
f 554/79/688 555/82/689 556/81/690
f 554/79/688 556/81/690 557/80/691
f 558/83/692 559/86/693 560/85/694
f 558/83/692 560/85/694 561/84/695
f 562/87/696 563/90/697 564/89/698
f 562/87/696 564/89/698 565/88/699
f 566/91/700 567/94/701 568/93/702
f 566/91/700 568/93/702 569/92/703
f 570/95/704 571/98/705 572/97/706
f 570/95/704 572/97/706 573/96/707
f 574/99/708 575/102/709 576/101/710
f 574/99/708 576/101/710 577/100/711
f 578/103/712 579/106/713 580/105/714
f 578/103/712 580/105/714 581/104/715
f 582/107/716 583/110/717 584/109/718
f 582/107/716 584/109/718 585/108/719
f 571/98/705 586/112/720 587/111/721
f 571/98/705 587/111/721 572/97/706
f 588/113/722 589/116/723 590/115/724
f 588/113/722 590/115/724 591/114/725
f 592/117/726 593/120/727 594/119/728
f 592/117/726 594/119/728 595/118/729
f 565/88/699 564/89/698 596/122/730
f 565/88/699 596/122/730 597/121/731
f 598/123/732 599/126/733 600/125/734
f 598/123/732 600/125/734 601/124/735
f 602/127/736 49/17/737 603/129/738
f 602/127/736 603/129/738 604/128/739
f 605/130/740 606/133/741 607/132/742
f 605/130/740 607/132/742 608/131/743
f 609/134/744 604/137/745 610/136/746
f 609/134/744 610/136/746 611/135/747
f 612/138/748 613/141/749 614/140/750
f 612/138/748 614/140/750 615/139/751
f 616/142/752 617/145/753 618/144/754
f 616/142/752 618/144/754 619/143/755
f 620/146/756 621/149/757 622/148/758
f 620/146/756 622/148/758 623/147/759
f 624/150/760 625/153/761 626/152/762
f 624/150/760 626/152/762 627/151/763
f 628/154/764 629/157/765 630/156/766
f 628/154/764 630/156/766 631/155/767
f 632/158/768 633/161/769 634/160/770
f 632/158/768 634/160/770 635/159/771
f 636/162/772 637/165/773 638/164/774
f 636/162/772 638/164/774 639/163/775
f 640/166/776 641/169/777 642/168/778
f 640/166/776 642/168/778 643/167/779
f 616/142/752 619/143/755 644/171/780
f 616/142/752 644/171/780 645/170/781
f 646/172/782 647/175/783 594/174/784
f 646/172/782 594/174/784 591/173/785
f 589/116/723 648/177/786 649/176/787
f 589/116/723 649/176/787 590/115/724
f 650/178/788 651/181/789 206/180/219
f 650/178/788 206/180/219 205/179/218
f 652/182/790 653/185/790 654/184/790
f 652/182/790 654/184/790 655/183/790
f 656/186/791 657/187/790 625/153/790
f 656/186/791 625/153/790 624/150/792
f 47/16/793 49/17/737 602/127/736
f 47/16/793 602/127/736 658/188/794
f 659/189/795 660/192/796 661/191/796
f 659/189/795 661/191/796 662/190/797
f 663/193/798 664/195/799 665/194/800
f 663/193/798 665/194/800 526/34/801
f 666/196/796 667/199/802 668/198/802
f 666/196/796 668/198/802 669/197/796
f 670/200/803 671/203/804 672/202/805
f 670/200/803 672/202/805 673/201/806
f 674/204/790 675/205/807 35/4/37
f 674/204/790 35/4/37 541/60/790
f 676/206/808 548/71/682 555/82/689
f 676/206/808 555/82/689 677/207/809
f 675/205/807 678/208/810 36/6/38
f 675/205/807 36/6/38 35/4/37
f 679/209/811 680/210/812 529/39/658
f 679/209/811 529/39/658 528/36/657
f 681/211/813 682/212/814 525/35/815
f 681/211/813 525/35/815 62/30/816
f 683/213/817 684/216/818 685/215/819
f 683/213/817 685/215/819 686/214/820
f 687/217/821 688/220/822 689/219/823
f 687/217/821 689/219/823 690/218/824
f 691/221/825 692/224/826 693/223/826
f 691/221/825 693/223/826 694/222/827
f 695/225/828 254/228/261 253/227/261
f 695/225/828 253/227/261 696/226/829
f 697/229/830 698/232/830 699/231/831
f 697/229/830 699/231/831 700/230/832
f 701/233/833 691/221/825 694/222/827
f 701/233/833 694/222/827 702/234/834
f 627/151/763 626/152/762 621/149/757
f 627/151/763 621/149/757 620/146/756
f 703/235/835 697/229/836 700/230/837
f 703/235/835 700/230/837 704/236/838
f 705/237/839 706/239/840 58/26/841
f 705/237/839 58/26/841 707/238/842
f 708/240/843 709/243/844 710/242/845
f 708/240/843 710/242/845 711/241/846
f 712/244/847 713/247/848 714/246/849
f 712/244/847 714/246/849 715/245/850
f 686/214/820 685/215/819 716/249/851
f 686/214/820 716/249/851 717/248/852
f 690/218/853 689/219/854 718/251/855
f 690/218/853 718/251/855 719/250/856
f 694/222/857 693/223/858 720/252/858
f 694/222/857 720/252/858 45/15/859
f 721/253/860 722/255/861 41/10/862
f 721/253/860 41/10/862 723/254/863
f 702/234/864 694/222/857 45/15/859
f 702/234/864 45/15/859 44/13/865
f 722/255/861 724/256/866 42/12/867
f 722/255/861 42/12/867 41/10/862
f 704/236/838 700/230/837 725/258/868
f 704/236/838 725/258/868 726/257/869
f 707/238/870 58/26/60 57/27/59
f 707/238/870 57/27/59 727/259/871
f 728/260/872 729/260/873 730/261/874
f 728/260/872 730/261/874 731/261/875
f 715/245/850 714/246/876 724/256/877
f 715/245/850 724/256/877 722/255/861
f 732/262/796 733/264/796 721/253/796
f 732/262/796 721/253/796 734/263/796
f 735/265/796 736/266/796 733/264/796
f 735/265/796 733/264/796 732/262/796
f 737/267/878 738/268/879 547/70/681
f 737/267/878 547/70/681 546/67/680
f 567/94/701 620/146/756 623/147/759
f 567/94/701 623/147/759 568/93/702
f 549/74/683 624/150/760 627/151/763
f 549/74/683 627/151/763 550/73/684
f 553/78/687 546/67/680 97/68/106
f 553/78/687 97/68/106 106/77/115
f 739/269/880 740/270/881 680/210/812
f 739/269/880 680/210/812 679/209/811
f 631/155/767 630/156/766 641/169/777
f 631/155/767 641/169/777 640/166/776
f 741/271/882 742/274/883 743/273/884
f 741/271/882 743/273/884 744/272/885
f 745/275/886 656/186/791 624/150/792
f 745/275/886 624/150/792 549/74/683
f 746/276/887 46/14/888 747/278/889
f 746/276/887 747/278/889 748/277/890
f 749/279/891 748/277/892 750/281/893
f 749/279/891 750/281/893 751/280/894
f 752/282/895 659/189/795 662/190/797
f 752/282/895 662/190/797 753/283/896
f 750/281/897 754/286/898 755/285/899
f 750/281/897 755/285/899 756/284/900
f 742/274/883 757/288/901 758/287/902
f 742/274/883 758/287/902 743/273/884
f 555/82/689 548/71/682 551/72/685
f 555/82/689 551/72/685 556/81/690
f 751/280/903 750/281/897 756/284/900
f 751/280/903 756/284/900 759/289/904
f 760/290/905 761/293/906 762/292/907
f 760/290/905 762/292/907 763/291/908
f 764/294/909 765/294/910 766/295/911
f 764/294/909 766/295/911 767/295/911
f 726/257/869 725/258/868 768/297/912
f 726/257/869 768/297/912 769/296/913
f 673/201/914 672/202/915 746/276/916
f 673/201/914 746/276/916 770/298/917
f 559/86/693 566/91/700 569/92/703
f 559/86/693 569/92/703 560/85/694
f 733/264/918 715/245/850 722/255/861
f 733/264/918 722/255/861 721/253/860
f 771/299/919 332/302/354 331/301/353
f 771/299/919 331/301/353 772/300/920
f 45/15/921 720/252/922 39/9/41
f 45/15/921 39/9/41 38/7/40
f 773/303/923 774/306/924 775/305/925
f 773/303/923 775/305/925 776/304/926
f 717/248/852 716/249/851 777/308/927
f 717/248/852 777/308/927 778/307/928
f 700/230/832 699/231/831 779/309/929
f 700/230/832 779/309/929 725/258/930
f 734/263/796 721/253/796 723/254/796
f 734/263/796 723/254/796 780/310/796
f 672/202/915 44/13/46 46/14/48
f 672/202/915 46/14/48 746/276/916
f 748/277/892 747/278/931 754/286/932
f 748/277/892 754/286/932 750/281/893
f 671/203/804 702/234/864 44/13/865
f 671/203/804 44/13/865 672/202/805
f 781/311/933 701/233/833 702/234/834
f 781/311/933 702/234/834 671/203/934
f 653/185/790 674/204/790 541/60/790
f 653/185/790 541/60/790 654/184/790
f 545/66/679 650/178/788 205/179/218
f 545/66/679 205/179/218 94/65/103
f 645/170/781 644/171/780 637/165/773
f 645/170/781 637/165/773 636/162/772
f 599/126/733 570/95/704 573/96/707
f 599/126/733 573/96/707 600/125/734
f 654/184/935 541/60/674 543/61/677
f 654/184/935 543/61/677 782/312/936
f 716/249/851 726/257/869 769/296/913
f 716/249/851 769/296/913 777/308/927
f 783/313/937 552/75/686 105/76/114
f 783/313/937 105/76/114 344/314/372
f 685/215/819 704/236/838 726/257/869
f 685/215/819 726/257/869 716/249/851
f 684/216/818 703/235/835 704/236/838
f 684/216/818 704/236/838 685/215/819
f 682/212/814 663/193/798 526/34/801
f 682/212/814 526/34/801 525/35/815
f 643/167/779 642/168/778 647/175/783
f 643/167/779 647/175/783 646/172/782
f 649/315/938 565/88/699 597/121/731
f 649/315/938 597/121/731 590/316/939
f 784/317/940 562/87/696 565/88/699
f 784/317/940 565/88/699 649/315/938
f 526/34/655 665/194/941 785/318/942
f 526/34/655 785/318/942 527/33/656
f 786/319/943 787/322/944 349/321/379
f 786/319/943 349/321/379 348/320/379
f 747/278/931 38/7/40 40/8/42
f 747/278/931 40/8/42 754/286/932
f 635/159/771 634/160/770 629/157/765
f 635/159/771 629/157/765 628/154/764
f 660/192/796 666/196/796 669/197/796
f 660/192/796 669/197/796 661/191/796
f 770/298/945 746/276/887 748/277/890
f 770/298/945 748/277/890 749/279/946
f 46/14/888 45/15/921 38/7/40
f 46/14/888 38/7/40 747/278/889
f 40/8/42 39/9/41 788/324/947
f 40/8/42 788/324/947 789/323/948
f 790/325/949 791/325/949 792/129/950
f 790/325/949 792/129/950 603/129/950
f 725/258/930 779/309/929 793/326/951
f 725/258/930 793/326/951 768/297/952
f 754/286/898 40/8/42 789/323/948
f 754/286/898 789/323/948 755/285/899
f 759/289/904 756/284/900 653/185/790
f 759/289/904 653/185/790 652/182/790
f 757/288/901 794/327/953 753/283/954
f 757/288/901 753/283/954 758/287/902
f 795/328/955 796/331/956 797/330/957
f 795/328/955 797/330/957 798/329/958
f 799/332/959 800/335/960 801/334/961
f 799/332/959 801/334/961 802/333/962
f 762/292/963 803/292/963 804/291/964
f 762/292/963 804/291/964 763/291/965
f 41/10/862 59/28/966 805/337/967
f 41/10/862 805/337/967 806/336/968
f 796/331/956 807/339/969 808/338/970
f 796/331/956 808/338/970 797/330/957
f 745/275/886 549/74/683 548/71/682
f 745/275/886 548/71/682 676/206/808
f 677/207/809 555/82/689 554/79/688
f 677/207/809 554/79/688 809/340/971
f 809/340/971 554/79/688 665/194/800
f 809/340/971 665/194/800 664/195/799
f 794/327/972 810/341/973 752/282/895
f 794/327/972 752/282/895 753/283/896
f 736/266/974 712/244/847 715/245/850
f 736/266/974 715/245/850 733/264/918
f 606/133/741 612/138/748 615/139/751
f 606/133/741 615/139/751 607/132/742
f 575/102/709 582/107/716 585/108/719
f 575/102/709 585/108/719 576/101/710
f 33/3/35 537/56/670 540/57/673
f 33/3/35 540/57/673 811/342/975
f 535/51/667 52/20/663 73/42/80
f 535/51/667 73/42/80 81/50/88
f 720/252/976 812/344/976 813/343/977
f 720/252/976 813/343/977 39/9/978
f 39/9/978 813/343/977 814/345/979
f 39/9/978 814/345/979 788/324/980
f 693/223/976 815/346/976 812/344/976
f 693/223/976 812/344/976 720/252/976
f 692/224/976 816/347/976 815/346/976
f 692/224/976 815/346/976 693/223/976
f 36/6/981 817/349/982 818/348/983
f 36/6/981 818/348/983 32/1/983
f 617/145/753 605/130/740 608/131/743
f 617/145/753 608/131/743 618/144/754
f 586/112/720 574/99/708 577/100/711
f 586/112/720 577/100/711 587/111/721
f 55/23/662 534/48/666 80/49/87
f 55/23/662 80/49/87 72/41/77
f 36/6/38 32/1/34 34/2/36
f 36/6/38 34/2/36 37/5/39
f 678/208/984 819/350/985 817/349/982
f 678/208/984 817/349/982 36/6/981
f 820/351/976 537/56/976 33/3/976
f 820/351/976 33/3/976 821/352/976
f 822/353/986 823/356/987 824/355/988
f 822/353/986 824/355/988 825/354/989
f 826/357/990 827/360/991 828/359/992
f 826/357/990 828/359/992 829/358/993
f 821/352/976 33/3/976 32/1/983
f 821/352/976 32/1/983 818/348/983
f 830/361/994 831/362/994 823/356/987
f 830/361/994 823/356/987 822/353/986
f 832/363/995 744/272/885 681/211/813
f 832/363/995 681/211/813 833/364/996
f 563/90/697 558/83/692 561/84/695
f 563/90/697 561/84/695 564/89/698
f 564/89/698 561/84/695 834/365/997
f 564/89/698 834/365/997 596/122/730
f 835/366/983 538/59/983 537/56/976
f 835/366/983 537/56/976 820/351/976
f 836/367/976 837/370/976 838/369/976
f 836/367/976 838/369/976 839/368/983
f 839/368/983 838/369/976 538/59/983
f 839/368/983 538/59/983 835/366/983
f 785/318/942 557/80/691 558/83/692
f 785/318/942 558/83/692 563/90/697
f 840/371/998 841/372/999 574/99/708
f 840/371/998 574/99/708 586/112/720
f 811/342/975 540/57/673 582/107/716
f 811/342/975 582/107/716 575/102/709
f 842/373/1000 843/373/1001 844/374/1002
f 842/373/1000 844/374/1002 845/374/1003
f 524/32/653 527/33/656 562/87/696
f 524/32/653 562/87/696 784/317/940
f 782/312/936 543/61/677 570/95/704
f 782/312/936 570/95/704 599/126/733
f 556/81/690 551/72/685 566/91/700
f 556/81/690 566/91/700 559/86/693
f 846/375/1004 847/375/1004 848/376/1005
f 846/375/1004 848/376/1005 849/376/1006
f 807/339/969 850/377/1007 832/363/995
f 807/339/969 832/363/995 808/338/970
f 550/73/684 627/151/763 620/146/756
f 550/73/684 620/146/756 567/94/701
f 689/219/854 707/238/870 727/259/871
f 689/219/854 727/259/871 718/251/855
f 688/220/822 705/237/839 707/238/842
f 688/220/822 707/238/842 689/219/823
f 680/210/812 47/16/793 658/188/794
f 680/210/812 658/188/794 529/39/658
f 655/183/1008 654/184/935 782/312/936
f 655/183/1008 782/312/936 851/378/1009
f 542/62/676 840/371/998 586/112/720
f 542/62/676 586/112/720 571/98/705
f 540/57/673 539/58/672 583/110/717
f 540/57/673 583/110/717 582/107/716
f 531/37/660 530/38/659 579/106/713
f 531/37/660 579/106/713 578/103/712
f 841/372/999 811/342/975 575/102/709
f 841/372/999 575/102/709 574/99/708
f 543/61/677 542/62/676 571/98/705
f 543/61/677 571/98/705 570/95/704
f 851/378/1009 782/312/936 599/126/733
f 851/378/1009 599/126/733 598/123/732
f 551/72/685 550/73/684 567/94/701
f 551/72/685 567/94/701 566/91/700
f 527/33/656 785/318/942 563/90/697
f 527/33/656 563/90/697 562/87/696
f 557/80/691 556/81/690 559/86/693
f 557/80/691 559/86/693 558/83/692
f 648/177/786 60/29/1010 784/379/1011
f 648/177/786 784/379/1011 649/176/787
f 41/10/862 806/336/968 668/198/1012
f 41/10/862 668/198/1012 723/254/863
f 723/254/796 668/198/802 667/199/802
f 723/254/796 667/199/802 780/310/796
f 37/5/39 840/371/998 542/62/676
f 37/5/39 542/62/676 35/4/675
f 33/3/35 811/342/975 841/372/999
f 33/3/35 841/372/999 34/2/36
f 34/2/36 841/372/999 840/371/998
f 34/2/36 840/371/998 37/5/39
f 852/380/1013 853/381/1014 545/66/679
f 852/380/1013 545/66/679 544/63/678
f 54/24/56 854/382/1015 534/48/1016
f 54/24/56 534/48/1016 55/23/57
f 855/383/1017 50/19/52 52/20/54
f 855/383/1017 52/20/54 535/51/1018
f 419/384/455 856/387/1019 857/386/1020
f 419/384/455 857/386/1020 420/385/456
f 731/261/875 730/261/874 858/388/1021
f 731/261/875 858/388/1021 859/388/1022
f 595/389/1023 860/390/1024 787/322/944
f 595/389/1023 787/322/944 786/319/943
f 861/391/1025 862/392/1026 552/75/686
f 861/391/1025 552/75/686 783/313/937
f 772/300/1027 863/300/1028 864/393/1029
f 772/300/1027 864/393/1029 865/393/1029
f 853/381/1014 866/394/1030 650/178/788
f 853/381/1014 650/178/788 545/66/679
f 56/25/1031 867/25/1032 729/260/873
f 56/25/1031 729/260/873 728/260/872
f 868/395/1033 771/299/919 772/300/920
f 868/395/1033 772/300/920 865/393/1034
f 331/301/473 434/301/473 863/300/1028
f 331/301/473 863/300/1028 772/300/1027
f 869/396/1035 737/267/878 546/67/680
f 869/396/1035 546/67/680 553/78/687
f 870/397/1036 871/399/1037 632/158/768
f 870/397/1036 632/158/768 872/398/1038
f 439/400/478 873/403/1039 786/402/1040
f 439/400/478 786/402/1040 348/401/478
f 866/394/1030 874/404/1041 651/181/789
f 866/394/1030 651/181/789 650/178/788
f 638/164/774 875/406/1042 876/405/1043
f 638/164/774 876/405/1043 639/163/775
f 862/392/1026 869/396/1035 553/78/687
f 862/392/1026 553/78/687 552/75/686
f 877/407/1044 695/225/828 696/226/829
f 877/407/1044 696/226/829 878/408/1044
f 854/382/1015 855/383/1017 535/51/1018
f 854/382/1015 535/51/1018 534/48/1016
f 879/409/1045 536/52/668 533/53/669
f 879/409/1045 533/53/669 880/410/1046
f 587/111/721 577/100/711 605/130/740
f 587/111/721 605/130/740 617/145/753
f 576/101/710 585/108/719 612/138/748
f 576/101/710 612/138/748 606/133/741
f 48/18/50 790/325/1047 603/129/1048
f 48/18/50 603/129/1048 49/17/51
f 881/411/1049 760/290/905 763/291/908
f 881/411/1049 763/291/908 882/412/1050
f 859/388/1022 858/388/1021 451/413/491
f 859/388/1022 451/413/491 450/413/491
f 706/239/840 708/240/843 711/241/846
f 706/239/840 711/241/846 58/26/841
f 604/128/739 603/129/738 883/415/1051
f 604/128/739 883/415/1051 610/414/1052
f 585/108/719 584/109/718 613/141/749
f 585/108/719 613/141/749 612/138/748
f 581/104/715 580/105/714 604/137/745
f 581/104/715 604/137/745 609/134/744
f 577/100/711 576/101/710 606/133/741
f 577/100/711 606/133/741 605/130/740
f 882/412/1050 763/291/908 790/325/1047
f 882/412/1050 790/325/1047 48/18/50
f 865/393/1029 864/393/1029 803/292/1029
f 865/393/1029 803/292/1029 762/292/1029
f 884/416/1053 885/416/1054 886/417/1055
f 884/416/1053 886/417/1055 887/417/1056
f 829/358/993 828/359/992 837/370/976
f 829/358/993 837/370/976 836/367/976
f 888/418/1057 880/419/1058 533/47/665
f 888/418/1057 533/47/665 532/44/664
f 889/420/1059 890/420/1060 891/421/1061
f 889/420/1059 891/421/1061 892/421/1061
f 603/129/1062 792/129/1062 893/415/1062
f 603/129/1062 893/415/1062 883/415/1062
f 776/304/926 775/305/925 740/270/881
f 776/304/926 740/270/881 739/269/880
f 57/27/59 56/25/58 760/290/1063
f 57/27/59 760/290/1063 881/411/1064
f 879/409/1065 894/409/1065 895/52/1066
f 879/409/1065 895/52/1066 536/52/1067
f 767/295/1068 766/295/1068 843/373/1001
f 767/295/1068 843/373/1001 842/373/1000
f 825/354/989 824/355/988 827/360/991
f 825/354/989 827/360/991 826/357/990
f 719/250/856 718/251/855 774/306/924
f 719/250/856 774/306/924 773/303/923
f 859/388/1069 450/413/511 332/302/354
f 859/388/1069 332/302/354 771/299/919
f 896/422/1070 897/422/1070 885/416/1054
f 896/422/1070 885/416/1054 884/416/1053
f 56/25/58 728/260/1071 761/293/906
f 56/25/58 761/293/906 760/290/1063
f 845/374/1003 844/374/1002 890/420/1060
f 845/374/1003 890/420/1060 889/420/1059
f 800/335/960 795/328/955 798/329/958
f 800/335/960 798/329/958 801/334/961
f 898/423/1072 635/159/771 628/154/764
f 898/423/1072 628/154/764 899/424/1073
f 596/122/730 643/167/779 646/172/782
f 596/122/730 646/172/782 597/121/731
f 900/425/1074 645/170/781 636/162/772
f 900/425/1074 636/162/772 901/426/1075
f 902/427/1076 631/155/767 640/166/776
f 902/427/1076 640/166/776 834/365/997
f 639/163/775 876/405/1043 903/429/1077
f 639/163/775 903/429/1077 904/428/1078
f 871/399/1037 905/430/1079 633/161/769
f 871/399/1037 633/161/769 632/158/768
f 597/121/731 646/172/782 591/173/785
f 597/121/731 591/173/785 590/316/939
f 572/97/706 616/142/752 645/170/781
f 572/97/706 645/170/781 900/425/1074
f 834/365/997 640/166/776 643/167/779
f 834/365/997 643/167/779 596/122/730
f 901/426/1075 636/162/772 639/163/775
f 901/426/1075 639/163/775 904/428/1078
f 872/398/1038 632/158/768 635/159/771
f 872/398/1038 635/159/771 898/423/1072
f 899/424/1073 628/154/764 631/155/767
f 899/424/1073 631/155/767 902/427/1076
f 593/120/727 588/113/722 591/114/725
f 593/120/727 591/114/725 594/119/728
f 572/97/706 587/111/721 617/145/753
f 572/97/706 617/145/753 616/142/752
f 594/174/784 647/175/783 860/390/1024
f 594/174/784 860/390/1024 595/389/1023
f 856/387/1019 799/332/959 802/333/962
f 856/387/1019 802/333/962 857/386/1020
f 873/403/1039 592/117/726 595/118/729
f 873/403/1039 595/118/729 786/402/1040
f 906/431/1080 907/432/1081 795/328/1082
f 906/431/1080 795/328/1082 800/335/1083
f 477/433/526 908/434/1084 856/387/1085
f 477/433/526 856/387/1085 419/384/527
f 909/435/1086 910/436/1087 850/377/1088
f 909/435/1086 850/377/1088 807/339/1089
f 768/297/952 793/326/951 810/341/973
f 768/297/952 810/341/973 794/327/972
f 911/437/1090 909/435/1086 807/339/1089
f 911/437/1090 807/339/1089 796/331/1091
f 912/438/1092 906/431/1080 800/335/1083
f 912/438/1092 800/335/1083 799/332/1093
f 907/432/1081 911/437/1090 796/331/1091
f 907/432/1081 796/331/1091 795/328/1082
f 769/296/913 768/297/912 794/327/953
f 769/296/913 794/327/953 757/288/901
f 777/308/927 769/296/913 757/288/901
f 777/308/927 757/288/901 742/274/1094
f 778/307/928 777/308/927 742/274/1094
f 778/307/928 742/274/1094 741/271/1095
f 908/434/1084 912/438/1092 799/332/1093
f 908/434/1084 799/332/1093 856/387/1085
f 743/273/884 758/287/902 663/193/798
f 743/273/884 663/193/798 682/212/814
f 744/272/885 743/273/884 682/212/814
f 744/272/885 682/212/814 681/211/813
f 758/287/902 753/283/954 664/195/799
f 758/287/902 664/195/799 663/193/798
f 788/324/980 814/345/979 819/350/985
f 788/324/980 819/350/985 678/208/984
f 661/191/1096 677/207/809 809/340/971
f 661/191/1096 809/340/971 662/190/1097
f 668/198/1012 745/275/886 676/206/808
f 668/198/1012 676/206/808 669/197/1098
f 756/284/900 755/285/899 674/204/790
f 756/284/900 674/204/790 653/185/790
f 668/198/1012 806/336/968 656/186/791
f 668/198/1012 656/186/791 745/275/886
f 789/323/948 788/324/947 678/208/810
f 789/323/948 678/208/810 675/205/807
f 669/197/1098 676/206/808 677/207/809
f 669/197/1098 677/207/809 661/191/1096
f 755/285/899 789/323/948 675/205/807
f 755/285/899 675/205/807 674/204/790
f 806/336/968 805/337/967 657/187/790
f 806/336/968 657/187/790 656/186/791
f 662/190/1097 809/340/971 664/195/799
f 662/190/1097 664/195/799 753/283/954
f 913/439/1099 914/442/1100 915/441/1101
f 913/439/1099 915/441/1101 916/440/1102
f 917/443/1103 918/446/1104 919/445/1105
f 917/443/1103 919/445/1105 920/444/1106
f 916/440/1102 915/441/1101 921/448/1107
f 916/440/1102 921/448/1107 922/447/1108
f 923/449/1109 798/329/958 797/330/957
f 923/449/1109 797/330/957 924/450/1110
f 925/451/1111 802/333/962 801/334/961
f 925/451/1111 801/334/961 926/452/1112
f 924/450/1110 797/330/957 808/338/970
f 924/450/1110 808/338/970 927/453/1113
f 928/454/1114 61/31/1115 914/442/1100
f 928/454/1114 914/442/1100 913/439/1099
f 927/453/1113 808/338/970 832/363/995
f 927/453/1113 832/363/995 929/455/1116
f 929/455/1116 832/363/995 833/364/996
f 929/455/1116 833/364/996 930/456/1117
f 931/457/1118 932/460/1119 503/459/563
f 931/457/1118 503/459/563 502/458/563
f 505/461/565 420/385/456 857/386/1020
f 505/461/565 857/386/1020 933/462/1120
f 922/447/1108 921/448/1107 918/446/1104
f 922/447/1108 918/446/1104 917/443/1103
f 926/452/1112 801/334/961 798/329/958
f 926/452/1112 798/329/958 923/449/1109
f 920/444/1106 919/445/1105 932/460/1119
f 920/444/1106 932/460/1119 931/457/1118
f 930/456/1117 833/364/996 61/31/1115
f 930/456/1117 61/31/1115 928/454/1114
f 933/462/1120 857/386/1020 802/333/962
f 933/462/1120 802/333/962 925/451/1111
f 918/446/1121 921/448/1122 588/113/1123
f 918/446/1121 588/113/1123 593/120/1124
f 503/459/571 932/460/1125 873/403/1126
f 503/459/571 873/403/1126 439/400/571
f 914/442/1127 61/31/65 60/29/64
f 914/442/1127 60/29/64 648/177/1128
f 850/377/1007 741/271/882 744/272/885
f 850/377/1007 744/272/885 832/363/995
f 934/463/1129 717/248/852 778/307/928
f 934/463/1129 778/307/928 910/436/1087
f 915/441/1130 914/442/1127 648/177/1128
f 915/441/1130 648/177/1128 589/116/1131
f 919/445/1132 918/446/1121 593/120/1124
f 919/445/1132 593/120/1124 592/117/1133
f 921/448/1122 915/441/1130 589/116/1131
f 921/448/1122 589/116/1131 588/113/1123
f 910/436/1087 778/307/928 741/271/1095
f 910/436/1087 741/271/1095 850/377/1088
f 665/194/941 554/79/688 557/80/691
f 665/194/941 557/80/691 785/318/942
f 935/464/1134 686/214/820 717/248/852
f 935/464/1134 717/248/852 934/463/1129
f 936/465/1135 683/213/817 686/214/820
f 936/465/1135 686/214/820 935/464/1134
f 833/364/996 681/211/813 62/30/816
f 833/364/996 62/30/816 61/31/1115
f 598/123/732 621/149/757 626/152/762
f 598/123/732 626/152/762 851/378/1009
f 670/200/1136 714/246/849 713/247/848
f 670/200/1136 713/247/848 937/466/1137
f 903/429/1138 870/397/1138 622/148/1138
f 903/429/1138 622/148/1138 601/124/1138
f 852/380/1013 738/268/879 905/430/1139
f 852/380/1013 905/430/1139 875/406/1140
f 876/405/1043 871/399/1037 870/397/1036
f 876/405/1043 870/397/1036 903/429/1077
f 851/378/1009 626/152/762 625/153/761
f 851/378/1009 625/153/761 655/183/1008
f 673/201/806 724/256/877 714/246/876
f 673/201/806 714/246/876 670/200/803
f 770/298/917 42/12/867 724/256/866
f 770/298/917 724/256/866 673/201/914
f 759/289/904 805/337/967 59/28/966
f 759/289/904 59/28/966 751/280/903
f 652/182/790 657/187/790 805/337/967
f 652/182/790 805/337/967 759/289/904
f 749/279/946 43/11/45 42/12/44
f 749/279/946 42/12/44 770/298/945
f 751/280/894 59/28/63 43/11/62
f 751/280/894 43/11/62 749/279/891
f 601/124/735 622/148/758 621/149/757
f 601/124/735 621/149/757 598/123/732
f 93/64/102 98/69/107 547/70/681
f 93/64/102 547/70/681 544/63/678
f 875/406/1042 905/430/1079 871/399/1037
f 875/406/1042 871/399/1037 876/405/1043
f 655/183/790 625/153/790 657/187/790
f 655/183/790 657/187/790 652/182/790
f 937/466/1137 781/311/933 671/203/934
f 937/466/1137 671/203/934 670/200/1136
f 932/460/1125 919/445/1132 592/117/1133
f 932/460/1125 592/117/1133 873/403/1126
f 728/260/1071 731/261/1141 868/395/1033
f 728/260/1071 868/395/1033 761/293/906
f 763/291/965 804/291/964 791/325/949
f 763/291/965 791/325/949 790/325/949
f 619/143/1142 618/144/1143 938/468/1144
f 619/143/1142 938/468/1144 939/467/1145
f 615/139/1146 614/140/1147 940/470/1148
f 615/139/1146 940/470/1148 941/469/1149
f 611/135/1150 610/136/1151 880/419/1058
f 611/135/1150 880/419/1058 888/418/1057
f 608/131/1152 607/132/1153 942/472/1154
f 608/131/1152 942/472/1154 943/471/1155
f 883/415/1051 879/409/1045 880/410/1046
f 883/415/1051 880/410/1046 610/414/1052
f 629/157/1156 634/160/1157 869/396/1035
f 629/157/1156 869/396/1035 862/392/1026
f 637/165/1158 644/171/1159 874/404/1041
f 637/165/1158 874/404/1041 866/394/1030
f 883/415/1065 893/415/1065 894/409/1065
f 883/415/1065 894/409/1065 879/409/1065
f 709/243/844 877/407/1044 878/408/1044
f 709/243/844 878/408/1044 710/242/845
f 711/241/1160 944/241/1161 945/26/1160
f 711/241/1160 945/26/1160 58/26/1160
f 634/160/1157 633/161/1162 737/267/878
f 634/160/1157 737/267/878 869/396/1035
f 761/293/906 868/395/1033 865/393/1034
f 761/293/906 865/393/1034 762/292/907
f 638/164/1163 637/165/1158 866/394/1030
f 638/164/1163 866/394/1030 853/381/1014
f 630/156/1164 629/157/1156 862/392/1026
f 630/156/1164 862/392/1026 861/391/1025
f 536/52/1067 895/52/1066 519/55/613
f 536/52/1067 519/55/613 84/55/613
f 607/132/1153 615/139/1146 941/469/1149
f 607/132/1153 941/469/1149 942/472/1154
f 618/144/1143 608/131/1152 943/471/1155
f 618/144/1143 943/471/1155 938/468/1144
f 875/406/1140 638/164/1163 853/381/1014
f 875/406/1140 853/381/1014 852/380/1013
f 633/161/1162 905/430/1139 738/268/879
f 633/161/1162 738/268/879 737/267/878
f 544/63/678 547/70/681 738/268/879
f 544/63/678 738/268/879 852/380/1013
f 614/140/1147 611/135/1150 888/418/1057
f 614/140/1147 888/418/1057 940/470/1148
f 824/355/1165 719/250/856 773/303/923
f 824/355/1165 773/303/923 827/360/1166
f 828/359/1167 776/304/926 739/269/880
f 828/359/1167 739/269/880 837/370/1168
f 584/109/718 581/104/715 609/134/744
f 584/109/718 609/134/744 613/141/749
f 696/226/1169 946/226/1170 947/408/1171
f 696/226/1169 947/408/1171 878/408/1172
f 539/58/672 531/37/660 578/103/712
f 539/58/672 578/103/712 583/110/717
f 827/360/1166 773/303/923 776/304/926
f 827/360/1166 776/304/926 828/359/1167
f 837/370/1168 739/269/880 679/209/811
f 837/370/1168 679/209/811 838/369/1173
f 823/356/1174 690/218/853 719/250/856
f 823/356/1174 719/250/856 824/355/1165
f 831/362/1175 687/217/821 690/218/824
f 831/362/1175 690/218/824 823/356/1175
f 838/369/1173 679/209/811 528/36/657
f 838/369/1173 528/36/657 538/59/671
f 613/141/749 609/134/744 611/135/747
f 613/141/749 611/135/747 614/140/750
f 583/110/717 578/103/712 581/104/715
f 583/110/717 581/104/715 584/109/718
f 51/21/53 532/44/664 76/45/83
f 51/21/53 76/45/83 74/43/81
f 538/59/671 528/36/657 531/37/660
f 538/59/671 531/37/660 539/58/672
f 842/373/1176 774/306/1177 718/251/1178
f 842/373/1176 718/251/1178 767/295/1179
f 849/376/1180 57/27/1181 881/411/1182
f 849/376/1180 881/411/1182 846/375/1183
f 764/294/1184 727/259/1185 57/27/1181
f 764/294/1184 57/27/1181 849/376/1180
f 889/420/1186 740/270/1187 775/305/1188
f 889/420/1186 775/305/1188 845/374/1189
f 887/417/1190 882/412/1191 48/18/1192
f 887/417/1190 48/18/1192 884/416/1193
f 767/295/1179 718/251/1178 727/259/1185
f 767/295/1179 727/259/1185 764/294/1184
f 896/422/1194 47/16/1195 680/210/1196
f 896/422/1194 680/210/1196 892/421/1197
f 892/421/1197 680/210/1196 740/270/1187
f 892/421/1197 740/270/1187 889/420/1186
f 845/374/1189 775/305/1188 774/306/1177
f 845/374/1189 774/306/1177 842/373/1176
f 846/375/1183 881/411/1182 882/412/1191
f 846/375/1183 882/412/1191 887/417/1190
f 884/416/1193 48/18/1192 47/16/1195
f 884/416/1193 47/16/1195 896/422/1194
f 849/376/1006 848/376/1005 765/294/910
f 849/376/1006 765/294/910 764/294/909
f 887/417/1056 886/417/1055 847/375/1198
f 887/417/1056 847/375/1198 846/375/1198
f 892/421/1199 891/421/1199 897/422/1199
f 892/421/1199 897/422/1199 896/422/1199
f 731/261/1141 859/388/1069 771/299/919
f 731/261/1141 771/299/919 868/395/1033
f 58/26/1200 945/26/1200 867/25/1032
f 58/26/1200 867/25/1032 56/25/1031
f 253/227/650 522/227/650 946/226/1170
f 253/227/650 946/226/1170 696/226/1169
f 710/242/1201 948/242/1202 944/241/1161
f 710/242/1201 944/241/1161 711/241/1160
f 878/408/1172 947/408/1171 948/242/1202
f 878/408/1172 948/242/1202 710/242/1201
f 940/470/1148 888/418/1057 532/44/664
f 940/470/1148 532/44/664 51/21/53
f 939/467/1145 938/468/1144 54/24/56
f 939/467/1145 54/24/56 53/22/55
f 941/469/1149 940/470/1148 51/21/53
f 941/469/1149 51/21/53 50/19/52
f 943/471/1155 942/472/1154 855/383/1017
f 943/471/1155 855/383/1017 854/382/1015
f 942/472/1154 941/469/1149 50/19/52
f 942/472/1154 50/19/52 855/383/1017
f 938/468/1144 943/471/1155 854/382/1015
f 938/468/1144 854/382/1015 54/24/56
f 30/30/245 63/32/1203 66/35/246
f 63/32/1203 30/30/245 29/29/447
f 63/32/1203 29/29/447 345/379/446
f 524/32/1204 62/30/816 525/35/815
f 62/30/816 524/32/1204 60/29/1010
f 60/29/1010 524/32/1204 784/379/1011
s off
g _1
v 0.306833 1.29829 0.447617
v 0 1.30417 0.459553
v 0 0.961739 1.2074
v 0.393839 0.960012 1.18124
v 0.28382 1.05589 -2.01055
v 0 1.05891 -2.02723
v 0 1.15618 -1.72579
v 0.284601 1.14775 -1.72579
v 0.284601 1.1986 -1.55691
v 0 1.21299 -1.56442
v 0 1.2918 -1.29465
v 0.286231 1.27986 -1.26982
v 0.506138 1.11606 -1.72579
v 0.516798 1.16558 -1.5511
v 0.507158 1.25973 -1.23476
v 0.444889 1.04576 -1.97616
v 0.58271 1.03712 -1.94674
v 0.577308 1.10562 -1.72653
v 0.595023 1.28028 0.407555
v 0.54154 1.28313 0.414743
v 0.672194 0.95355 1.05562
v 0.740914 0.951559 1.02438
v 0.572588 1.15743 -1.55026
v 0.55863 1.2551 -1.22661
v 0.673034 1.05434 -1.51866
v 0.644565 1.0927 -1.53482
v 0.621866 1.19611 -1.19456
v 0.721571 1.00648 -1.31027
v 0.755426 0.985772 -1.10955
v 0.612915 1.22946 -1.04939
v 0.603964 1.26282 -0.904227
v 0.763973 0.971595 -0.904227
v 0.784426 0.963719 -0.584234
v 0.605012 1.30666 -0.564215
v 0.606553 1.31743 -0.274829
v 0.787498 0.95502 -0.212496
v 0.788242 0.948447 -0.0328178
v 0.608415 1.31689 -0.187475
v 0.618316 1.30435 0.0898731
v 0.788242 0.941216 0.112327
v 0.788242 0.931679 0.626101
v 0.634343 1.2857 0.242242
v 0.650371 1.24141 0.386368
v 0.788242 0.922142 0.962318
v 0.39954 0.963555 1.20142
v 0.680315 0.956921 1.07464
v -0.306833 1.29829 0.447617
v -0.393839 0.960012 1.18124
v -0.28382 1.05589 -2.01055
v -0.284601 1.14775 -1.72579
v -0.284601 1.1986 -1.55691
v -0.286231 1.27986 -1.26982
v -0.506138 1.11606 -1.72579
v -0.516798 1.16558 -1.5511
v -0.507158 1.25973 -1.23476
v -0.444889 1.04576 -1.97616
v -0.58271 1.03712 -1.94674
v -0.577308 1.10562 -1.72653
v -0.595023 1.28028 0.407555
v -0.740914 0.951559 1.02438
v -0.672194 0.95355 1.05562
v -0.54154 1.28313 0.414743
v -0.572588 1.15743 -1.55026
v -0.55863 1.2551 -1.22661
v -0.673034 1.05434 -1.51866
v -0.721571 1.00648 -1.31027
v -0.621866 1.19611 -1.19456
v -0.644565 1.0927 -1.53482
v -0.755426 0.985772 -1.10955
v -0.763973 0.971595 -0.904227
v -0.603964 1.26282 -0.904227
v -0.612915 1.22946 -1.04939
v -0.784426 0.963719 -0.584234
v -0.787498 0.95502 -0.212496
v -0.606553 1.31743 -0.274829
v -0.605012 1.30666 -0.564215
v -0.788242 0.948447 -0.0328178
v -0.788242 0.941216 0.112327
v -0.618316 1.30435 0.0898731
v -0.608415 1.31689 -0.187475
v -0.788242 0.931679 0.626101
v -0.788242 0.922142 0.962318
v -0.650371 1.24141 0.386368
v -0.634343 1.2857 0.242242
v -0.680315 0.956921 1.07464
v -0.39954 0.963555 1.20142
vn 0.0968725 0.9052 0.413797
vn 4.19796e-08 0.909393 0.415939
vn 0.0935347 0.905486 0.41394
vn 0.0753075 0.949444 -0.30477
vn 0 0.951684 -0.30708
vn 1.89805e-08 0.951214 -0.308532
vn 0.0850835 0.95008 -0.300181
vn 0.0944097 0.953638 -0.285765
vn -4.75489e-09 0.956006 -0.293348
vn -4.54535e-08 0.961037 -0.276419
vn 0.100737 0.955994 -0.275548
vn 0.13383 0.948121 -0.288367
vn 0.137904 0.950546 -0.278289
vn 0.136588 0.950978 -0.27746
vn 0.129041 0.945549 -0.298807
vn 0.126862 0.94721 -0.294446
vn 0.132857 0.94895 -0.286082
vn 0.169568 0.887972 0.427496
vn 0.166874 0.892873 0.418248
vn 0.166703 0.89318 0.41766
vn 0.138135 0.950525 -0.278248
vn 0.136719 0.950279 -0.27978
vn 0.850147 0.518353 -0.0925151
vn 0.854398 0.512879 -0.083421
vn 0.852525 0.515317 -0.0874593
vn 0.862367 0.503322 -0.0546801
vn 0.864505 0.500544 -0.0456861
vn 0.875012 0.482291 -0.041814
vn 0.874643 0.483044 -0.0408363
vn 0.885396 0.463787 -0.0312351
vn 0.885886 0.462986 -0.0291501
vn 0.890671 0.454585 -0.00763787
vn 0.902287 0.431134 -0.000971551
vn 0.906861 0.421423 -0.00260896
vn 0.907676 0.419663 -0.00290481
vn 0.909619 0.41529 0.0112745
vn 0.911812 0.410607 -0.00128574
vn 0.908671 0.41719 0.01643
vn -0.0480761 0.985895 -0.160314
vn -0.0271818 0.985321 -0.168536
vn -0.0279039 0.985368 -0.16814
vn -0.0480685 0.985911 -0.160217
vn -0.0968725 0.9052 0.413797
vn -0.0935346 0.905486 0.41394
vn -0.0753075 0.949444 -0.30477
vn -0.0850835 0.95008 -0.300181
vn -0.0944097 0.953638 -0.285765
vn -0.100737 0.955994 -0.275548
vn -0.13383 0.948121 -0.288367
vn -0.137904 0.950546 -0.278289
vn -0.136588 0.950978 -0.27746
vn -0.129041 0.945549 -0.298807
vn -0.126862 0.94721 -0.294446
vn -0.132857 0.94895 -0.286082
vn -0.169568 0.887972 0.427496
vn -0.166703 0.89318 0.41766
vn -0.166874 0.892873 0.418248
vn -0.138135 0.950525 -0.278248
vn -0.136719 0.950279 -0.27978
vn -0.850147 0.518354 -0.0925149
vn -0.852525 0.515317 -0.0874591
vn -0.854398 0.512879 -0.0834208
vn -0.862367 0.503322 -0.0546801
vn -0.874643 0.483044 -0.0408364
vn -0.875012 0.482291 -0.0418141
vn -0.864505 0.500544 -0.0456861
vn -0.885396 0.463787 -0.0312351
vn -0.890671 0.454585 -0.00763791
vn -0.885886 0.462986 -0.0291502
vn -0.902287 0.431134 -0.000971678
vn -0.907676 0.419663 -0.00290491
vn -0.906861 0.421423 -0.00260907
vn -0.909619 0.41529 0.0112744
vn -0.908671 0.41719 0.0164299
vn -0.911812 0.410607 -0.00128582
vn 0.0480759 0.985895 -0.160314
vn 0.0480684 0.985911 -0.160217
vn 0.0279037 0.985368 -0.168139
vn 0.0271816 0.985321 -0.168536
vt 0.711669 -0.643744
vt 0.75 -0.643739
vt 0.75 -0.673288
vt 0.711767 -0.673262
vt 0.711748 -0.518907
vt 0.75 -0.518864
vt 0.75 -0.536396
vt 0.711578 -0.536396
vt 0.711578 -0.545035
vt 0.75 -0.544651
vt 0.75 -0.558452
vt 0.71142 -0.560456
vt 0.683634 -0.536396
vt 0.681828 -0.545333
vt 0.681682 -0.562043
vt 0.691744 -0.519024
vt 0.674633 -0.519094
vt 0.674659 -0.536358
vt 0.675263 -0.643826
vt 0.682005 -0.64381
vt 0.682148 -0.673211
vt 0.67482 -0.673195
vt 0.67468 -0.545375
vt 0.674751 -0.562412
vt 0.640931 -0.5469
vt 0.660255 -0.549977
vt 0.663308 -0.563557
vt 0.640931 -0.557403
vt 0.640931 -0.567906
vt 0.664512 -0.570983
vt 0.665715 -0.578409
vt 0.640931 -0.578409
vt 0.640931 -0.598405
vt 0.665344 -0.595858
vt 0.664993 -0.610579
vt 0.640931 -0.614502
vt 0.640931 -0.626455
vt 0.664808 -0.614947
vt 0.663995 -0.628598
vt 0.640931 -0.639495
vt 0.640931 -0.656694
vt 0.66353 -0.635866
vt 0.663066 -0.643134
vt 0.640931 -0.673893
vt 0.711578 -0.673893
vt 0.681828 -0.673893
usemtl Window
f 949/473/1205 950/474/1206 951/475/1206
f 949/473/1205 951/475/1206 952/476/1207
f 953/477/1208 954/478/1209 955/479/1210
f 953/477/1208 955/479/1210 956/480/1211
f 957/481/1212 958/482/1213 959/483/1214
f 957/481/1212 959/483/1214 960/484/1215
f 956/480/1211 955/479/1210 958/482/1213
f 956/480/1211 958/482/1213 957/481/1212
f 961/485/1216 956/480/1211 957/481/1212
f 961/485/1216 957/481/1212 962/486/1217
f 962/486/1217 957/481/1212 960/484/1215
f 962/486/1217 960/484/1215 963/487/1218
f 964/488/1219 953/477/1208 956/480/1211
f 964/488/1219 956/480/1211 961/485/1216
f 965/489/1220 964/488/1219 961/485/1216
f 965/489/1220 961/485/1216 966/490/1221
f 967/491/1222 968/492/1223 969/493/1224
f 967/491/1222 969/493/1224 970/494/1222
f 971/495/1225 962/486/1217 963/487/1218
f 971/495/1225 963/487/1218 972/496/1226
f 966/490/1221 961/485/1216 962/486/1217
f 966/490/1221 962/486/1217 971/495/1225
f 968/492/1223 949/473/1205 952/476/1207
f 968/492/1223 952/476/1207 969/493/1224
f 973/497/1227 974/498/1227 975/499/1228
f 973/497/1227 975/499/1228 976/500/1229
f 977/501/1230 978/502/1231 979/503/1232
f 977/501/1230 979/503/1232 980/504/1233
f 981/505/1234 982/506/1235 983/507/1236
f 981/505/1234 983/507/1236 984/508/1236
f 985/509/1237 986/510/1237 987/511/1238
f 985/509/1237 987/511/1238 988/512/1239
f 989/513/1240 990/514/1241 991/515/1242
f 989/513/1240 991/515/1242 992/516/1242
f 980/504/1233 979/503/1232 982/506/1235
f 980/504/1233 982/506/1235 981/505/1234
f 988/512/1239 987/511/1238 990/514/1241
f 988/512/1239 990/514/1241 989/513/1240
f 976/500/1229 975/499/1228 978/502/1231
f 976/500/1229 978/502/1231 977/501/1230
f 969/493/1243 952/476/1244 993/517/1245
f 969/493/1243 993/517/1245 994/518/1246
f 995/473/1247 996/476/1248 951/475/1206
f 995/473/1247 951/475/1206 950/474/1206
f 997/477/1249 998/480/1250 955/479/1210
f 997/477/1249 955/479/1210 954/478/1209
f 999/481/1251 1000/484/1252 959/483/1214
f 999/481/1251 959/483/1214 958/482/1213
f 998/480/1250 999/481/1251 958/482/1213
f 998/480/1250 958/482/1213 955/479/1210
f 1001/485/1253 1002/486/1254 999/481/1251
f 1001/485/1253 999/481/1251 998/480/1250
f 1002/486/1254 1003/487/1255 1000/484/1252
f 1002/486/1254 1000/484/1252 999/481/1251
f 1004/488/1256 1001/485/1253 998/480/1250
f 1004/488/1256 998/480/1250 997/477/1249
f 1005/489/1257 1006/490/1258 1001/485/1253
f 1005/489/1257 1001/485/1253 1004/488/1256
f 1007/491/1259 1008/494/1259 1009/493/1260
f 1007/491/1259 1009/493/1260 1010/492/1261
f 1011/495/1262 1012/496/1263 1003/487/1255
f 1011/495/1262 1003/487/1255 1002/486/1254
f 1006/490/1258 1011/495/1262 1002/486/1254
f 1006/490/1258 1002/486/1254 1001/485/1253
f 1010/492/1261 1009/493/1260 996/476/1248
f 1010/492/1261 996/476/1248 995/473/1247
f 1013/497/1264 1014/500/1265 1015/499/1266
f 1013/497/1264 1015/499/1266 1016/498/1264
f 1017/501/1267 1018/504/1268 1019/503/1269
f 1017/501/1267 1019/503/1269 1020/502/1270
f 1021/505/1271 1022/508/1272 1023/507/1272
f 1021/505/1271 1023/507/1272 1024/506/1273
f 1025/509/1274 1026/512/1275 1027/511/1276
f 1025/509/1274 1027/511/1276 1028/510/1274
f 1029/513/1277 1030/516/1278 1031/515/1278
f 1029/513/1277 1031/515/1278 1032/514/1279
f 1018/504/1268 1021/505/1271 1024/506/1273
f 1018/504/1268 1024/506/1273 1019/503/1269
f 1026/512/1275 1029/513/1277 1032/514/1279
f 1026/512/1275 1032/514/1279 1027/511/1276
f 1014/500/1265 1017/501/1267 1020/502/1270
f 1014/500/1265 1020/502/1270 1015/499/1266
f 1009/493/1280 1033/518/1281 1034/517/1282
f 1009/493/1280 1034/517/1282 996/476/1283
s off
g _2
v 0.618723 0.610964 2.29101
v 0.649172 0.728768 2.21676
v 0.47063 0.701983 2.32783
v -0.618723 0.610964 2.29101
v -0.47063 0.701983 2.32783
v -0.649172 0.728768 2.21676
v 0.809185 0.615567 2.15248
v 0.815437 0.755017 2.0641
v 0.881715 0.620171 2.06059
v 0.880577 0.76021 1.92689
v -0.809185 0.615567 2.15248
v -0.815437 0.755017 2.0641
v -0.881715 0.620171 2.06059
v -0.880577 0.76021 1.92689
vn 0.495222 0.389715 0.776452
vn 0.528072 0.386478 0.756158
vn 0.442313 0.393605 0.805875
vn -0.495222 0.389715 0.776452
vn -0.442313 0.393605 0.805875
vn -0.528072 0.386479 0.756158
vn 0.65208 0.384184 0.653601
vn 0.721913 0.381612 0.577246
vn 0.787644 0.374398 0.48933
vn -0.65208 0.384185 0.653601
vn -0.721913 0.381612 0.577246
vn -0.787644 0.374398 0.489329
vt 0.59838 -0.765931
vt 0.625 -0.765931
vt 0.625 -0.791065
vt 0.59838 -0.757966
vt 0.625 -0.757966
vt 0.59838 -0.75
vt 0.625 -0.75
usemtl FrontLight
f 1035/519/1284 1036/520/1285 1037/521/1286
f 1038/519/1287 1039/521/1288 1040/520/1289
f 1041/522/1290 1042/523/1291 1036/520/1285
f 1041/522/1290 1036/520/1285 1035/519/1284
f 1043/524/1292 1044/525/1292 1042/523/1291
f 1043/524/1292 1042/523/1291 1041/522/1290
f 1045/522/1293 1038/519/1287 1040/520/1289
f 1045/522/1293 1040/520/1289 1046/523/1294
f 1047/524/1295 1045/522/1293 1046/523/1294
f 1047/524/1295 1046/523/1294 1048/525/1295
s off
g _3
v 0.773807 0.445186 2.17018
v 0.773998 0.496489 2.17171
v 0.699817 0.438992 2.20775
v 0.528986 0.560041 2.31784
v 0.397346 0.647076 2.30757
v 0.401368 0.554791 2.32321
v 0.593626 0.229788 2.33613
v 0.480379 0.270689 2.37744
v 0.479528 0.229273 2.38599
v -0.773807 0.445186 2.17018
v -0.699817 0.438992 2.20775
v -0.773998 0.496489 2.17171
v -0.528986 0.560041 2.31784
v -0.401368 0.554791 2.32321
v -0.397346 0.647076 2.30757
v -0.593626 0.229788 2.33613
v -0.479528 0.229273 2.38599
v -0.480379 0.270689 2.37744
v 0.367642 0.211403 2.4327
v 0.197611 0.211403 2.4392
v 0.53895 0.199275 1.97273
v 0.82878 0.277484 -2.05832
v 0.836181 0.271015 -2.02957
v 0.815471 0.282004 -2.08467
v 0.845389 0.258554 -1.94369
v 0.53895 0.225173 -1.72801
v 0.853471 0.23215 -1.7841
v 0.853847 0.225173 -1.72801
v 0.672549 0.299866 -2.292
v 0.744677 0.294108 -2.22901
v 0.495306 0.306708 -2.35249
v 0.596964 0.303316 -2.32669
v 0.286444 0.313368 -2.38493
v 0.396895 0.30987 -2.36656
v -0.396895 0.30987 -2.36656
v -0.286444 0.313368 -2.38493
v -0.53895 0.225173 -1.72801
v 0 0.314746 -2.413
v -0.596964 0.303316 -2.32669
v -0.495306 0.306708 -2.35249
v -0.744677 0.294108 -2.22901
v -0.672549 0.299866 -2.292
v -0.836181 0.271015 -2.02957
v -0.82878 0.277484 -2.05832
v -0.815471 0.282004 -2.08467
v 0.53895 0.187112 -0.906661
v 0.931994 0.187112 -0.906661
v 0.932535 0.186592 -0.852165
v -0.845389 0.258554 -1.94369
v -0.853847 0.225173 -1.72801
v -0.853471 0.23215 -1.7841
v 0.92942 0.184039 -0.586629
v -0.932535 0.186592 -0.852165
v -0.931994 0.187112 -0.906661
v -0.53895 0.187112 -0.906661
v 0.907843 0.181528 -0.206358
v -0.92942 0.184039 -0.586629
v -0.907843 0.181528 -0.206358
v 0.901858 0.176825 0.623629
v 0.92942 0.174917 0.959845
v 0.53895 0.176862 1.16649
v 0.925064 0.17511 1.1181
v -0.925064 0.17511 1.1181
v -0.92942 0.174917 0.959845
v -0.53895 0.176862 1.16649
v -0.901858 0.176825 0.623629
v -0.924489 0.176862 1.16649
v -0.913388 0.186185 2.03597
v -0.914662 0.199275 1.97273
v -0.53895 0.199275 1.97273
v -0.895719 0.188956 2.11506
v -0.833648 0.191727 2.18507
v 0.924489 0.176862 1.16649
v 0.914662 0.199275 1.97273
v 0.913388 0.186185 2.03597
v 0.833648 0.191727 2.18507
v 0.895719 0.188956 2.11506
v -0.792888 0.194097 2.2239
v 0.792888 0.194097 2.2239
v 0.636962 0.208413 2.33465
v 0.504226 0.209256 2.39273
v 0.417201 0.211403 2.43081
v -0.636962 0.208413 2.33465
v 0 0.211403 2.4476
v -0.504226 0.209256 2.39273
v -0.367642 0.211403 2.4327
v -0.417201 0.211403 2.43081
v -0.197611 0.211403 2.4392
v 0.673093 1.25527 0.383896
v 0.810965 0.935996 0.959845
v 0.788242 0.922142 0.962318
v 0.650371 1.24141 0.386368
v 0.778148 0.999626 -1.11202
v 0.744294 1.02034 -1.31275
v 0.721571 1.00648 -1.31027
v 0.755426 0.985772 -1.10955
v 0.810965 0.962301 -0.0352904
v 0.631137 1.33074 -0.189948
v 0.608415 1.31689 -0.187475
v 0.788242 0.948447 -0.0328178
v 0.695756 1.0682 -1.52113
v 0.673034 1.05434 -1.51866
v 0.667288 1.10656 -1.5373
v 0.644589 1.20996 -1.19703
v 0.621866 1.19611 -1.19456
v 0.644565 1.0927 -1.53482
v 0.597365 0.321502 -2.32507
v 0.673235 0.317602 -2.29059
v 0.396895 0.328872 -2.36496
v 0.495307 0.325509 -2.35088
v 0.745249 0.311384 -2.22747
v 0.599443 0.400702 -2.33292
v 0.682068 0.395258 -2.29124
v 0.396895 0.411658 -2.37744
v 0.49637 0.406765 -2.36012
v 0.745788 0.388104 -2.22138
v 0.626687 1.27668 -0.9067
v 0.627734 1.32051 -0.566687
v 0.605012 1.30666 -0.564215
v 0.603964 1.26282 -0.904227
v 0.685334 0.509727 -2.3092
v 0.751985 0.504951 -2.25128
v 0.396895 0.467566 -2.38738
v 0.497691 0.469471 -2.37385
v 0.607865 0.503589 -2.35185
v 0.657066 1.29956 0.239769
v 0.634343 1.2857 0.242242
v 0.629276 1.33128 -0.277302
v 0.606553 1.31743 -0.274829
v 0.77889 0.489913 -2.21443
v 0.802132 0.377838 -2.15167
v 0.813746 0.301549 -2.09756
v 0 0.418314 -2.41083
v 0 0.469576 -2.41941
v 0.286444 0.466761 -2.40139
v 0.286444 0.413482 -2.39189
v 0 0.333748 -2.41139
v 0.286444 0.33237 -2.38332
v 0.740914 0.951559 1.02438
v 0.672194 0.95355 1.05562
v 0.680315 0.956921 1.07464
v 0.762154 0.954987 1.03769
v 0.595023 1.28028 0.407555
v 0.610243 1.29709 0.395448
v 0.54154 1.28313 0.414743
v 0.542 1.30144 0.404978
v 0.393839 0.960012 1.18124
v 0 0.961739 1.2074
v 0 0.965675 1.22799
v 0.39954 0.963555 1.20142
v 0 1.30417 0.459553
v 0.306833 1.29829 0.447617
v 0.307869 1.31636 0.437675
v 0 1.32212 0.449528
v 0.786696 0.98545 -0.9067
v 0.763973 0.971595 -0.904227
v 0.807149 0.977574 -0.586707
v 0.784426 0.963719 -0.584234
v 0.635638 1.24332 -1.05187
v 0.612915 1.22946 -1.04939
v 0.810965 0.945533 0.623629
v 0.810965 0.95507 0.109854
v 0.788242 0.941216 0.112327
v 0.788242 0.931679 0.626101
v 0.810221 0.968874 -0.214969
v 0.787498 0.95502 -0.212496
v 0.641038 1.3182 0.0874005
v 0.618316 1.30435 0.0898731
v 0.55863 1.2551 -1.22661
v 0.507158 1.25973 -1.23476
v 0.506753 1.27063 -1.22556
v 0.571056 1.26479 -1.21537
v 0.572588 1.15743 -1.55026
v 0.585556 1.16333 -1.55159
v 0.58271 1.03712 -1.94674
v 0.577308 1.10562 -1.72653
v 0.590288 1.11155 -1.72798
v 0.595936 1.04005 -1.95798
v 0.444889 1.04576 -1.97616
v 0.448117 1.04932 -1.98953
v 0.286231 1.27986 -1.26982
v 0 1.2918 -1.29465
v 0 1.30255 -1.28528
v 0.286139 1.29067 -1.26055
v 0 1.05891 -2.02723
v 0.28382 1.05589 -2.01055
v 0.286291 1.05947 -2.02407
v 0 1.06259 -2.04086
v 0.939422 0.467459 -0.948777
v 0.934911 0.29379 -0.913791
v 0.53895 0.29379 -0.913791
v 0.53895 0.467459 -0.948777
v 0.942473 0.624852 1.30307
v 0.943937 0.686433 1.39663
v 0.53895 0.686433 1.39663
v 0.53895 0.624852 1.30307
v 0.936916 0.469273 1.20459
v 0.940423 0.561442 1.24703
v 0.53895 0.561442 1.24703
v 0.53895 0.469273 1.20459
v 0.935747 0.633709 1.83109
v 0.928857 0.506251 1.92374
v 0.53895 0.506251 1.92374
v 0.53895 0.633709 1.83109
v 0.942139 0.584934 -1.00527
v 0.53895 0.584934 -1.00527
v 0.91923 0.302617 1.9694
v 0.916439 0.240362 1.97208
v 0.53895 0.240362 1.97208
v 0.53895 0.302617 1.9694
v 0.9394 0.689541 1.7434
v 0.53895 0.689541 1.7434
v 0.925376 0.436025 1.95148
v 0.53895 0.436025 1.95148
v 0.94392 0.693502 -1.12905
v 0.53895 0.693502 -1.12905
v 0.943327 0.726711 1.57413
v 0.53895 0.726711 1.57413
v 0.932819 0.216536 -0.90667
v 0.53895 0.216536 -0.90667
v 0.911116 0.520358 -1.67003
v 0.922569 0.607922 -1.62568
v 0.53895 0.607922 -1.62568
v 0.53895 0.520358 -1.67003
v 0.860418 0.24533 -1.72801
v 0.53895 0.24533 -1.72801
v 0.915483 0.218364 1.97273
v 0.53895 0.218364 1.97273
v 0.878968 0.325543 -1.72321
v 0.53895 0.325543 -1.72321
v 0.903688 0.469552 -1.69576
v 0.53895 0.469552 -1.69576
v 0.940536 0.706404 -1.49642
v 0.943263 0.736442 -1.31154
v 0.53895 0.736442 -1.31154
v 0.53895 0.706404 -1.49642
v 0.932925 0.370727 1.17712
v 0.53895 0.370727 1.17712
v 0.925343 0.196493 1.16758
v 0.53895 0.196493 1.16758
v 0.922021 0.364871 1.96671
v 0.53895 0.364871 1.96671
v 0.926882 0.231845 1.16951
v 0.53895 0.231845 1.16951
v 0.770646 0.316825 2.16638
v 0.771112 0.374697 2.16906
v 0.641582 0.376654 2.23939
v 0.613918 0.335169 2.25074
v 0.8224 0.437826 2.14033
v 0.805355 0.4964 2.15641
v 0.824141 0.313536 2.13495
v 0.831202 0.365631 2.12348
v 0.795808 0.271975 2.14576
v 0.765892 0.271522 2.16624
v 0.651296 0.313176 2.23226
v 0.210883 0.544371 2.33457
v 0.211231 0.648812 2.3183
v 0 0.650063 2.32902
v 0 0.542553 2.34468
v 0.210608 0.460267 2.34667
v 0 0.457934 2.35545
v 0.503584 0.503749 2.32751
v 0.403054 0.47466 2.33591
v 0.359699 0.468383 2.33884
v 0.358497 0.54779 2.32654
v 0.355342 0.647468 2.30999
v 0.478183 0.447457 2.33717
v 0.403374 0.334015 2.3569
v 0.210186 0.32829 2.36399
v 0 0.328372 2.36933
v 0.359773 0.332723 2.3585
v 0.216152 0.228948 2.42589
v 0.216206 0.277483 2.41368
v 0 0.277619 2.4189
v 0 0.22896 2.4331
v 0.404829 0.277678 2.40676
v 0.404721 0.228935 2.41869
v 0.362259 0.277634 2.40832
v 0.362163 0.228938 2.42031
v 0.421293 0.628613 2.33993
v 0.421293 0.650027 2.33117
v 0.495281 0.650027 2.31819
v 0.495281 0.628613 2.32695
v 0.495281 0.650027 2.3396
v 0.495281 0.628613 2.34836
v 0.421293 0.628613 2.36134
v 0.140463 0.628613 2.39887
v 0.140463 0.650027 2.39011
v 0 0.650027 2.39495
v 0 0.628613 2.40372
v 0.140463 0.650027 2.36869
v 0 0.650027 2.37354
v 0.421293 0.650027 2.35258
v 0.280878 0.650027 2.35431
v 0.280878 0.650027 2.37572
v 0.280878 0.628613 2.38448
v 0 0.628613 2.3823
v 0.140463 0.628613 2.37745
v 0.280878 0.628613 2.36307
v 0.421293 0.59071 2.35356
v 0.421293 0.612124 2.34625
v 0.540558 0.612124 2.32533
v 0.540558 0.59071 2.33264
v 0.540558 0.612124 2.34674
v 0.540558 0.59071 2.35405
v 0.421293 0.59071 2.37498
v 0.140463 0.59071 2.4125
v 0.140463 0.612124 2.40519
v 0 0.612124 2.41004
v 0 0.59071 2.41735
v 0.140463 0.612124 2.38378
v 0 0.612124 2.38863
v 0.421293 0.612124 2.36767
v 0.280878 0.612124 2.36939
v 0.280878 0.612124 2.39081
v 0.280878 0.59071 2.39812
v 0 0.59071 2.39594
v 0.140463 0.59071 2.39109
v 0.280878 0.59071 2.3767
v 0.421293 0.552808 2.36408
v 0.421293 0.574222 2.3585
v 0.561708 0.574222 2.33386
v 0.561708 0.552808 2.33944
v 0.561708 0.574222 2.35528
v 0.561708 0.552808 2.36085
v 0.421293 0.552808 2.38549
v 0.140463 0.552808 2.42301
v 0.140463 0.574222 2.41744
v 0 0.574222 2.42229
v 0 0.552808 2.42786
v 0.140463 0.574222 2.39603
v 0 0.574222 2.40087
v 0.421293 0.574222 2.37992
v 0.280878 0.574222 2.38164
v 0.280878 0.574222 2.40306
v 0.280878 0.552808 2.40863
v 0 0.552808 2.40645
v 0.140463 0.552808 2.4016
v 0.280878 0.552808 2.38722
v 0.421293 0.514905 2.37184
v 0.421293 0.536319 2.36777
v 0.550522 0.536319 2.34509
v 0.550522 0.514905 2.34917
v 0.550522 0.536319 2.36651
v 0.550522 0.514905 2.37058
v 0.421293 0.514905 2.39326
v 0.140463 0.514905 2.43078
v 0.140463 0.536319 2.42671
v 0 0.536319 2.43156
v 0 0.514905 2.43563
v 0.140463 0.536319 2.40529
v 0 0.536319 2.41014
v 0.421293 0.536319 2.38918
v 0.280878 0.536319 2.39091
v 0.280878 0.536319 2.41232
v 0.280878 0.514905 2.4164
v 0 0.514905 2.41422
v 0.140463 0.514905 2.40937
v 0.280878 0.514905 2.39499
v 0.421293 0.477002 2.37724
v 0.421293 0.498416 2.37447
v 0.531878 0.498416 2.35507
v 0.531878 0.477002 2.35784
v 0.531878 0.498416 2.37649
v 0.531878 0.477002 2.37925
v 0.421293 0.477002 2.39866
v 0.140463 0.477002 2.43618
v 0.140463 0.498416 2.43341
v 0 0.498416 2.43826
v 0 0.477002 2.44103
v 0.140463 0.498416 2.412
v 0 0.498416 2.41685
v 0.421293 0.498416 2.39589
v 0.280878 0.498416 2.39761
v 0.280878 0.498416 2.41903
v 0.280878 0.477002 2.4218
v 0 0.477002 2.41962
v 0.140463 0.477002 2.41477
v 0.280878 0.477002 2.40038
v 0.421293 0.4391 2.38003
v 0.421293 0.460514 2.37882
v 0.515686 0.460514 2.36225
v 0.515686 0.4391 2.36347
v 0.515686 0.460514 2.38367
v 0.515686 0.4391 2.38489
v 0.421293 0.4391 2.40145
v 0.140463 0.4391 2.43897
v 0.140463 0.460514 2.43776
v 0 0.460514 2.4426
v 0 0.4391 2.44382
v 0.140463 0.460514 2.41634
v 0 0.460514 2.42119
v 0.421293 0.460514 2.40023
v 0.280878 0.460514 2.40196
v 0.280878 0.460514 2.42337
v 0.280878 0.4391 2.42459
v 0 0.4391 2.42241
v 0.140463 0.4391 2.41756
v 0.280878 0.4391 2.40317
v 0.421293 0.401197 2.37954
v 0.421293 0.422611 2.38026
v 0.506665 0.422611 2.36528
v 0.506665 0.401197 2.36456
v 0.506665 0.422611 2.3867
v 0.506665 0.401197 2.38598
v 0.421293 0.401197 2.40095
v 0.140463 0.401197 2.43848
v 0.140463 0.422611 2.4392
v 0 0.422611 2.44405
v 0 0.401197 2.44333
v 0.140463 0.422611 2.41779
v 0 0.422611 2.42264
v 0.421293 0.422611 2.40168
v 0.280878 0.422611 2.4034
v 0.280878 0.422611 2.42482
v 0.280878 0.401197 2.4241
v 0 0.401197 2.42191
v 0.140463 0.401197 2.41707
v 0.280878 0.401197 2.40268
v 0.421293 0.363294 2.37524
v 0.421293 0.384708 2.37813
v 0.5057 0.384708 2.36332
v 0.5057 0.363294 2.36043
v 0.5057 0.384708 2.38473
v 0.5057 0.363294 2.38185
v 0.421293 0.363294 2.39666
v 0.140463 0.363294 2.43418
v 0.140463 0.384708 2.43707
v 0 0.384708 2.44192
v 0 0.363294 2.43903
v 0.140463 0.384708 2.41565
v 0 0.384708 2.4205
v 0.421293 0.384708 2.39954
v 0.280878 0.384708 2.40127
v 0.280878 0.384708 2.42268
v 0.280878 0.363294 2.4198
v 0 0.363294 2.41762
v 0.140463 0.363294 2.41277
v 0.280878 0.363294 2.39838
v 0.421293 0.325392 2.36847
v 0.421293 0.346806 2.37245
v 0.506716 0.346806 2.35747
v 0.506716 0.325392 2.35348
v 0.506716 0.346806 2.37888
v 0.506716 0.325392 2.3749
v 0.421293 0.325392 2.38988
v 0.140463 0.325392 2.42741
v 0.140463 0.346806 2.43139
v 0 0.346806 2.43624
v 0 0.325392 2.43226
v 0.140463 0.346806 2.40998
v 0 0.346806 2.41483
v 0.421293 0.346806 2.39387
v 0.280878 0.346806 2.3956
v 0.280878 0.346806 2.41701
v 0.280878 0.325392 2.41303
v 0 0.325392 2.41084
v 0.140463 0.325392 2.406
v 0.280878 0.325392 2.39161
v -0.673093 1.25527 0.383896
v -0.650371 1.24141 0.386368
v -0.788242 0.922142 0.962318
v -0.810965 0.935996 0.959845
v -0.778148 0.999626 -1.11202
v -0.755426 0.985772 -1.10955
v -0.721571 1.00648 -1.31027
v -0.744294 1.02034 -1.31275
v -0.810965 0.962301 -0.0352904
v -0.788242 0.948447 -0.0328178
v -0.608415 1.31689 -0.187475
v -0.631137 1.33074 -0.189948
v -0.673034 1.05434 -1.51866
v -0.695756 1.0682 -1.52113
v -0.667288 1.10656 -1.5373
v -0.644565 1.0927 -1.53482
v -0.621866 1.19611 -1.19456
v -0.644589 1.20996 -1.19703
v -0.673235 0.317602 -2.29059
v -0.597365 0.321502 -2.32507
v -0.495307 0.325509 -2.35088
v -0.396895 0.328872 -2.36496
v -0.745249 0.311384 -2.22747
v -0.682068 0.395258 -2.29124
v -0.599443 0.400702 -2.33292
v -0.49637 0.406765 -2.36012
v -0.396895 0.411658 -2.37744
v -0.745788 0.388104 -2.22138
v -0.626687 1.27668 -0.9067
v -0.603964 1.26282 -0.904227
v -0.605012 1.30666 -0.564215
v -0.627734 1.32051 -0.566687
v -0.751985 0.504951 -2.25128
v -0.685334 0.509727 -2.3092
v -0.497691 0.469471 -2.37385
v -0.396895 0.467566 -2.38738
v -0.607865 0.503589 -2.35185
v -0.657066 1.29956 0.239769
v -0.634343 1.2857 0.242242
v -0.606553 1.31743 -0.274829
v -0.629276 1.33128 -0.277302
v -0.802132 0.377838 -2.15167
v -0.77889 0.489913 -2.21443
v -0.813746 0.301549 -2.09756
v -0.286444 0.413482 -2.39189
v -0.286444 0.466761 -2.40139
v -0.286444 0.33237 -2.38332
v -0.740914 0.951559 1.02438
v -0.762154 0.954987 1.03769
v -0.680315 0.956921 1.07464
v -0.672194 0.95355 1.05562
v -0.595023 1.28028 0.407555
v -0.610243 1.29709 0.395448
v -0.54154 1.28313 0.414743
v -0.542 1.30144 0.404978
v -0.393839 0.960012 1.18124
v -0.39954 0.963555 1.20142
v -0.307869 1.31636 0.437675
v -0.306833 1.29829 0.447617
v -0.786696 0.98545 -0.9067
v -0.763973 0.971595 -0.904227
v -0.807149 0.977574 -0.586707
v -0.784426 0.963719 -0.584234
v -0.635638 1.24332 -1.05187
v -0.612915 1.22946 -1.04939
v -0.810965 0.945533 0.623629
v -0.788242 0.931679 0.626101
v -0.788242 0.941216 0.112327
v -0.810965 0.95507 0.109854
v -0.787498 0.95502 -0.212496
v -0.810221 0.968874 -0.214969
v -0.618316 1.30435 0.0898731
v -0.641038 1.3182 0.0874005
v -0.55863 1.2551 -1.22661
v -0.571056 1.26479 -1.21537
v -0.506753 1.27063 -1.22556
v -0.507158 1.25973 -1.23476
v -0.572588 1.15743 -1.55026
v -0.585556 1.16333 -1.55159
v -0.58271 1.03712 -1.94674
v -0.595936 1.04005 -1.95798
v -0.590288 1.11155 -1.72798
v -0.577308 1.10562 -1.72653
v -0.444889 1.04576 -1.97616
v -0.448117 1.04932 -1.98953
v -0.286231 1.27986 -1.26982
v -0.286139 1.29067 -1.26055
v -0.286291 1.05947 -2.02407
v -0.28382 1.05589 -2.01055
v -0.939422 0.467459 -0.948777
v -0.53895 0.467459 -0.948777
v -0.53895 0.29379 -0.913791
v -0.934911 0.29379 -0.913791
v -0.942473 0.624852 1.30307
v -0.53895 0.624852 1.30307
v -0.53895 0.686433 1.39663
v -0.943937 0.686433 1.39663
v -0.936916 0.469273 1.20459
v -0.53895 0.469273 1.20459
v -0.53895 0.561442 1.24703
v -0.940423 0.561442 1.24703
v -0.935747 0.633709 1.83109
v -0.53895 0.633709 1.83109
v -0.53895 0.506251 1.92374
v -0.928857 0.506251 1.92374
v -0.942139 0.584934 -1.00527
v -0.53895 0.584934 -1.00527
v -0.91923 0.302617 1.9694
v -0.53895 0.302617 1.9694
v -0.53895 0.240362 1.97208
v -0.916439 0.240362 1.97208
v -0.9394 0.689541 1.7434
v -0.53895 0.689541 1.7434
v -0.53895 0.436025 1.95148
v -0.925376 0.436025 1.95148
v -0.94392 0.693502 -1.12905
v -0.53895 0.693502 -1.12905
v -0.943327 0.726711 1.57413
v -0.53895 0.726711 1.57413
v -0.53895 0.216536 -0.90667
v -0.932819 0.216536 -0.90667
v -0.911116 0.520358 -1.67003
v -0.53895 0.520358 -1.67003
v -0.53895 0.607922 -1.62568
v -0.922569 0.607922 -1.62568
v -0.53895 0.24533 -1.72801
v -0.860418 0.24533 -1.72801
v -0.53895 0.218364 1.97273
v -0.915483 0.218364 1.97273
v -0.53895 0.325543 -1.72321
v -0.878968 0.325543 -1.72321
v -0.53895 0.469552 -1.69576
v -0.903688 0.469552 -1.69576
v -0.940536 0.706404 -1.49642
v -0.53895 0.706404 -1.49642
v -0.53895 0.736442 -1.31154
v -0.943263 0.736442 -1.31154
v -0.932925 0.370727 1.17712
v -0.53895 0.370727 1.17712
v -0.53895 0.196493 1.16758
v -0.925343 0.196493 1.16758
v -0.922021 0.364871 1.96671
v -0.53895 0.364871 1.96671
v -0.926882 0.231845 1.16951
v -0.53895 0.231845 1.16951
v -0.770646 0.316825 2.16638
v -0.613918 0.335169 2.25074
v -0.641582 0.376654 2.23939
v -0.771112 0.374697 2.16906
v -0.8224 0.437826 2.14033
v -0.805355 0.4964 2.15641
v -0.824141 0.313536 2.13495
v -0.831202 0.365631 2.12348
v -0.795808 0.271975 2.14576
v -0.765892 0.271522 2.16624
v -0.651296 0.313176 2.23226
v -0.210883 0.544371 2.33457
v -0.211231 0.648812 2.3183
v -0.210608 0.460267 2.34667
v -0.503584 0.503749 2.32751
v -0.403054 0.47466 2.33591
v -0.359699 0.468383 2.33884
v -0.358497 0.54779 2.32654
v -0.355342 0.647468 2.30999
v -0.478183 0.447457 2.33717
v -0.403374 0.334015 2.3569
v -0.210186 0.32829 2.36399
v -0.359773 0.332723 2.3585
v -0.216152 0.228948 2.42589
v -0.216206 0.277483 2.41368
v -0.404721 0.228935 2.41869
v -0.404829 0.277678 2.40676
v -0.362163 0.228938 2.42031
v -0.362259 0.277634 2.40832
v -0.421293 0.628613 2.33993
v -0.495281 0.628613 2.32695
v -0.495281 0.650027 2.31819
v -0.421293 0.650027 2.33117
v -0.495281 0.628613 2.34836
v -0.495281 0.650027 2.3396
v -0.421293 0.628613 2.36134
v -0.140463 0.628613 2.39887
v -0.140463 0.650027 2.39011
v -0.140463 0.650027 2.36869
v -0.421293 0.650027 2.35258
v -0.280878 0.650027 2.37572
v -0.280878 0.650027 2.35431
v -0.280878 0.628613 2.38448
v -0.140463 0.628613 2.37745
v -0.280878 0.628613 2.36307
v -0.421293 0.59071 2.35356
v -0.540558 0.59071 2.33264
v -0.540558 0.612124 2.32533
v -0.421293 0.612124 2.34625
v -0.540558 0.59071 2.35405
v -0.540558 0.612124 2.34674
v -0.421293 0.59071 2.37498
v -0.140463 0.59071 2.4125
v -0.140463 0.612124 2.40519
v -0.140463 0.612124 2.38378
v -0.421293 0.612124 2.36767
v -0.280878 0.612124 2.39081
v -0.280878 0.612124 2.36939
v -0.280878 0.59071 2.39812
v -0.140463 0.59071 2.39109
v -0.280878 0.59071 2.3767
v -0.421293 0.552808 2.36408
v -0.561708 0.552808 2.33944
v -0.561708 0.574222 2.33386
v -0.421293 0.574222 2.3585
v -0.561708 0.552808 2.36085
v -0.561708 0.574222 2.35528
v -0.421293 0.552808 2.38549
v -0.140463 0.552808 2.42301
v -0.140463 0.574222 2.41744
v -0.140463 0.574222 2.39603
v -0.421293 0.574222 2.37992
v -0.280878 0.574222 2.40306
v -0.280878 0.574222 2.38164
v -0.280878 0.552808 2.40863
v -0.140463 0.552808 2.4016
v -0.280878 0.552808 2.38722
v -0.421293 0.514905 2.37184
v -0.550522 0.514905 2.34917
v -0.550522 0.536319 2.34509
v -0.421293 0.536319 2.36777
v -0.550522 0.514905 2.37058
v -0.550522 0.536319 2.36651
v -0.421293 0.514905 2.39326
v -0.140463 0.514905 2.43078
v -0.140463 0.536319 2.42671
v -0.140463 0.536319 2.40529
v -0.421293 0.536319 2.38918
v -0.280878 0.536319 2.41232
v -0.280878 0.536319 2.39091
v -0.280878 0.514905 2.4164
v -0.140463 0.514905 2.40937
v -0.280878 0.514905 2.39499
v -0.421293 0.477002 2.37724
v -0.531878 0.477002 2.35784
v -0.531878 0.498416 2.35507
v -0.421293 0.498416 2.37447
v -0.531878 0.477002 2.37925
v -0.531878 0.498416 2.37649
v -0.421293 0.477002 2.39866
v -0.140463 0.477002 2.43618
v -0.140463 0.498416 2.43341
v -0.140463 0.498416 2.412
v -0.421293 0.498416 2.39589
v -0.280878 0.498416 2.41903
v -0.280878 0.498416 2.39761
v -0.280878 0.477002 2.4218
v -0.140463 0.477002 2.41477
v -0.280878 0.477002 2.40038
v -0.421293 0.4391 2.38003
v -0.515686 0.4391 2.36347
v -0.515686 0.460514 2.36225
v -0.421293 0.460514 2.37882
v -0.515686 0.4391 2.38489
v -0.515686 0.460514 2.38367
v -0.421293 0.4391 2.40145
v -0.140463 0.4391 2.43897
v -0.140463 0.460514 2.43776
v -0.140463 0.460514 2.41634
v -0.421293 0.460514 2.40023
v -0.280878 0.460514 2.42337
v -0.280878 0.460514 2.40196
v -0.280878 0.4391 2.42459
v -0.140463 0.4391 2.41756
v -0.280878 0.4391 2.40317
v -0.421293 0.401197 2.37954
v -0.506665 0.401197 2.36456
v -0.506665 0.422611 2.36528
v -0.421293 0.422611 2.38026
v -0.506665 0.401197 2.38598
v -0.506665 0.422611 2.3867
v -0.421293 0.401197 2.40095
v -0.140463 0.401197 2.43848
v -0.140463 0.422611 2.4392
v -0.140463 0.422611 2.41779
v -0.421293 0.422611 2.40168
v -0.280878 0.422611 2.42482
v -0.280878 0.422611 2.4034
v -0.280878 0.401197 2.4241
v -0.140463 0.401197 2.41707
v -0.280878 0.401197 2.40268
v -0.421293 0.363294 2.37524
v -0.5057 0.363294 2.36043
v -0.5057 0.384708 2.36332
v -0.421293 0.384708 2.37813
v -0.5057 0.363294 2.38185
v -0.5057 0.384708 2.38473
v -0.421293 0.363294 2.39666
v -0.140463 0.363294 2.43418
v -0.140463 0.384708 2.43707
v -0.140463 0.384708 2.41565
v -0.421293 0.384708 2.39954
v -0.280878 0.384708 2.42268
v -0.280878 0.384708 2.40127
v -0.280878 0.363294 2.4198
v -0.140463 0.363294 2.41277
v -0.280878 0.363294 2.39838
v -0.421293 0.325392 2.36847
v -0.506716 0.325392 2.35348
v -0.506716 0.346806 2.35747
v -0.421293 0.346806 2.37245
v -0.506716 0.325392 2.3749
v -0.506716 0.346806 2.37888
v -0.421293 0.325392 2.38988
v -0.140463 0.325392 2.42741
v -0.140463 0.346806 2.43139
v -0.140463 0.346806 2.40998
v -0.421293 0.346806 2.39387
v -0.280878 0.346806 2.41701
v -0.280878 0.346806 2.3956
v -0.280878 0.325392 2.41303
v -0.140463 0.325392 2.406
v -0.280878 0.325392 2.39161
v -0.902378 0.180053 -0.0258205
v 0.902378 0.180053 -0.0258205
v 0.901858 0.178732 0.109854
v -0.901858 0.178732 0.109854
vn 0.491782 -0.046606 0.86947
vn 0.474103 -0.0509472 0.878994
vn 0.466099 -0.0149143 0.884607
vn 0.0355759 0.160251 0.986435
vn 0.0466067 0.167628 0.984748
vn 0.043081 0.161878 0.98587
vn 0.393381 0.178174 0.901946
vn 0.386776 0.190479 0.902287
vn 0.386849 0.190344 0.902284
vn -0.491782 -0.0466057 0.86947
vn -0.466099 -0.0149143 0.884607
vn -0.474103 -0.0509471 0.878994
vn -0.0355759 0.160251 0.986435
vn -0.043081 0.161878 0.98587
vn -0.0466067 0.167628 0.984748
vn -0.393381 0.178174 0.901946
vn -0.386849 0.190345 0.902284
vn -0.386776 0.19048 0.902287
vn -0.00183162 -0.999595 0.0283848
vn 0.00110601 -0.99964 0.0268004
vn -0.0119959 -0.999753 0.0187192
vn 0.203788 -0.942592 -0.264558
vn -0.0137081 -0.984484 -0.174937
vn 0.0344986 -0.989469 -0.140573
vn 0.00190595 -0.988638 -0.150304
vn 0.00312099 -0.994378 -0.105845
vn -0.00392596 -0.989411 -0.145086
vn 0 -0.992353 -0.123436
vn 0.0195624 -0.991747 -0.126709
vn 0.0385559 -0.991946 -0.120651
vn -0.00801962 -0.991624 -0.128909
vn 0.00551397 -0.991642 -0.1289
vn -0.00222952 -0.991458 -0.130412
vn -0.011268 -0.991579 -0.129014
vn 0.011268 -0.991579 -0.129014
vn -0.00233313 -0.990987 -0.13394
vn -0.00290515 -0.994342 -0.106184
vn -0.00113637 -0.991191 -0.132438
vn -0.00551397 -0.991642 -0.1289
vn 0.00801962 -0.991624 -0.128909
vn -0.038556 -0.991946 -0.120651
vn -0.0195624 -0.991747 -0.126709
vn 0.0137083 -0.984484 -0.174937
vn -0.203784 -0.942592 -0.264561
vn -0.0344985 -0.989469 -0.140573
vn -0.00019822 -0.999782 -0.0208815
vn 0 -0.999954 -0.00954887
vn 4.95405e-06 -0.999954 -0.0095846
vn -0.00190597 -0.988638 -0.150304
vn 0.00392592 -0.989411 -0.145086
vn -0.00166818 -0.99997 -0.00756833
vn -4.95405e-06 -0.999954 -0.0095846
vn 0.00019822 -0.999782 -0.0208815
vn -0.000401848 -0.999969 -0.00785722
vn 0.00166818 -0.99997 -0.00756833
vn 0.000401848 -0.999969 -0.00785722
vn -0.00159284 -0.999995 -0.00283851
vn -0.00651816 -0.999975 -0.00290523
vn -0.00114146 -0.999951 0.00980766
vn -0.00240171 -0.999852 0.0170358
vn 0.00240171 -0.999852 0.0170358
vn 0.00651816 -0.999975 -0.00290523
vn 0.00114146 -0.999951 0.00980766
vn 0.00159284 -0.999995 -0.00283851
vn 0 -0.999345 0.0361787
vn 0.0167735 -0.995955 -0.0882767
vn 0 -0.979241 -0.202702
vn 0.0119959 -0.999753 0.0187192
vn 0.00685129 -0.999416 0.0334826
vn 0.0362364 -0.999156 0.0193311
vn -0.0167735 -0.995955 -0.0882767
vn -0.0362364 -0.999156 0.0193311
vn -0.00685129 -0.999416 0.0334827
vn 0.0499399 -0.998304 0.0299113
vn -0.0499399 -0.998304 0.0299113
vn -0.0231657 -0.999235 0.0315046
vn -0.00400537 -0.99968 0.0249639
vn 0.0023573 -0.998094 0.0616651
vn 0.0231657 -0.999235 0.0315046
vn -3.42767e-10 -0.999659 0.0261076
vn 0.00400537 -0.99968 0.0249639
vn 0.00183162 -0.999595 0.0283848
vn -0.00235746 -0.998094 0.0616656
vn -0.00110601 -0.99964 0.0268004
vn 0.443856 -0.800014 -0.403694
vn 0.404465 -0.755383 -0.515562
vn 0.437428 -0.793078 -0.423892
vn -0.506161 0.852938 0.12766
vn -0.486839 0.840746 0.236925
vn -0.48697 0.840848 0.236292
vn -0.506568 0.853109 0.12488
vn -0.105925 0.340471 0.93427
vn -0.472514 0.828566 0.300348
vn 0.521814 -0.805897 0.279716
vn 0.523702 -0.814166 0.250739
vn 0.52372 -0.814253 0.250419
vn 0.333001 0.0728792 -0.940106
vn 0.338475 -0.0103968 -0.940918
vn 0.557922 0.00111913 -0.829893
vn 0.542346 0.0522858 -0.838527
vn 0.154773 0.0835786 -0.984408
vn 0.151646 -0.0226691 -0.988175
vn 0.197906 -0.0183161 -0.98005
vn 0.196462 0.0828042 -0.977009
vn 0.78145 -0.050736 -0.621902
vn 0.785219 -0.0364846 -0.618143
vn 0.34626 -0.141585 -0.927393
vn 0.580439 -0.113389 -0.806371
vn 0.14123 -0.157051 -0.97744
vn 0.197048 -0.159617 -0.967313
vn 0.748395 -0.127212 -0.650939
vn 0.526476 -0.83396 0.165327
vn 0.524822 -0.848391 0.069247
vn 0.524723 -0.848635 0.0669647
vn 0.526491 -0.834295 0.163581
vn 0.563512 -0.244076 -0.789229
vn 0.770561 -0.159912 -0.61698
vn 0.136504 -0.175932 -0.974892
vn 0.188963 -0.187905 -0.963839
vn 0.347634 -0.226461 -0.909871
vn 0.488849 -0.842287 -0.227111
vn 0.486736 -0.840664 -0.237429
vn 0.522666 -0.852047 0.0289265
vn 0.862411 -0.109831 -0.49415
vn 0.892398 -0.0860403 -0.44297
vn 0.915954 -0.0686828 -0.395362
vn 0.90455 -0.0904653 -0.416659
vn -3.56074e-09 -0.110415 -0.993886
vn 0 -0.164933 -0.986305
vn 0.0905599 -0.169397 -0.981378
vn 0.102784 -0.129578 -0.986228
vn 1.66649e-08 0.0179897 -0.999838
vn 0.12261 -0.0029304 -0.992451
vn 3.82114e-08 0.084358 -0.996436
vn 0.132025 0.0836191 -0.987713
vn -0.0483126 0.985379 -0.163386
vn -0.0480761 0.985895 -0.160314
vn -0.0480685 0.985911 -0.160217
vn -0.432364 0.74936 0.501519
vn 0.149577 0.470287 0.869745
vn 0.14724 0.474761 0.867711
vn 0.149481 0.470471 0.869662
vn -0.0271818 0.985321 -0.168536
vn 0 0.983759 -0.179492
vn -0.0279039 0.985368 -0.16814
vn -4.75437e-09 0.483872 0.875139
vn 0.0955904 0.475744 0.874374
vn 0.0995066 0.475116 0.874279
vn -0.514001 0.855108 0.0677824
vn -0.514139 0.855119 0.0665772
vn -0.517006 0.855053 0.0398612
vn -0.517147 0.855033 0.0384555
vn 0.525126 -0.821772 0.221208
vn -0.518915 0.854597 0.019773
vn -0.517954 0.854877 0.0301664
vn -0.518132 0.854833 0.0282875
vn -0.518864 0.854615 0.0203326
vn -0.518507 0.85473 0.024245
vn -0.00298236 -0.170954 -0.985275
vn -0.516729 0.855089 0.0425972
vn -0.0959043 0.325193 0.940772
vn 0.515207 -0.855164 -0.0570542
vn 0.509395 -0.854139 -0.10471
vn 0.508741 -0.853925 -0.109523
vn -0.518505 0.85473 0.0242875
vn 0.176418 0.639422 -0.748343
vn 0.176631 0.639637 -0.748108
vn 0.17663 0.639636 -0.748109
vn -0.422419 0.86457 -0.27218
vn -0.421404 0.863013 -0.278616
vn -0.422421 0.864574 -0.272163
vn -0.425859 0.860963 -0.278184
vn -0.424649 0.863546 -0.271959
vn -0.424647 0.863549 -0.271953
vn 0.00551915 0.96611 0.258072
vn 0.00538512 0.966002 0.258477
vn 0.0055174 0.966109 0.258078
vn 0.134103 0.646285 -0.75122
vn 1.06523e-07 0.654167 -0.75635
vn 0.135325 0.646119 -0.751144
vn 1.00832e-07 0.966183 0.257856
vn 0.000362462 0.966207 0.257769
vn 0.000598184 0.966208 0.257765
vn 0 -0.319656 -0.947534
vn 0 -0.145728 -0.989325
vn 0 -0.144845 -0.989454
vn 0 -0.317902 -0.948124
vn 0 -0.756396 0.654114
vn 0 -0.920258 0.391312
vn 0 -0.920037 0.391831
vn 0 -0.755356 0.655315
vn 0 -0.346258 0.938139
vn 0 -0.54836 0.836242
vn 0 -0.546049 0.837753
vn 0 -0.344497 0.938787
vn 0 -0.731808 -0.68151
vn 0 -0.484675 -0.874695
vn 0 -0.481498 -0.876447
vn 0 -0.728544 -0.684999
vn 0 -0.606435 -0.795133
vn 0 -0.604794 -0.796382
vn 0 -0.0431237 -0.99907
vn 0 -0.0364477 -0.999336
vn 0 -0.0362549 -0.999343
vn 0 -0.925562 -0.378595
vn 0 -0.924319 -0.381622
vn 0 -0.291653 -0.956524
vn 0 -0.289327 -0.95723
vn 0 -0.889306 -0.457313
vn 0 -0.889039 -0.457831
vn 0 -0.999986 0.00534846
vn 0 -0.999994 0.00348878
vn 0 -0.0468861 -0.9989
vn 0 -0.0460843 -0.998938
vn 0 -0.451856 0.892091
vn 0 -0.652461 0.757822
vn 0 -0.639833 0.768514
vn 0 0.000288264 1
vn 0 -0.0350643 0.999385
vn 0 -0.0297351 0.999558
vn 0 -0.0150967 -0.999886
vn 0 -0.0146926 -0.999892
vn 0 -0.131901 0.991263
vn 0 -0.123739 0.992315
vn 0 -0.335453 0.942057
vn 0 -0.322711 0.946498
vn 0 -0.922672 0.385586
vn 0 -0.999346 -0.0361502
vn 0 -0.999387 -0.035005
vn 0 -0.918678 0.395008
vn 0 -0.165388 0.986229
vn 0 -0.162564 0.986698
vn 0 -0.0550749 0.998482
vn 0 -0.0548117 0.998497
vn 0 -0.0548187 0.998496
vn 0 -0.129063 -0.991636
vn 0 -0.126654 -0.991947
vn 0 -1.62921e-07 -1
vn 0 -0.0546451 0.998506
vn 0 -0.0546429 0.998506
vn 0 -0.000283335 -1
vn 0.512722 -0.0323958 0.857943
vn 0.516329 -0.0325103 0.855773
vn 0.470872 -0.0450779 0.881049
vn 0.474844 -0.0436819 0.878985
vn 0.534096 -0.0746463 0.842122
vn 0.486094 -0.0650806 0.87148
vn 0.549624 -0.0174632 0.83523
vn 0.562468 -0.0214963 0.826539
vn 0.523519 -0.0954438 0.846652
vn 0.504952 -0.0535734 0.861484
vn 0.483429 -0.00789397 0.875348
vn 0.0481717 0.147424 0.9879
vn 0.0513206 0.154013 0.986735
vn -1.1861e-08 0.148906 0.988851
vn -4.74958e-09 0.141507 0.989937
vn 0.0402529 0.134149 0.990143
vn 0 0.126235 0.992
vn 0.0365105 0.153743 0.987436
vn 0.040219 0.151322 0.987666
vn 0.0428357 0.146219 0.988325
vn 0.0504712 0.157125 0.986288
vn 0.0538676 0.16311 0.985136
vn 0.0373759 0.14905 0.988123
vn 0.0384018 0.146453 0.988472
vn 0.0355044 0.127404 0.991215
vn 0 0.118383 0.992968
vn 0.0385769 0.141031 0.989253
vn 0.0319955 0.251851 0.967237
vn 0.0320447 0.251729 0.967267
vn 4.72648e-09 0.262233 0.965005
vn 0.212893 0.223021 0.951283
vn 0.205529 0.223811 0.952715
vn 0.0362314 0.239811 0.970143
vn 0.0362312 0.239834 0.970138
vn -0.16029 -0.373766 -0.913568
vn 1 0 0
vn 0 -1 1.62921e-07
vn 0.0319327 0.378468 0.925063
vn 7.74082e-08 1 -1.62921e-07
vn 0.160293 0.373758 0.91357
vn 0.150788 0.374325 0.914956
vn 0.0943864 0.376972 0.921403
vn -0.0319328 -0.37846 -0.925067
vn -0.0943882 -0.376972 -0.921403
vn -0.150788 -0.374325 -0.914956
vn -0.163803 -0.318742 -0.933581
vn 0.0326505 0.322947 0.945854
vn 0.163803 0.318732 0.933584
vn 0.154102 0.319241 0.93506
vn 0.0964912 0.321593 0.941949
vn -0.0326506 -0.322939 -0.945857
vn -0.096492 -0.32161 -0.941943
vn -0.154102 -0.319241 -0.93506
vn -0.167401 -0.248384 -0.954087
vn 0.0333875 0.251789 0.967206
vn 0.167401 0.248392 0.954085
vn 0.157497 0.248803 0.955663
vn 0.0986508 0.25071 0.963023
vn -0.0333875 -0.251789 -0.967206
vn -0.0986499 -0.25071 -0.963023
vn -0.157497 -0.248803 -0.955663
vn -0.169856 -0.184286 -0.968085
vn 0.033891 0.186899 0.981794
vn 0.169857 0.184286 0.968084
vn 0.159816 0.184609 0.969731
vn 0.100125 0.186072 0.977421
vn -0.0338912 -0.186881 -0.981798
vn -0.100126 -0.186054 -0.977425
vn -0.159815 -0.184609 -0.969731
vn -0.171433 -0.126358 -0.977059
vn 0.0342144 0.128188 0.99116
vn 0.171433 0.126346 0.977061
vn 0.161301 0.126559 0.978757
vn 0.101073 0.12761 0.986661
vn -0.0342144 -0.128168 -0.991162
vn -0.101071 -0.127601 -0.986662
vn -0.161303 -0.126569 -0.978755
vn -0.172548 -0.0558738 -0.983415
vn 0.0344443 0.0566883 0.997798
vn 0.172545 0.0558883 0.983415
vn 0.162355 0.055969 0.985144
vn 0.101743 0.0564272 0.993209
vn -0.0344435 -0.0566784 -0.997798
vn -0.101742 -0.0564272 -0.993209
vn -0.162356 -0.055969 -0.985144
vn -0.172722 0.0331625 -0.984412
vn 0.0344795 -0.0336484 0.998839
vn 0.172722 -0.0331625 0.984412
vn 0.162521 -0.0332321 0.986145
vn 0.101848 -0.0335146 0.994235
vn -0.0344795 0.0336583 -0.998838
vn -0.101848 0.0334949 -0.994236
vn -0.162521 0.0332224 -0.986146
vn -0.171315 0.131601 -0.976387
vn 0.0341901 -0.133504 0.990458
vn 0.171312 -0.131617 0.976386
vn 0.161191 -0.131841 0.978077
vn 0.101002 -0.132886 0.985972
vn -0.0341901 0.133514 -0.990457
vn -0.101001 0.132905 -0.985969
vn -0.16119 0.131832 -0.978079
vn -0.169987 0.18024 -0.968823
vn 0.0339177 -0.182801 0.982565
vn 0.169987 -0.180232 0.968825
vn 0.159938 -0.180556 0.970474
vn 0.100203 -0.18199 0.978182
vn -0.0339178 0.182782 -0.982568
vn -0.100203 0.18198 -0.978183
vn -0.159938 0.180546 -0.970476
vn -0.443856 -0.800015 -0.403694
vn -0.437428 -0.793078 -0.423892
vn -0.404466 -0.755383 -0.515562
vn 0.506162 0.852938 0.12766
vn 0.506569 0.853108 0.12488
vn 0.486971 0.840848 0.236292
vn 0.486839 0.840746 0.236925
vn 0.105925 0.340471 0.934269
vn 0.472514 0.828566 0.300348
vn -0.521815 -0.805896 0.279716
vn -0.523721 -0.814252 0.250419
vn -0.523703 -0.814165 0.250739
vn -0.333001 0.0728788 -0.940106
vn -0.542346 0.0522866 -0.838527
vn -0.557922 0.00111964 -0.829893
vn -0.338475 -0.0103966 -0.940918
vn -0.154773 0.0835788 -0.984408
vn -0.196462 0.0828038 -0.977009
vn -0.197906 -0.0183162 -0.98005
vn -0.151646 -0.0226691 -0.988175
vn -0.785219 -0.0364829 -0.618142
vn -0.78145 -0.0507352 -0.621902
vn -0.580439 -0.113388 -0.806371
vn -0.34626 -0.141584 -0.927393
vn -0.197048 -0.159616 -0.967313
vn -0.14123 -0.157051 -0.97744
vn -0.748395 -0.127212 -0.650939
vn -0.526477 -0.83396 0.165327
vn -0.526491 -0.834295 0.163581
vn -0.524723 -0.848635 0.0669647
vn -0.524822 -0.848391 0.069247
vn -0.770561 -0.159912 -0.61698
vn -0.563512 -0.244075 -0.789229
vn -0.188963 -0.187904 -0.963839
vn -0.136504 -0.175932 -0.974892
vn -0.347634 -0.226461 -0.909871
vn -0.488848 -0.842288 -0.227111
vn -0.486735 -0.840664 -0.237429
vn -0.522665 -0.852047 0.0289265
vn -0.892398 -0.0860405 -0.44297
vn -0.862411 -0.109832 -0.49415
vn -0.915954 -0.0686822 -0.395362
vn -0.904551 -0.0904654 -0.416658
vn -0.102784 -0.129578 -0.986228
vn -0.0905599 -0.169397 -0.981378
vn -0.12261 -0.0029304 -0.992451
vn -0.132025 0.0836191 -0.987713
vn 0.0483126 0.985379 -0.163386
vn 0.0480684 0.985911 -0.160217
vn 0.0480759 0.985895 -0.160314
vn 0.432363 0.74936 0.50152
vn -0.149577 0.470287 0.869745
vn -0.149481 0.470471 0.869662
vn -0.14724 0.474761 0.867711
vn 0.0271816 0.985321 -0.168536
vn 0.0279037 0.985368 -0.168139
vn -0.0995066 0.475116 0.874278
vn -0.0955903 0.475744 0.874374
vn 0.514001 0.855107 0.0677824
vn 0.514139 0.855119 0.0665771
vn 0.517007 0.855053 0.0398611
vn 0.517147 0.855032 0.0384555
vn -0.525126 -0.821772 0.221208
vn 0.518915 0.854597 0.019773
vn 0.518865 0.854615 0.0203325
vn 0.518132 0.854833 0.0282875
vn 0.517954 0.854876 0.0301664
vn 0.518507 0.85473 0.024245
vn 0.00298221 -0.170954 -0.985275
vn 0.516729 0.855089 0.0425972
vn 0.0959043 0.325193 0.940772
vn -0.515207 -0.855165 -0.0570543
vn -0.50874 -0.853925 -0.109523
vn -0.509395 -0.854139 -0.10471
vn 0.518506 0.854729 0.0242875
vn -0.176418 0.639423 -0.748342
vn -0.17663 0.639637 -0.748109
vn -0.176631 0.639638 -0.748107
vn 0.422417 0.86457 -0.27218
vn 0.42242 0.864574 -0.272163
vn 0.421403 0.863014 -0.278616
vn 0.425858 0.860964 -0.278184
vn 0.424646 0.863549 -0.271953
vn 0.424647 0.863547 -0.27196
vn -0.0055185 0.96611 0.258072
vn -0.00551675 0.966109 0.258077
vn -0.00538421 0.966003 0.258477
vn -0.134103 0.646285 -0.75122
vn -0.135325 0.646119 -0.751144
vn -0.000597886 0.966208 0.257764
vn -0.000362169 0.966207 0.257768
vn -0.512722 -0.0323955 0.857943
vn -0.474844 -0.0436822 0.878985
vn -0.470872 -0.0450786 0.881049
vn -0.516329 -0.0325101 0.855773
vn -0.534096 -0.0746457 0.842122
vn -0.486094 -0.0650804 0.87148
vn -0.549624 -0.0174629 0.83523
vn -0.562468 -0.0214956 0.826539
vn -0.523518 -0.0954441 0.846652
vn -0.504952 -0.0535728 0.861484
vn -0.483429 -0.00789237 0.875348
vn -0.0481717 0.147424 0.9879
vn -0.0513206 0.154013 0.986735
vn -0.0402529 0.134149 0.990143
vn -0.0365105 0.153742 0.987436
vn -0.040219 0.151322 0.987666
vn -0.0428357 0.146219 0.988324
vn -0.0504712 0.157125 0.986288
vn -0.0538676 0.163111 0.985136
vn -0.0373759 0.14905 0.988123
vn -0.0384018 0.146453 0.988472
vn -0.0355044 0.127405 0.991215
vn -0.0385769 0.141031 0.989253
vn -0.0319954 0.251852 0.967237
vn -0.0320447 0.25173 0.967267
vn -0.205529 0.223812 0.952715
vn -0.212893 0.223021 0.951282
vn -0.0362312 0.239834 0.970138
vn -0.0362314 0.239811 0.970143
vn 0.16029 -0.373766 -0.913568
vn -1 0 0
vn -0.0319326 0.378468 0.925063
vn -0.160293 0.373758 0.91357
vn -0.150788 0.374325 0.914956
vn -0.0943865 0.376972 0.921403
vn 0.0319329 -0.37846 -0.925067
vn 0.0943882 -0.376972 -0.921403
vn 0.150788 -0.374325 -0.914956
vn 0.163803 -0.318742 -0.933581
vn -0.0326505 0.322947 0.945854
vn -0.163803 0.318732 0.933584
vn -0.154102 0.319241 0.93506
vn -0.0964912 0.321593 0.941949
vn 0.0326506 -0.322939 -0.945857
vn 0.096492 -0.32161 -0.941943
vn 0.154102 -0.319241 -0.93506
vn 0.167401 -0.248384 -0.954087
vn -0.0333875 0.251789 0.967206
vn -0.167401 0.248392 0.954085
vn -0.157497 0.248803 0.955663
vn -0.0986508 0.25071 0.963023
vn 0.0333875 -0.251789 -0.967206
vn 0.0986499 -0.25071 -0.963023
vn 0.157497 -0.248803 -0.955663
vn 0.169856 -0.184286 -0.968085
vn -0.033891 0.186899 0.981794
vn -0.169857 0.184286 0.968084
vn -0.159815 0.184609 0.969731
vn -0.100125 0.186072 0.977421
vn 0.0338912 -0.186881 -0.981798
vn 0.100126 -0.186054 -0.977425
vn 0.159815 -0.184609 -0.969731
vn 0.171433 -0.126358 -0.977059
vn -0.0342144 0.128188 0.99116
vn -0.171433 0.126346 0.977061
vn -0.161301 0.126559 0.978757
vn -0.101073 0.12761 0.986661
vn 0.0342144 -0.128168 -0.991162
vn 0.101071 -0.127601 -0.986662
vn 0.161303 -0.126569 -0.978755
vn 0.172548 -0.0558738 -0.983415
vn -0.0344443 0.0566883 0.997798
vn -0.172545 0.0558883 0.983415
vn -0.162356 0.055969 0.985144
vn -0.101743 0.0564272 0.993209
vn 0.0344436 -0.0566784 -0.997798
vn 0.101742 -0.0564272 -0.993209
vn 0.162356 -0.055969 -0.985144
vn 0.172722 0.0331625 -0.984412
vn -0.0344795 -0.0336484 0.998839
vn -0.172722 -0.0331625 0.984412
vn -0.162521 -0.0332321 0.986145
vn -0.101848 -0.0335146 0.994235
vn 0.0344795 0.0336583 -0.998838
vn 0.101848 0.0334949 -0.994236
vn 0.162521 0.0332224 -0.986146
vn 0.171315 0.131601 -0.976387
vn -0.0341901 -0.133504 0.990458
vn -0.171312 -0.131617 0.976386
vn -0.161191 -0.131841 0.978077
vn -0.101002 -0.132886 0.985972
vn 0.0341901 0.133514 -0.990457
vn 0.101001 0.132905 -0.985969
vn 0.16119 0.131832 -0.978079
vn 0.169986 0.18024 -0.968823
vn -0.0339177 -0.182801 0.982565
vn -0.169987 -0.180232 0.968825
vn -0.159938 -0.180556 0.970474
vn -0.100203 -0.18199 0.978182
vn 0.0339178 0.182782 -0.982568
vn 0.100203 0.18198 -0.978183
vn 0.159938 0.180546 -0.970476
vn 0 -0.99996 -0.00894422
vn 0 -0.999977 -0.00672777
vt 0.506282 -0.757966
vt 0.555625 -0.757816
vt 0.520127 -0.765602
vt 0.524558 -0.782044
vt 0.614971 -0.798156
vt 0.557188 -0.798156
vt 0.382232 -0.765931
vt 0.392516 -0.785395
vt 0.382232 -0.785395
vt 0.375 -0.806828
vt 0.375 -0.836578
vt 0.375 -0.725538
vt 0.375 -0.499607
vt 0.375 -0.5
vt 0.375 -0.496628
vt 0.375 -0.518198
vt 0.375 -0.536396
vt 0.375 -0.5334
vt 0.375 -0.486367
vt 0.375 -0.490849
vt 0.375 -0.448362
vt 0.375 -0.469586
vt 0.375 -0.413422
vt 0.375 -0.427509
vt 0.375 -0.375
vt 0.375 -0.578409
vt 0.375 -0.581814
vt 0.375 -0.598405
vt 0.375 -0.615752
vt 0.375 -0.656694
vt 0.375 -0.673893
vt 0.375 -0.684468
vt 0.375 -0.681992
vt 0.375 -0.728642
vt 0.375 -0.741249
vt 0.375 -0.753855
vt 0.375 -0.757966
vt 0.375 -0.765931
vt 0.375 -0.785395
vt 0.375 -0.798156
vt 0.375 -0.875
vt 0.663066 -0.643134
vt 0.640931 -0.673893
vt 0.640931 -0.567906
vt 0.640931 -0.557403
vt 0.640931 -0.626455
vt 0.664808 -0.614947
vt 0.640931 -0.5469
vt 0.660255 -0.549977
vt 0.663308 -0.563557
vt 0.382232 -0.469586
vt 0.382232 -0.486367
vt 0.382232 -0.427509
vt 0.382232 -0.448362
vt 0.382232 -0.490849
vt 0.402022 -0.469586
vt 0.401893 -0.486367
vt 0.402629 -0.427509
vt 0.402235 -0.448362
vt 0.401893 -0.490705
vt 0.665715 -0.578409
vt 0.665344 -0.595858
vt 0.445866 -0.4862
vt 0.450138 -0.494613
vt 0.425186 -0.427509
vt 0.434277 -0.448368
vt 0.445023 -0.470316
vt 0.66353 -0.635866
vt 0.664993 -0.610579
vt 0.447151 -0.49695
vt 0.401893 -0.496056
vt 0.380705 -0.496109
vt 0.401893 -0.375
vt 0.424004 -0.375
vt 0.424861 -0.413422
vt 0.403365 -0.413422
vt 0.382232 -0.375
vt 0.382232 -0.413422
vt 0.67482 -0.673195
vt 0.682148 -0.673211
vt 0.681828 -0.673893
vt 0.673156 -0.673893
vt 0.675263 -0.643826
vt 0.673156 -0.643134
vt 0.682005 -0.64381
vt 0.681828 -0.643134
vt 0.711767 -0.673262
vt 0.75 -0.673288
vt 0.75 -0.673893
vt 0.711578 -0.673893
vt 0.75 -0.643739
vt 0.711669 -0.643744
vt 0.711578 -0.643134
vt 0.75 -0.643134
vt 0.640931 -0.578409
vt 0.640931 -0.598405
vt 0.664512 -0.570983
vt 0.640931 -0.656694
vt 0.640931 -0.639495
vt 0.640931 -0.614502
vt 0.663995 -0.628598
vt 0.674751 -0.562412
vt 0.681682 -0.562043
vt 0.681828 -0.562645
vt 0.673156 -0.563103
vt 0.67468 -0.545375
vt 0.673156 -0.54542
vt 0.674633 -0.519094
vt 0.674659 -0.536358
vt 0.673156 -0.536396
vt 0.673156 -0.518198
vt 0.691744 -0.519024
vt 0.691498 -0.518198
vt 0.71142 -0.560456
vt 0.75 -0.558452
vt 0.75 -0.559043
vt 0.711578 -0.561073
vt 0.75 -0.518864
vt 0.711748 -0.518907
vt 0.711578 -0.518198
vt 0.75 -0.518198
vt 0.461806 -0.578409
vt 0.411392 -0.578409
vt 0.559247 -0.688123
vt 0.568742 -0.693655
vt 0.491899 -0.68518
vt 0.533104 -0.685896
vt 0.567866 -0.722557
vt 0.524761 -0.724826
vt 0.5388 -0.578409
vt 0.421997 -0.725724
vt 0.392945 -0.725747
vt 0.574586 -0.71698
vt 0.487875 -0.725648
vt 0.537494 -0.567906
vt 0.582588 -0.705317
vt 0.382232 -0.578409
vt 0.483905 -0.536396
vt 0.535405 -0.536396
vt 0.382232 -0.536396
vt 0.382232 -0.725701
vt 0.400738 -0.536396
vt 0.454024 -0.536396
vt 0.535796 -0.5469
vt 0.536187 -0.557403
vt 0.450314 -0.684619
vt 0.382232 -0.684523
vt 0.451049 -0.7257
vt 0.395246 -0.684621
vt 0.421627 -0.757966
vt 0.450737 -0.757966
vt 0.482335 -0.765587
vt 0.44175 -0.76563
vt 0.487966 -0.750819
vt 0.525514 -0.751119
vt 0.422669 -0.750696
vt 0.450397 -0.750591
vt 0.396196 -0.751165
vt 0.395924 -0.75791
vt 0.405189 -0.765181
vt 0.551087 -0.836578
vt 0.615996 -0.836578
vt 0.616388 -0.875
vt 0.549792 -0.875
vt 0.499855 -0.836578
vt 0.498337 -0.875
vt 0.487648 -0.787347
vt 0.508353 -0.798156
vt 0.504544 -0.806828
vt 0.552908 -0.806828
vt 0.615203 -0.806828
vt 0.450737 -0.79265
vt 0.424593 -0.798156
vt 0.421172 -0.836578
vt 0.421172 -0.875
vt 0.423821 -0.806828
vt 0.382232 -0.836578
vt 0.392516 -0.836578
vt 0.392516 -0.875
vt 0.382232 -0.875
vt 0.392516 -0.798156
vt 0.382232 -0.798156
vt 0.392516 -0.806828
vt 0.382232 -0.806828
vt 0.375 -0.46875
vt 0.625 -0.46875
vt 0.631284 -0.491501
vt 0.369799 -0.490418
vt 0.6341 -0.755684
vt 0.366893 -0.756677
vt 0.34375 -0.5
vt 0.34375 -0.75
vt 0.375 -0.84375
vt 0.625 -0.84375
vt 0.625 -0.875
vt 0.71875 -0.5
vt 0.75 -0.5
vt 0.75 -0.75
vt 0.71875 -0.75
vt 0.65625 -0.5
vt 0.65625 -0.75
vt 0.6875 -0.5
vt 0.6875 -0.75
vt 0.625 -0.78125
vt 0.375 -0.78125
vt 0.625 -0.8125
vt 0.375 -0.8125
vt 0.25 -0.5
vt 0.28125 -0.5
vt 0.28125 -0.75
vt 0.25 -0.75
vt 0.3125 -0.5
vt 0.3125 -0.75
vt 0.625 -0.375
vt 0.625 -0.40625
vt 0.375 -0.40625
vt 0.625 -0.4375
vt 0.375 -0.4375
vt 0.626937 -0.49723
vt 0.373322 -0.496971
vt 0.627871 -0.751836
vt 0.372408 -0.752115
vt 0.625 -0.5
vt 0.625 -0.75
vt 0.375 -0.75
vt 0.625993 -0.498504
vt 0.374069 -0.498441
vt 0.626486 -0.751004
vt 0.373596 -0.751085
vt 0.627611 -0.495973
vt 0.372533 -0.495828
vt 0.628927 -0.752712
vt 0.371222 -0.752861
vt 0.628964 -0.493721
vt 0.371216 -0.493541
vt 0.630993 -0.75425
vt 0.369109 -0.754351
vt 0.629647 -0.492397
vt 0.370284 -0.492466
vt 0.632076 -0.755174
vt 0.367858 -0.755108
vt 0.629626 -0.492161
vt 0.370091 -0.492444
vt 0.632079 -0.755386
vt 0.368271 -0.755736
vt 0.629487 -0.492249
vt 0.370122 -0.492639
vt 0.631909 -0.75533
vt 0.367699 -0.754937
vt 0.375 -0.627711
vt 0.375 -0.639495
usemtl Plastic
f 1049/526/1296 1050/527/1297 1051/528/1298
f 1052/529/1299 1053/530/1300 1054/531/1301
f 1055/532/1302 1056/533/1303 1057/534/1304
f 1058/526/1305 1059/528/1306 1060/527/1307
f 1061/529/1308 1062/531/1309 1063/530/1310
f 1064/532/1311 1065/534/1312 1066/533/1313
f 1067/535/1314 1068/536/1315 1069/537/1316
f 1070/538/1317 1071/539/1318 1072/540/1319
f 1071/539/1318 1073/541/1320 1074/542/1321
f 1072/540/1319 1071/539/1318 1074/542/1321
f 1073/541/1320 1075/543/1322 1074/542/1321
f 1075/543/1322 1076/542/1323 1074/542/1321
f 1077/544/1324 1078/545/1325 1074/542/1321
f 1078/545/1325 1072/540/1319 1074/542/1321
f 1079/546/1326 1080/547/1327 1074/542/1321
f 1080/547/1327 1077/544/1324 1074/542/1321
f 1081/548/1328 1082/549/1329 1074/542/1321
f 1082/549/1329 1079/546/1326 1074/542/1321
f 1083/549/1330 1084/548/1331 1085/542/1332
f 1084/548/1331 1086/550/1333 1085/542/1332
f 1087/547/1334 1088/546/1335 1085/542/1332
f 1088/546/1335 1083/549/1330 1085/542/1332
f 1089/545/1336 1090/544/1337 1085/542/1332
f 1090/544/1337 1087/547/1334 1085/542/1332
f 1091/539/1338 1092/538/1339 1093/540/1340
f 1093/540/1340 1089/545/1336 1085/542/1332
f 1094/551/1341 1095/551/1342 1096/552/1343
f 1097/541/1344 1091/539/1338 1085/542/1332
f 1091/539/1338 1093/540/1340 1085/542/1332
f 1098/542/1323 1099/543/1345 1085/542/1332
f 1099/543/1345 1097/541/1344 1085/542/1332
f 1094/551/1341 1096/552/1343 1100/553/1346
f 1101/552/1347 1102/551/1342 1103/551/1348
f 1094/551/1341 1100/553/1346 1104/554/1349
f 1105/553/1350 1101/552/1347 1103/551/1348
f 1106/554/1351 1105/553/1350 1103/551/1348
f 1107/555/1352 1108/556/1353 1109/557/1354
f 1108/556/1353 1110/558/1355 1109/557/1354
f 1111/558/1356 1112/556/1357 1113/557/1358
f 1112/556/1357 1114/555/1359 1113/557/1358
f 1113/557/1358 1115/557/1360 1111/558/1356
f 1116/559/1361 1117/537/1362 1118/537/1363
f 1119/560/1364 1116/559/1361 1120/561/1365
f 1116/559/1361 1118/537/1363 1120/561/1365
f 1110/558/1355 1121/557/1360 1109/557/1354
f 1069/537/1316 1122/537/1362 1123/559/1366
f 1069/537/1316 1123/559/1366 1124/561/1367
f 1123/559/1366 1125/560/1368 1124/561/1367
f 1126/562/1369 1120/561/1365 1118/537/1363
f 1124/561/1367 1127/562/1370 1069/537/1316
f 1127/562/1370 1128/563/1371 1069/537/1316
f 1128/563/1371 1129/564/1372 1069/537/1316
f 1129/564/1372 1130/565/1373 1067/535/1314
f 1069/537/1316 1129/564/1372 1067/535/1314
f 1126/562/1369 1118/537/1363 1131/563/1374
f 1118/537/1363 1069/537/1316 1132/566/1375
f 1133/564/1376 1118/537/1363 1134/535/1377
f 1133/564/1376 1131/563/1374 1118/537/1363
f 1134/535/1377 1135/565/1378 1133/564/1376
f 1068/536/1315 1132/566/1375 1069/537/1316
f 1132/566/1375 1136/536/1379 1118/537/1363
f 1136/536/1379 1134/535/1377 1118/537/1363
f 1137/567/1380 1138/568/1381 1139/568/1381
f 1137/567/1380 1139/568/1381 1140/567/1382
f 1141/569/1383 1142/570/1384 1143/570/1385
f 1141/569/1383 1143/570/1385 1144/569/1386
f 1145/571/1387 1146/572/1387 1147/572/1387
f 1145/571/1387 1147/572/1387 1148/571/1387
f 1142/570/1384 1149/573/1388 1150/573/1388
f 1142/570/1384 1150/573/1388 1143/570/1385
f 1151/574/1389 1152/575/1390 1153/575/1391
f 1151/574/1389 1153/575/1391 1154/574/1389
f 1080/547/1392 1155/576/1393 1156/577/1394
f 1080/547/1392 1156/577/1394 1077/544/1395
f 1082/549/1396 1157/578/1397 1158/579/1398
f 1082/549/1396 1158/579/1398 1079/546/1399
f 1077/544/1395 1156/577/1394 1159/580/1400
f 1077/544/1395 1159/580/1400 1078/545/1401
f 1155/576/1393 1160/581/1402 1161/582/1403
f 1155/576/1393 1161/582/1403 1156/577/1394
f 1157/578/1397 1162/583/1404 1163/584/1405
f 1157/578/1397 1163/584/1405 1158/579/1398
f 1156/577/1394 1161/582/1403 1164/585/1406
f 1156/577/1394 1164/585/1406 1159/580/1400
f 1165/586/1407 1166/587/1408 1167/587/1409
f 1165/586/1407 1167/587/1409 1168/586/1410
f 1161/582/1403 1169/588/1411 1170/589/1412
f 1161/582/1403 1170/589/1412 1164/585/1406
f 1162/583/1404 1171/590/1413 1172/591/1414
f 1162/583/1404 1172/591/1414 1163/584/1405
f 1160/581/1402 1173/592/1415 1169/588/1411
f 1160/581/1402 1169/588/1411 1161/582/1403
f 1174/593/1416 1137/567/1380 1140/567/1382
f 1174/593/1416 1140/567/1382 1175/593/1417
f 1166/587/1408 1176/594/1418 1177/594/1418
f 1166/587/1408 1177/594/1418 1167/587/1409
f 1164/585/1406 1170/589/1412 1178/595/1419
f 1164/585/1406 1178/595/1419 1179/596/1420
f 1159/580/1400 1164/585/1406 1179/596/1420
f 1159/580/1400 1179/596/1420 1180/597/1421
f 1078/545/1401 1159/580/1400 1180/597/1421
f 1078/545/1401 1180/597/1421 1072/540/1422
f 1181/598/1423 1182/599/1424 1183/600/1425
f 1181/598/1423 1183/600/1425 1184/601/1426
f 1185/602/1427 1181/598/1423 1184/601/1426
f 1185/602/1427 1184/601/1426 1186/603/1428
f 1086/550/1429 1185/602/1427 1186/603/1428
f 1086/550/1429 1186/603/1428 1081/548/1430
f 1163/584/1405 1172/591/1414 1173/592/1415
f 1163/584/1405 1173/592/1415 1160/581/1402
f 1158/579/1398 1163/584/1405 1160/581/1402
f 1158/579/1398 1160/581/1402 1155/576/1393
f 1079/546/1399 1158/579/1398 1155/576/1393
f 1079/546/1399 1155/576/1393 1080/547/1392
f 1184/601/1426 1183/600/1425 1171/590/1413
f 1184/601/1426 1171/590/1413 1162/583/1404
f 1186/603/1428 1184/601/1426 1162/583/1404
f 1186/603/1428 1162/583/1404 1157/578/1397
f 1187/604/1431 1188/605/1432 1189/606/1433
f 1187/604/1431 1189/606/1433 1190/607/1431
f 1191/608/1434 1187/604/1434 1190/607/1434
f 1191/608/1434 1190/607/1434 1192/609/1434
f 1193/610/1435 1191/608/1436 1192/609/1436
f 1193/610/1435 1192/609/1436 1194/611/1437
f 1195/612/1438 1196/613/1439 1197/614/1439
f 1195/612/1438 1197/614/1439 1198/615/1440
f 1199/616/1441 1200/617/1442 1201/618/1443
f 1199/616/1441 1201/618/1443 1202/619/1441
f 1203/620/1444 1141/569/1383 1144/569/1386
f 1203/620/1444 1144/569/1386 1204/620/1445
f 1205/621/1446 1203/620/1444 1204/620/1445
f 1205/621/1446 1204/620/1445 1206/621/1447
f 1207/622/1448 1165/586/1407 1168/586/1410
f 1207/622/1448 1168/586/1410 1208/622/1448
f 1209/623/1449 1210/624/1450 1211/624/1451
f 1209/623/1449 1211/624/1451 1212/623/1452
f 1138/568/1453 1209/623/1449 1212/623/1452
f 1138/568/1453 1212/623/1452 1139/568/1453
f 1176/594/1454 1213/625/1454 1214/625/1454
f 1176/594/1454 1214/625/1454 1177/594/1454
f 1210/624/1450 1145/571/1455 1148/571/1455
f 1210/624/1450 1148/571/1455 1211/624/1451
f 1149/573/1456 1151/574/1456 1154/574/1456
f 1149/573/1456 1154/574/1456 1150/573/1456
f 1146/572/1457 1215/626/1458 1216/626/1459
f 1146/572/1457 1216/626/1459 1147/572/1457
f 1215/626/1458 1174/593/1416 1175/593/1417
f 1215/626/1458 1175/593/1417 1216/626/1459
f 1213/625/1460 1205/621/1446 1206/621/1447
f 1213/625/1460 1206/621/1447 1214/625/1460
f 1152/575/1390 1207/622/1448 1208/622/1448
f 1152/575/1390 1208/622/1448 1153/575/1391
f 1217/627/1461 1218/628/1462 1219/629/1463
f 1217/627/1461 1219/629/1463 1220/630/1461
f 1221/631/1464 1217/627/1465 1220/630/1465
f 1221/631/1464 1220/630/1465 1222/632/1466
f 1223/633/1467 1224/634/1468 1225/635/1469
f 1223/633/1467 1225/635/1469 1226/636/1467
f 1224/634/1468 1221/631/1464 1222/632/1466
f 1224/634/1468 1222/632/1466 1225/635/1469
f 1227/637/1470 1223/633/1471 1226/636/1471
f 1227/637/1470 1226/636/1471 1228/638/1472
f 1229/639/1473 1230/640/1474 1231/641/1474
f 1229/639/1473 1231/641/1474 1232/642/1475
f 1233/643/1476 1234/644/1477 1235/645/1478
f 1233/643/1476 1235/645/1478 1236/646/1476
f 1200/617/1442 1193/610/1435 1194/611/1437
f 1200/617/1442 1194/611/1437 1201/618/1443
f 1234/644/1477 1227/637/1470 1228/638/1472
f 1234/644/1477 1228/638/1472 1235/645/1478
f 1237/647/1479 1238/648/1480 1239/648/1481
f 1237/647/1479 1239/648/1481 1240/647/1482
f 1241/649/1483 1242/650/1484 1243/650/1485
f 1241/649/1483 1243/650/1485 1244/649/1486
f 1245/651/1487 1246/652/1488 1247/652/1489
f 1245/651/1487 1247/652/1489 1248/651/1490
f 1249/653/1491 1250/654/1492 1251/654/1493
f 1249/653/1491 1251/654/1493 1252/653/1494
f 1246/652/1488 1241/649/1483 1244/649/1486
f 1246/652/1488 1244/649/1486 1247/652/1489
f 1253/655/1495 1237/647/1479 1240/647/1482
f 1253/655/1495 1240/647/1482 1254/655/1496
f 1255/656/1497 1256/657/1498 1257/657/1499
f 1255/656/1497 1257/657/1499 1258/656/1497
f 1259/658/1500 1249/653/1491 1252/653/1494
f 1259/658/1500 1252/653/1494 1260/658/1501
f 1250/654/1492 1261/659/1502 1262/659/1503
f 1250/654/1492 1262/659/1503 1251/654/1493
f 1263/660/1504 1253/655/1495 1254/655/1496
f 1263/660/1504 1254/655/1496 1264/660/1505
f 1265/661/1506 1259/658/1500 1260/658/1501
f 1265/661/1506 1260/658/1501 1266/661/1507
f 1238/648/1480 1267/662/1508 1268/662/1509
f 1238/648/1480 1268/662/1509 1239/648/1481
f 1269/663/1510 1270/664/1511 1271/664/1512
f 1269/663/1510 1271/664/1512 1272/663/1510
f 1076/542/1513 1273/665/1514 1274/665/1515
f 1076/542/1513 1274/665/1515 1074/542/1513
f 1256/657/1498 1275/666/1516 1276/666/1517
f 1256/657/1498 1276/666/1517 1257/657/1499
f 1273/665/1514 1277/667/1518 1278/667/1519
f 1273/665/1514 1278/667/1519 1274/665/1515
f 1277/667/1518 1279/668/1520 1280/668/1521
f 1277/667/1518 1280/668/1521 1278/667/1519
f 1281/669/1522 1282/670/1523 1283/670/1524
f 1281/669/1522 1283/670/1524 1284/669/1525
f 1285/671/1526 1245/651/1487 1248/651/1490
f 1285/671/1526 1248/651/1490 1286/671/1527
f 1121/557/1528 1287/672/1529 1288/672/1530
f 1121/557/1528 1288/672/1530 1109/557/1528
f 1270/664/1511 1281/669/1522 1284/669/1525
f 1270/664/1511 1284/669/1525 1271/664/1512
f 1289/673/1531 1255/656/1497 1258/656/1497
f 1289/673/1531 1258/656/1497 1290/673/1532
f 1242/650/1484 1265/661/1506 1266/661/1507
f 1242/650/1484 1266/661/1507 1243/650/1485
f 1275/666/1516 1122/537/1533 1069/537/1533
f 1275/666/1516 1069/537/1533 1276/666/1517
f 1291/674/1534 1285/671/1526 1286/671/1527
f 1291/674/1534 1286/671/1527 1292/674/1535
f 1282/670/1523 1263/660/1504 1264/660/1505
f 1282/670/1523 1264/660/1505 1283/670/1524
f 1279/668/1520 1269/663/1510 1272/663/1510
f 1279/668/1520 1272/663/1510 1280/668/1521
f 1287/672/1529 1291/674/1534 1292/674/1535
f 1287/672/1529 1292/674/1535 1288/672/1530
f 1261/659/1502 1289/673/1531 1290/673/1532
f 1261/659/1502 1290/673/1532 1262/659/1503
f 1267/662/1508 1095/551/1536 1094/551/1536
f 1267/662/1508 1094/551/1536 1268/662/1509
f 1081/548/1430 1186/603/1428 1157/578/1397
f 1081/548/1430 1157/578/1397 1082/549/1396
f 1293/675/1537 1294/676/1538 1295/677/1539
f 1293/675/1537 1295/677/1539 1296/678/1540
f 1297/679/1541 1298/680/1542 1050/527/1297
f 1297/679/1541 1050/527/1297 1049/526/1296
f 1299/681/1543 1300/682/1544 1294/676/1538
f 1299/681/1543 1294/676/1538 1293/675/1537
f 1300/682/1544 1297/679/1541 1049/526/1296
f 1300/682/1544 1049/526/1296 1294/676/1538
f 1294/676/1538 1049/526/1296 1051/528/1298
f 1294/676/1538 1051/528/1298 1295/677/1539
f 1301/683/1545 1299/681/1543 1293/675/1537
f 1301/683/1545 1293/675/1537 1302/684/1546
f 1302/684/1546 1293/675/1537 1296/678/1540
f 1302/684/1546 1296/678/1540 1303/685/1547
f 1304/686/1548 1305/687/1549 1306/688/1550
f 1304/686/1548 1306/688/1550 1307/689/1551
f 1308/690/1552 1304/686/1548 1307/689/1551
f 1308/690/1552 1307/689/1551 1309/691/1553
f 1310/692/1554 1052/529/1299 1054/531/1301
f 1310/692/1554 1054/531/1301 1311/693/1555
f 1312/694/1556 1313/695/1557 1304/686/1548
f 1312/694/1556 1304/686/1548 1308/690/1552
f 1313/695/1557 1314/696/1558 1305/687/1549
f 1313/695/1557 1305/687/1549 1304/686/1548
f 1315/697/1559 1310/692/1554 1311/693/1555
f 1315/697/1559 1311/693/1555 1316/698/1560
f 1317/699/1561 1308/690/1552 1309/691/1553
f 1317/699/1561 1309/691/1553 1318/700/1562
f 1316/698/1560 1311/693/1555 1312/694/1556
f 1316/698/1560 1312/694/1556 1319/701/1563
f 1054/531/1301 1053/530/1300 1314/696/1558
f 1054/531/1301 1314/696/1558 1313/695/1557
f 1311/693/1555 1054/531/1301 1313/695/1557
f 1311/693/1555 1313/695/1557 1312/694/1556
f 1320/702/1564 1321/703/1565 1322/704/1566
f 1320/702/1564 1322/704/1566 1323/705/1566
f 1057/534/1304 1056/533/1303 1324/706/1567
f 1057/534/1304 1324/706/1567 1325/707/1568
f 1319/701/1563 1312/694/1556 1308/690/1552
f 1319/701/1563 1308/690/1552 1317/699/1561
f 1325/707/1568 1324/706/1567 1326/708/1569
f 1325/707/1568 1326/708/1569 1327/709/1570
f 1327/709/1570 1326/708/1569 1321/703/1565
f 1327/709/1570 1321/703/1565 1320/702/1564
f 1328/710/1571 1329/711/1571 1330/712/1571
f 1328/710/1571 1330/712/1571 1331/713/1571
f 1331/713/1572 1330/712/1572 1332/714/1572
f 1331/713/1572 1332/714/1572 1333/715/1572
f 1328/716/1573 1331/713/1573 1333/715/1573
f 1328/716/1573 1333/715/1573 1334/717/1573
f 1335/718/1574 1336/719/1574 1337/720/1574
f 1335/718/1574 1337/720/1574 1338/566/1574
f 1339/721/1575 1340/722/1575 1337/723/1575
f 1339/721/1575 1337/723/1575 1336/724/1575
f 1330/712/1575 1329/725/1575 1341/726/1575
f 1330/712/1575 1341/726/1575 1332/714/1575
f 1329/725/1575 1342/727/1575 1343/728/1575
f 1329/725/1575 1343/728/1575 1341/726/1575
f 1342/727/1575 1339/721/1575 1336/724/1575
f 1342/727/1575 1336/724/1575 1343/728/1575
f 1333/715/1576 1332/714/1576 1341/729/1576
f 1333/715/1576 1341/729/1576 1334/730/1576
f 1334/730/1577 1341/729/1577 1343/731/1577
f 1334/730/1577 1343/731/1577 1344/732/1577
f 1344/732/1578 1343/731/1578 1336/719/1578
f 1344/732/1578 1336/719/1578 1335/718/1578
f 1345/733/1573 1346/734/1573 1335/735/1573
f 1345/733/1573 1335/735/1573 1338/736/1573
f 1346/734/1573 1347/737/1573 1344/738/1573
f 1346/734/1573 1344/738/1573 1335/735/1573
f 1347/737/1573 1328/716/1573 1334/717/1573
f 1347/737/1573 1334/717/1573 1344/738/1573
f 1345/550/1579 1340/739/1579 1339/740/1579
f 1345/550/1579 1339/740/1579 1346/741/1579
f 1346/741/1580 1339/740/1580 1342/742/1580
f 1346/741/1580 1342/742/1580 1347/743/1580
f 1347/743/1581 1342/742/1581 1329/711/1581
f 1347/743/1581 1329/711/1581 1328/710/1581
f 1348/710/1582 1349/711/1582 1350/744/1582
f 1348/710/1582 1350/744/1582 1351/745/1582
f 1351/745/1572 1350/744/1572 1352/746/1572
f 1351/745/1572 1352/746/1572 1353/747/1572
f 1348/716/1573 1351/745/1573 1353/747/1573
f 1348/716/1573 1353/747/1573 1354/717/1573
f 1355/718/1583 1356/719/1583 1357/720/1583
f 1355/718/1583 1357/720/1583 1358/566/1583
f 1359/721/1575 1360/722/1575 1357/723/1575
f 1359/721/1575 1357/723/1575 1356/724/1575
f 1350/744/1575 1349/725/1575 1361/726/1575
f 1350/744/1575 1361/726/1575 1352/746/1575
f 1349/725/1575 1362/727/1575 1363/728/1575
f 1349/725/1575 1363/728/1575 1361/726/1575
f 1362/727/1575 1359/721/1575 1356/724/1575
f 1362/727/1575 1356/724/1575 1363/728/1575
f 1353/747/1584 1352/746/1584 1361/729/1584
f 1353/747/1584 1361/729/1584 1354/730/1584
f 1354/730/1585 1361/729/1585 1363/731/1585
f 1354/730/1585 1363/731/1585 1364/732/1585
f 1364/732/1586 1363/731/1586 1356/719/1586
f 1364/732/1586 1356/719/1586 1355/718/1586
f 1365/733/1573 1366/734/1573 1355/735/1573
f 1365/733/1573 1355/735/1573 1358/736/1573
f 1366/734/1573 1367/737/1573 1364/738/1573
f 1366/734/1573 1364/738/1573 1355/735/1573
f 1367/737/1573 1348/716/1573 1354/717/1573
f 1367/737/1573 1354/717/1573 1364/738/1573
f 1365/550/1587 1360/739/1587 1359/740/1587
f 1365/550/1587 1359/740/1587 1366/741/1587
f 1366/741/1588 1359/740/1588 1362/742/1588
f 1366/741/1588 1362/742/1588 1367/743/1588
f 1367/743/1589 1362/742/1589 1349/711/1589
f 1367/743/1589 1349/711/1589 1348/710/1589
f 1368/710/1590 1369/711/1590 1370/748/1590
f 1368/710/1590 1370/748/1590 1371/539/1590
f 1371/539/1572 1370/748/1572 1372/749/1572
f 1371/539/1572 1372/749/1572 1373/750/1572
f 1368/716/1573 1371/539/1573 1373/750/1573
f 1368/716/1573 1373/750/1573 1374/717/1573
f 1375/718/1591 1376/719/1591 1377/720/1591
f 1375/718/1591 1377/720/1591 1378/566/1591
f 1379/721/1575 1380/722/1575 1377/723/1575
f 1379/721/1575 1377/723/1575 1376/724/1575
f 1370/748/1575 1369/725/1575 1381/726/1575
f 1370/748/1575 1381/726/1575 1372/749/1575
f 1369/725/1575 1382/727/1575 1383/728/1575
f 1369/725/1575 1383/728/1575 1381/726/1575
f 1382/727/1575 1379/721/1575 1376/724/1575
f 1382/727/1575 1376/724/1575 1383/728/1575
f 1373/750/1592 1372/749/1592 1381/729/1592
f 1373/750/1592 1381/729/1592 1374/730/1592
f 1374/730/1593 1381/729/1593 1383/731/1593
f 1374/730/1593 1383/731/1593 1384/732/1593
f 1384/732/1594 1383/731/1594 1376/719/1594
f 1384/732/1594 1376/719/1594 1375/718/1594
f 1385/733/1573 1386/734/1573 1375/735/1573
f 1385/733/1573 1375/735/1573 1378/736/1573
f 1386/734/1573 1387/737/1573 1384/738/1573
f 1386/734/1573 1384/738/1573 1375/735/1573
f 1387/737/1573 1368/716/1573 1374/717/1573
f 1387/737/1573 1374/717/1573 1384/738/1573
f 1385/550/1595 1380/739/1595 1379/740/1595
f 1385/550/1595 1379/740/1595 1386/741/1595
f 1386/741/1596 1379/740/1596 1382/742/1596
f 1386/741/1596 1382/742/1596 1387/743/1596
f 1387/743/1597 1382/742/1597 1369/711/1597
f 1387/743/1597 1369/711/1597 1368/710/1597
f 1388/710/1598 1389/711/1598 1390/751/1598
f 1388/710/1598 1390/751/1598 1391/752/1598
f 1391/752/1572 1390/751/1572 1392/753/1572
f 1391/752/1572 1392/753/1572 1393/754/1572
f 1388/716/1573 1391/752/1573 1393/754/1573
f 1388/716/1573 1393/754/1573 1394/717/1573
f 1395/718/1599 1396/719/1599 1397/720/1599
f 1395/718/1599 1397/720/1599 1398/566/1599
f 1399/721/1575 1400/722/1575 1397/723/1575
f 1399/721/1575 1397/723/1575 1396/724/1575
f 1390/751/1575 1389/725/1575 1401/726/1575
f 1390/751/1575 1401/726/1575 1392/753/1575
f 1389/725/1575 1402/727/1575 1403/728/1575
f 1389/725/1575 1403/728/1575 1401/726/1575
f 1402/727/1575 1399/721/1575 1396/724/1575
f 1402/727/1575 1396/724/1575 1403/728/1575
f 1393/754/1600 1392/753/1600 1401/729/1600
f 1393/754/1600 1401/729/1600 1394/730/1600
f 1394/730/1601 1401/729/1601 1403/731/1601
f 1394/730/1601 1403/731/1601 1404/732/1601
f 1404/732/1602 1403/731/1602 1396/719/1602
f 1404/732/1602 1396/719/1602 1395/718/1602
f 1405/733/1573 1406/734/1573 1395/735/1573
f 1405/733/1573 1395/735/1573 1398/736/1573
f 1406/734/1573 1407/737/1573 1404/738/1573
f 1406/734/1573 1404/738/1573 1395/735/1573
f 1407/737/1573 1388/716/1573 1394/717/1573
f 1407/737/1573 1394/717/1573 1404/738/1573
f 1405/550/1603 1400/739/1603 1399/740/1603
f 1405/550/1603 1399/740/1603 1406/741/1603
f 1406/741/1604 1399/740/1604 1402/742/1604
f 1406/741/1604 1402/742/1604 1407/743/1604
f 1407/743/1605 1402/742/1605 1389/711/1605
f 1407/743/1605 1389/711/1605 1388/710/1605
f 1408/710/1606 1409/711/1606 1410/755/1606
f 1408/710/1606 1410/755/1606 1411/756/1606
f 1411/756/1572 1410/755/1572 1412/757/1572
f 1411/756/1572 1412/757/1572 1413/758/1572
f 1408/716/1573 1411/756/1573 1413/758/1573
f 1408/716/1573 1413/758/1573 1414/717/1573
f 1415/718/1607 1416/719/1607 1417/720/1607
f 1415/718/1607 1417/720/1607 1418/566/1607
f 1419/721/1575 1420/722/1575 1417/723/1575
f 1419/721/1575 1417/723/1575 1416/724/1575
f 1410/755/1575 1409/725/1575 1421/726/1575
f 1410/755/1575 1421/726/1575 1412/757/1575
f 1409/725/1575 1422/727/1575 1423/728/1575
f 1409/725/1575 1423/728/1575 1421/726/1575
f 1422/727/1575 1419/721/1575 1416/724/1575
f 1422/727/1575 1416/724/1575 1423/728/1575
f 1413/758/1608 1412/757/1608 1421/729/1608
f 1413/758/1608 1421/729/1608 1414/730/1608
f 1414/730/1609 1421/729/1609 1423/731/1609
f 1414/730/1609 1423/731/1609 1424/732/1609
f 1424/732/1610 1423/731/1610 1416/719/1610
f 1424/732/1610 1416/719/1610 1415/718/1610
f 1425/733/1573 1426/734/1573 1415/735/1573
f 1425/733/1573 1415/735/1573 1418/736/1573
f 1426/734/1573 1427/737/1573 1424/738/1573
f 1426/734/1573 1424/738/1573 1415/735/1573
f 1427/737/1573 1408/716/1573 1414/717/1573
f 1427/737/1573 1414/717/1573 1424/738/1573
f 1425/550/1611 1420/739/1611 1419/740/1611
f 1425/550/1611 1419/740/1611 1426/741/1611
f 1426/741/1612 1419/740/1612 1422/742/1612
f 1426/741/1612 1422/742/1612 1427/743/1612
f 1427/743/1613 1422/742/1613 1409/711/1613
f 1427/743/1613 1409/711/1613 1408/710/1613
f 1428/710/1614 1429/711/1614 1430/759/1614
f 1428/710/1614 1430/759/1614 1431/760/1614
f 1431/760/1572 1430/759/1572 1432/761/1572
f 1431/760/1572 1432/761/1572 1433/762/1572
f 1428/716/1573 1431/760/1573 1433/762/1573
f 1428/716/1573 1433/762/1573 1434/717/1573
f 1435/718/1615 1436/719/1615 1437/720/1615
f 1435/718/1615 1437/720/1615 1438/566/1615
f 1439/721/1575 1440/722/1575 1437/723/1575
f 1439/721/1575 1437/723/1575 1436/724/1575
f 1430/759/1575 1429/725/1575 1441/726/1575
f 1430/759/1575 1441/726/1575 1432/761/1575
f 1429/725/1575 1442/727/1575 1443/728/1575
f 1429/725/1575 1443/728/1575 1441/726/1575
f 1442/727/1575 1439/721/1575 1436/724/1575
f 1442/727/1575 1436/724/1575 1443/728/1575
f 1433/762/1616 1432/761/1616 1441/729/1616
f 1433/762/1616 1441/729/1616 1434/730/1616
f 1434/730/1617 1441/729/1617 1443/731/1617
f 1434/730/1617 1443/731/1617 1444/732/1617
f 1444/732/1618 1443/731/1618 1436/719/1618
f 1444/732/1618 1436/719/1618 1435/718/1618
f 1445/733/1573 1446/734/1573 1435/735/1573
f 1445/733/1573 1435/735/1573 1438/736/1573
f 1446/734/1573 1447/737/1573 1444/738/1573
f 1446/734/1573 1444/738/1573 1435/735/1573
f 1447/737/1573 1428/716/1573 1434/717/1573
f 1447/737/1573 1434/717/1573 1444/738/1573
f 1445/550/1619 1440/739/1619 1439/740/1619
f 1445/550/1619 1439/740/1619 1446/741/1619
f 1446/741/1620 1439/740/1620 1442/742/1620
f 1446/741/1620 1442/742/1620 1447/743/1620
f 1447/743/1621 1442/742/1621 1429/711/1621
f 1447/743/1621 1429/711/1621 1428/710/1621
f 1448/710/1622 1449/711/1622 1450/763/1622
f 1448/710/1622 1450/763/1622 1451/764/1622
f 1451/764/1572 1450/763/1572 1452/765/1572
f 1451/764/1572 1452/765/1572 1453/766/1572
f 1448/716/1573 1451/764/1573 1453/766/1573
f 1448/716/1573 1453/766/1573 1454/717/1573
f 1455/718/1623 1456/719/1623 1457/720/1623
f 1455/718/1623 1457/720/1623 1458/566/1623
f 1459/721/1575 1460/722/1575 1457/723/1575
f 1459/721/1575 1457/723/1575 1456/724/1575
f 1450/763/1575 1449/725/1575 1461/726/1575
f 1450/763/1575 1461/726/1575 1452/765/1575
f 1449/725/1575 1462/727/1575 1463/728/1575
f 1449/725/1575 1463/728/1575 1461/726/1575
f 1462/727/1575 1459/721/1575 1456/724/1575
f 1462/727/1575 1456/724/1575 1463/728/1575
f 1453/766/1624 1452/765/1624 1461/729/1624
f 1453/766/1624 1461/729/1624 1454/730/1624
f 1454/730/1625 1461/729/1625 1463/731/1625
f 1454/730/1625 1463/731/1625 1464/732/1625
f 1464/732/1626 1463/731/1626 1456/719/1626
f 1464/732/1626 1456/719/1626 1455/718/1626
f 1465/733/1573 1466/734/1573 1455/735/1573
f 1465/733/1573 1455/735/1573 1458/736/1573
f 1466/734/1573 1467/737/1573 1464/738/1573
f 1466/734/1573 1464/738/1573 1455/735/1573
f 1467/737/1573 1448/716/1573 1454/717/1573
f 1467/737/1573 1454/717/1573 1464/738/1573
f 1465/550/1627 1460/739/1627 1459/740/1627
f 1465/550/1627 1459/740/1627 1466/741/1627
f 1466/741/1628 1459/740/1628 1462/742/1628
f 1466/741/1628 1462/742/1628 1467/743/1628
f 1467/743/1629 1462/742/1629 1449/711/1629
f 1467/743/1629 1449/711/1629 1448/710/1629
f 1468/710/1630 1469/711/1630 1470/767/1630
f 1468/710/1630 1470/767/1630 1471/768/1630
f 1471/768/1572 1470/767/1572 1472/769/1572
f 1471/768/1572 1472/769/1572 1473/770/1572
f 1468/716/1573 1471/768/1573 1473/770/1573
f 1468/716/1573 1473/770/1573 1474/717/1573
f 1475/718/1631 1476/719/1631 1477/720/1631
f 1475/718/1631 1477/720/1631 1478/566/1631
f 1479/721/1575 1480/722/1575 1477/723/1575
f 1479/721/1575 1477/723/1575 1476/724/1575
f 1470/767/1575 1469/725/1575 1481/726/1575
f 1470/767/1575 1481/726/1575 1472/769/1575
f 1469/725/1575 1482/727/1575 1483/728/1575
f 1469/725/1575 1483/728/1575 1481/726/1575
f 1482/727/1575 1479/721/1575 1476/724/1575
f 1482/727/1575 1476/724/1575 1483/728/1575
f 1473/770/1632 1472/769/1632 1481/729/1632
f 1473/770/1632 1481/729/1632 1474/730/1632
f 1474/730/1633 1481/729/1633 1483/731/1633
f 1474/730/1633 1483/731/1633 1484/732/1633
f 1484/732/1634 1483/731/1634 1476/719/1634
f 1484/732/1634 1476/719/1634 1475/718/1634
f 1485/733/1573 1486/734/1573 1475/735/1573
f 1485/733/1573 1475/735/1573 1478/736/1573
f 1486/734/1573 1487/737/1573 1484/738/1573
f 1486/734/1573 1484/738/1573 1475/735/1573
f 1487/737/1573 1468/716/1573 1474/717/1573
f 1487/737/1573 1474/717/1573 1484/738/1573
f 1485/550/1635 1480/739/1635 1479/740/1635
f 1485/550/1635 1479/740/1635 1486/741/1635
f 1486/741/1636 1479/740/1636 1482/742/1636
f 1486/741/1636 1482/742/1636 1487/743/1636
f 1487/743/1637 1482/742/1637 1469/711/1637
f 1487/743/1637 1469/711/1637 1468/710/1637
f 1488/710/1638 1489/711/1638 1490/771/1638
f 1488/710/1638 1490/771/1638 1491/772/1638
f 1491/772/1572 1490/771/1572 1492/773/1572
f 1491/772/1572 1492/773/1572 1493/774/1572
f 1488/716/1573 1491/772/1573 1493/774/1573
f 1488/716/1573 1493/774/1573 1494/717/1573
f 1495/718/1639 1496/719/1639 1497/720/1639
f 1495/718/1639 1497/720/1639 1498/566/1639
f 1499/721/1575 1500/722/1575 1497/723/1575
f 1499/721/1575 1497/723/1575 1496/724/1575
f 1490/771/1575 1489/725/1575 1501/726/1575
f 1490/771/1575 1501/726/1575 1492/773/1575
f 1489/725/1575 1502/727/1575 1503/728/1575
f 1489/725/1575 1503/728/1575 1501/726/1575
f 1502/727/1575 1499/721/1575 1496/724/1575
f 1502/727/1575 1496/724/1575 1503/728/1575
f 1493/774/1640 1492/773/1640 1501/729/1640
f 1493/774/1640 1501/729/1640 1494/730/1640
f 1494/730/1641 1501/729/1641 1503/731/1641
f 1494/730/1641 1503/731/1641 1504/732/1641
f 1504/732/1642 1503/731/1642 1496/719/1642
f 1504/732/1642 1496/719/1642 1495/718/1642
f 1505/733/1573 1506/734/1573 1495/735/1573
f 1505/733/1573 1495/735/1573 1498/736/1573
f 1506/734/1573 1507/737/1573 1504/738/1573
f 1506/734/1573 1504/738/1573 1495/735/1573
f 1507/737/1573 1488/716/1573 1494/717/1573
f 1507/737/1573 1494/717/1573 1504/738/1573
f 1505/550/1643 1500/739/1643 1499/740/1643
f 1505/550/1643 1499/740/1643 1506/741/1643
f 1506/741/1644 1499/740/1644 1502/742/1644
f 1506/741/1644 1502/742/1644 1507/743/1644
f 1507/743/1645 1502/742/1645 1489/711/1645
f 1507/743/1645 1489/711/1645 1488/710/1645
f 1218/628/1462 1229/639/1473 1232/642/1475
f 1218/628/1462 1232/642/1475 1219/629/1463
f 1508/567/1646 1509/567/1647 1510/568/1648
f 1508/567/1646 1510/568/1648 1511/568/1648
f 1512/569/1649 1513/569/1650 1514/570/1651
f 1512/569/1649 1514/570/1651 1515/570/1652
f 1516/571/1653 1517/571/1653 1518/572/1653
f 1516/571/1653 1518/572/1653 1519/572/1653
f 1515/570/1652 1514/570/1651 1520/573/1654
f 1515/570/1652 1520/573/1654 1521/573/1654
f 1522/574/1655 1523/574/1655 1524/575/1656
f 1522/574/1655 1524/575/1656 1525/575/1657
f 1087/547/1658 1090/544/1659 1526/577/1660
f 1087/547/1658 1526/577/1660 1527/576/1661
f 1083/549/1662 1088/546/1663 1528/579/1664
f 1083/549/1662 1528/579/1664 1529/578/1665
f 1090/544/1659 1089/545/1666 1530/580/1667
f 1090/544/1659 1530/580/1667 1526/577/1660
f 1527/576/1661 1526/577/1660 1531/582/1668
f 1527/576/1661 1531/582/1668 1532/581/1669
f 1529/578/1665 1528/579/1664 1533/584/1670
f 1529/578/1665 1533/584/1670 1534/583/1671
f 1526/577/1660 1530/580/1667 1535/585/1672
f 1526/577/1660 1535/585/1672 1531/582/1668
f 1536/586/1673 1537/586/1674 1538/587/1675
f 1536/586/1673 1538/587/1675 1539/587/1676
f 1531/582/1668 1535/585/1672 1540/589/1677
f 1531/582/1668 1540/589/1677 1541/588/1678
f 1534/583/1671 1533/584/1670 1542/591/1679
f 1534/583/1671 1542/591/1679 1543/590/1680
f 1532/581/1669 1531/582/1668 1541/588/1678
f 1532/581/1669 1541/588/1678 1544/592/1681
f 1545/593/1682 1546/593/1683 1509/567/1647
f 1545/593/1682 1509/567/1647 1508/567/1646
f 1539/587/1676 1538/587/1675 1547/594/1684
f 1539/587/1676 1547/594/1684 1548/594/1684
f 1535/585/1672 1549/596/1685 1550/595/1686
f 1535/585/1672 1550/595/1686 1540/589/1677
f 1530/580/1667 1551/597/1687 1549/596/1685
f 1530/580/1667 1549/596/1685 1535/585/1672
f 1089/545/1666 1093/540/1688 1551/597/1687
f 1089/545/1666 1551/597/1687 1530/580/1667
f 1181/598/1423 1552/601/1689 1553/600/1690
f 1181/598/1423 1553/600/1690 1182/599/1424
f 1185/602/1427 1554/603/1691 1552/601/1689
f 1185/602/1427 1552/601/1689 1181/598/1423
f 1086/550/1429 1084/548/1692 1554/603/1691
f 1086/550/1429 1554/603/1691 1185/602/1427
f 1533/584/1670 1532/581/1669 1544/592/1681
f 1533/584/1670 1544/592/1681 1542/591/1679
f 1528/579/1664 1527/576/1661 1532/581/1669
f 1528/579/1664 1532/581/1669 1533/584/1670
f 1088/546/1663 1087/547/1658 1527/576/1661
f 1088/546/1663 1527/576/1661 1528/579/1664
f 1552/601/1689 1534/583/1671 1543/590/1680
f 1552/601/1689 1543/590/1680 1553/600/1690
f 1554/603/1691 1529/578/1665 1534/583/1671
f 1554/603/1691 1534/583/1671 1552/601/1689
f 1555/604/1693 1556/607/1693 1557/606/1694
f 1555/604/1693 1557/606/1694 1558/605/1695
f 1559/608/1696 1560/609/1696 1556/607/1696
f 1559/608/1696 1556/607/1696 1555/604/1696
f 1561/610/1697 1562/611/1698 1560/609/1699
f 1561/610/1697 1560/609/1699 1559/608/1699
f 1563/612/1700 1564/615/1701 1197/614/1439
f 1563/612/1700 1197/614/1439 1196/613/1439
f 1199/616/1441 1202/619/1441 1565/618/1702
f 1199/616/1441 1565/618/1702 1566/617/1703
f 1567/620/1704 1568/620/1705 1513/569/1650
f 1567/620/1704 1513/569/1650 1512/569/1649
f 1569/621/1706 1570/621/1707 1568/620/1705
f 1569/621/1706 1568/620/1705 1567/620/1704
f 1571/622/1708 1572/622/1708 1537/586/1674
f 1571/622/1708 1537/586/1674 1536/586/1673
f 1573/623/1709 1574/623/1710 1575/624/1711
f 1573/623/1709 1575/624/1711 1576/624/1712
f 1511/568/1713 1510/568/1713 1574/623/1710
f 1511/568/1713 1574/623/1710 1573/623/1709
f 1548/594/1714 1547/594/1714 1577/625/1714
f 1548/594/1714 1577/625/1714 1578/625/1714
f 1576/624/1712 1575/624/1711 1517/571/1715
f 1576/624/1712 1517/571/1715 1516/571/1715
f 1521/573/1716 1520/573/1716 1523/574/1716
f 1521/573/1716 1523/574/1716 1522/574/1716
f 1519/572/1717 1518/572/1717 1579/626/1718
f 1519/572/1717 1579/626/1718 1580/626/1719
f 1580/626/1719 1579/626/1718 1546/593/1683
f 1580/626/1719 1546/593/1683 1545/593/1682
f 1578/625/1720 1577/625/1720 1570/621/1707
f 1578/625/1720 1570/621/1707 1569/621/1706
f 1525/575/1657 1524/575/1656 1572/622/1708
f 1525/575/1657 1572/622/1708 1571/622/1708
f 1581/627/1721 1582/630/1721 1583/629/1722
f 1581/627/1721 1583/629/1722 1584/628/1723
f 1585/631/1724 1586/632/1725 1582/630/1726
f 1585/631/1724 1582/630/1726 1581/627/1726
f 1587/633/1727 1588/636/1727 1589/635/1728
f 1587/633/1727 1589/635/1728 1590/634/1729
f 1590/634/1729 1589/635/1728 1586/632/1725
f 1590/634/1729 1586/632/1725 1585/631/1724
f 1591/637/1730 1592/638/1731 1588/636/1732
f 1591/637/1730 1588/636/1732 1587/633/1732
f 1593/639/1733 1594/642/1734 1231/641/1474
f 1593/639/1733 1231/641/1474 1230/640/1474
f 1233/643/1476 1236/646/1476 1595/645/1735
f 1233/643/1476 1595/645/1735 1596/644/1736
f 1566/617/1703 1565/618/1702 1562/611/1698
f 1566/617/1703 1562/611/1698 1561/610/1697
f 1596/644/1736 1595/645/1735 1592/638/1731
f 1596/644/1736 1592/638/1731 1591/637/1730
f 1597/647/1479 1598/647/1482 1599/648/1481
f 1597/647/1479 1599/648/1481 1600/648/1480
f 1601/649/1483 1602/649/1486 1603/650/1485
f 1601/649/1483 1603/650/1485 1604/650/1484
f 1605/651/1487 1606/651/1490 1607/652/1489
f 1605/651/1487 1607/652/1489 1608/652/1488
f 1609/653/1491 1610/653/1494 1611/654/1493
f 1609/653/1491 1611/654/1493 1612/654/1492
f 1608/652/1488 1607/652/1489 1602/649/1486
f 1608/652/1488 1602/649/1486 1601/649/1483
f 1613/655/1495 1614/655/1496 1598/647/1482
f 1613/655/1495 1598/647/1482 1597/647/1479
f 1615/656/1497 1616/656/1497 1617/657/1499
f 1615/656/1497 1617/657/1499 1618/657/1498
f 1619/658/1500 1620/658/1501 1610/653/1494
f 1619/658/1500 1610/653/1494 1609/653/1491
f 1612/654/1492 1611/654/1493 1621/659/1503
f 1612/654/1492 1621/659/1503 1622/659/1502
f 1623/660/1504 1624/660/1505 1614/655/1496
f 1623/660/1504 1614/655/1496 1613/655/1495
f 1625/661/1506 1626/661/1507 1620/658/1501
f 1625/661/1506 1620/658/1501 1619/658/1500
f 1600/648/1480 1599/648/1481 1627/662/1509
f 1600/648/1480 1627/662/1509 1628/662/1508
f 1629/663/1510 1630/663/1510 1631/664/1512
f 1629/663/1510 1631/664/1512 1632/664/1511
f 1098/542/1513 1085/542/1513 1633/665/1515
f 1098/542/1513 1633/665/1515 1634/665/1514
f 1618/657/1498 1617/657/1499 1635/666/1517
f 1618/657/1498 1635/666/1517 1636/666/1516
f 1634/665/1514 1633/665/1515 1637/667/1519
f 1634/665/1514 1637/667/1519 1638/667/1518
f 1638/667/1518 1637/667/1519 1639/668/1521
f 1638/667/1518 1639/668/1521 1640/668/1520
f 1641/669/1522 1642/669/1525 1643/670/1524
f 1641/669/1522 1643/670/1524 1644/670/1523
f 1645/671/1526 1646/671/1527 1606/651/1490
f 1645/671/1526 1606/651/1490 1605/651/1487
f 1115/557/1528 1113/557/1528 1647/672/1530
f 1115/557/1528 1647/672/1530 1648/672/1529
f 1632/664/1511 1631/664/1512 1642/669/1525
f 1632/664/1511 1642/669/1525 1641/669/1522
f 1649/673/1531 1650/673/1532 1616/656/1497
f 1649/673/1531 1616/656/1497 1615/656/1497
f 1604/650/1484 1603/650/1485 1626/661/1507
f 1604/650/1484 1626/661/1507 1625/661/1506
f 1636/666/1516 1635/666/1517 1118/537/1533
f 1636/666/1516 1118/537/1533 1117/537/1533
f 1651/674/1534 1652/674/1535 1646/671/1527
f 1651/674/1534 1646/671/1527 1645/671/1526
f 1644/670/1523 1643/670/1524 1624/660/1505
f 1644/670/1523 1624/660/1505 1623/660/1504
f 1640/668/1520 1639/668/1521 1630/663/1510
f 1640/668/1520 1630/663/1510 1629/663/1510
f 1648/672/1529 1647/672/1530 1652/674/1535
f 1648/672/1529 1652/674/1535 1651/674/1534
f 1622/659/1502 1621/659/1503 1650/673/1532
f 1622/659/1502 1650/673/1532 1649/673/1531
f 1628/662/1508 1627/662/1509 1103/551/1536
f 1628/662/1508 1103/551/1536 1102/551/1536
f 1084/548/1692 1083/549/1662 1529/578/1665
f 1084/548/1692 1529/578/1665 1554/603/1691
f 1653/675/1737 1654/678/1738 1655/677/1739
f 1653/675/1737 1655/677/1739 1656/676/1740
f 1657/679/1741 1058/526/1305 1060/527/1307
f 1657/679/1741 1060/527/1307 1658/680/1742
f 1659/681/1743 1653/675/1737 1656/676/1740
f 1659/681/1743 1656/676/1740 1660/682/1744
f 1660/682/1744 1656/676/1740 1058/526/1305
f 1660/682/1744 1058/526/1305 1657/679/1741
f 1656/676/1740 1655/677/1739 1059/528/1306
f 1656/676/1740 1059/528/1306 1058/526/1305
f 1661/683/1745 1662/684/1746 1653/675/1737
f 1661/683/1745 1653/675/1737 1659/681/1743
f 1662/684/1746 1663/685/1747 1654/678/1738
f 1662/684/1746 1654/678/1738 1653/675/1737
f 1664/686/1748 1307/689/1551 1306/688/1550
f 1664/686/1748 1306/688/1550 1665/687/1749
f 1666/690/1750 1309/691/1553 1307/689/1551
f 1666/690/1750 1307/689/1551 1664/686/1748
f 1667/692/1751 1668/693/1752 1062/531/1309
f 1667/692/1751 1062/531/1309 1061/529/1308
f 1669/694/1753 1666/690/1750 1664/686/1748
f 1669/694/1753 1664/686/1748 1670/695/1754
f 1670/695/1754 1664/686/1748 1665/687/1749
f 1670/695/1754 1665/687/1749 1671/696/1755
f 1672/697/1756 1673/698/1757 1668/693/1752
f 1672/697/1756 1668/693/1752 1667/692/1751
f 1674/699/1758 1318/700/1562 1309/691/1553
f 1674/699/1758 1309/691/1553 1666/690/1750
f 1673/698/1757 1675/701/1759 1669/694/1753
f 1673/698/1757 1669/694/1753 1668/693/1752
f 1062/531/1309 1670/695/1754 1671/696/1755
f 1062/531/1309 1671/696/1755 1063/530/1310
f 1668/693/1752 1669/694/1753 1670/695/1754
f 1668/693/1752 1670/695/1754 1062/531/1309
f 1676/702/1760 1323/705/1566 1322/704/1566
f 1676/702/1760 1322/704/1566 1677/703/1761
f 1065/534/1312 1678/707/1762 1679/706/1763
f 1065/534/1312 1679/706/1763 1066/533/1313
f 1675/701/1759 1674/699/1758 1666/690/1750
f 1675/701/1759 1666/690/1750 1669/694/1753
f 1678/707/1762 1680/709/1764 1681/708/1765
f 1678/707/1762 1681/708/1765 1679/706/1763
f 1680/709/1764 1676/702/1760 1677/703/1761
f 1680/709/1764 1677/703/1761 1681/708/1765
f 1682/710/1766 1683/713/1766 1684/712/1766
f 1682/710/1766 1684/712/1766 1685/711/1766
f 1683/713/1767 1686/715/1767 1687/714/1767
f 1683/713/1767 1687/714/1767 1684/712/1767
f 1682/716/1573 1688/717/1573 1686/715/1573
f 1682/716/1573 1686/715/1573 1683/713/1573
f 1689/718/1768 1338/566/1768 1337/720/1768
f 1689/718/1768 1337/720/1768 1690/719/1768
f 1691/721/1575 1690/724/1575 1337/723/1575
f 1691/721/1575 1337/723/1575 1340/722/1575
f 1684/712/1575 1687/714/1575 1692/726/1575
f 1684/712/1575 1692/726/1575 1685/725/1575
f 1685/725/1575 1692/726/1575 1693/728/1575
f 1685/725/1575 1693/728/1575 1694/727/1575
f 1694/727/1575 1693/728/1575 1690/724/1575
f 1694/727/1575 1690/724/1575 1691/721/1575
f 1686/715/1769 1688/730/1769 1692/729/1769
f 1686/715/1769 1692/729/1769 1687/714/1769
f 1688/730/1770 1695/732/1770 1693/731/1770
f 1688/730/1770 1693/731/1770 1692/729/1770
f 1695/732/1771 1689/718/1771 1690/719/1771
f 1695/732/1771 1690/719/1771 1693/731/1771
f 1345/733/1573 1338/736/1573 1689/735/1573
f 1345/733/1573 1689/735/1573 1696/734/1573
f 1696/734/1573 1689/735/1573 1695/738/1573
f 1696/734/1573 1695/738/1573 1697/737/1573
f 1697/737/1573 1695/738/1573 1688/717/1573
f 1697/737/1573 1688/717/1573 1682/716/1573
f 1345/550/1772 1696/741/1772 1691/740/1772
f 1345/550/1772 1691/740/1772 1340/739/1772
f 1696/741/1773 1697/743/1773 1694/742/1773
f 1696/741/1773 1694/742/1773 1691/740/1773
f 1697/743/1774 1682/710/1774 1685/711/1774
f 1697/743/1774 1685/711/1774 1694/742/1774
f 1698/710/1775 1699/745/1775 1700/744/1775
f 1698/710/1775 1700/744/1775 1701/711/1775
f 1699/745/1767 1702/747/1767 1703/746/1767
f 1699/745/1767 1703/746/1767 1700/744/1767
f 1698/716/1573 1704/717/1573 1702/747/1573
f 1698/716/1573 1702/747/1573 1699/745/1573
f 1705/718/1776 1358/566/1776 1357/720/1776
f 1705/718/1776 1357/720/1776 1706/719/1776
f 1707/721/1575 1706/724/1575 1357/723/1575
f 1707/721/1575 1357/723/1575 1360/722/1575
f 1700/744/1575 1703/746/1575 1708/726/1575
f 1700/744/1575 1708/726/1575 1701/725/1575
f 1701/725/1575 1708/726/1575 1709/728/1575
f 1701/725/1575 1709/728/1575 1710/727/1575
f 1710/727/1575 1709/728/1575 1706/724/1575
f 1710/727/1575 1706/724/1575 1707/721/1575
f 1702/747/1777 1704/730/1777 1708/729/1777
f 1702/747/1777 1708/729/1777 1703/746/1777
f 1704/730/1778 1711/732/1778 1709/731/1778
f 1704/730/1778 1709/731/1778 1708/729/1778
f 1711/732/1779 1705/718/1779 1706/719/1779
f 1711/732/1779 1706/719/1779 1709/731/1779
f 1365/733/1573 1358/736/1573 1705/735/1573
f 1365/733/1573 1705/735/1573 1712/734/1573
f 1712/734/1573 1705/735/1573 1711/738/1573
f 1712/734/1573 1711/738/1573 1713/737/1573
f 1713/737/1573 1711/738/1573 1704/717/1573
f 1713/737/1573 1704/717/1573 1698/716/1573
f 1365/550/1780 1712/741/1780 1707/740/1780
f 1365/550/1780 1707/740/1780 1360/739/1780
f 1712/741/1781 1713/743/1781 1710/742/1781
f 1712/741/1781 1710/742/1781 1707/740/1781
f 1713/743/1782 1698/710/1782 1701/711/1782
f 1713/743/1782 1701/711/1782 1710/742/1782
f 1714/710/1783 1715/539/1783 1716/748/1783
f 1714/710/1783 1716/748/1783 1717/711/1783
f 1715/539/1767 1718/750/1767 1719/749/1767
f 1715/539/1767 1719/749/1767 1716/748/1767
f 1714/716/1573 1720/717/1573 1718/750/1573
f 1714/716/1573 1718/750/1573 1715/539/1573
f 1721/718/1784 1378/566/1784 1377/720/1784
f 1721/718/1784 1377/720/1784 1722/719/1784
f 1723/721/1575 1722/724/1575 1377/723/1575
f 1723/721/1575 1377/723/1575 1380/722/1575
f 1716/748/1575 1719/749/1575 1724/726/1575
f 1716/748/1575 1724/726/1575 1717/725/1575
f 1717/725/1575 1724/726/1575 1725/728/1575
f 1717/725/1575 1725/728/1575 1726/727/1575
f 1726/727/1575 1725/728/1575 1722/724/1575
f 1726/727/1575 1722/724/1575 1723/721/1575
f 1718/750/1785 1720/730/1785 1724/729/1785
f 1718/750/1785 1724/729/1785 1719/749/1785
f 1720/730/1786 1727/732/1786 1725/731/1786
f 1720/730/1786 1725/731/1786 1724/729/1786
f 1727/732/1787 1721/718/1787 1722/719/1787
f 1727/732/1787 1722/719/1787 1725/731/1787
f 1385/733/1573 1378/736/1573 1721/735/1573
f 1385/733/1573 1721/735/1573 1728/734/1573
f 1728/734/1573 1721/735/1573 1727/738/1573
f 1728/734/1573 1727/738/1573 1729/737/1573
f 1729/737/1573 1727/738/1573 1720/717/1573
f 1729/737/1573 1720/717/1573 1714/716/1573
f 1385/550/1788 1728/741/1788 1723/740/1788
f 1385/550/1788 1723/740/1788 1380/739/1788
f 1728/741/1789 1729/743/1789 1726/742/1789
f 1728/741/1789 1726/742/1789 1723/740/1789
f 1729/743/1790 1714/710/1790 1717/711/1790
f 1729/743/1790 1717/711/1790 1726/742/1790
f 1730/710/1791 1731/752/1791 1732/751/1791
f 1730/710/1791 1732/751/1791 1733/711/1791
f 1731/752/1767 1734/754/1767 1735/753/1767
f 1731/752/1767 1735/753/1767 1732/751/1767
f 1730/716/1573 1736/717/1573 1734/754/1573
f 1730/716/1573 1734/754/1573 1731/752/1573
f 1737/718/1792 1398/566/1792 1397/720/1792
f 1737/718/1792 1397/720/1792 1738/719/1792
f 1739/721/1575 1738/724/1575 1397/723/1575
f 1739/721/1575 1397/723/1575 1400/722/1575
f 1732/751/1575 1735/753/1575 1740/726/1575
f 1732/751/1575 1740/726/1575 1733/725/1575
f 1733/725/1575 1740/726/1575 1741/728/1575
f 1733/725/1575 1741/728/1575 1742/727/1575
f 1742/727/1575 1741/728/1575 1738/724/1575
f 1742/727/1575 1738/724/1575 1739/721/1575
f 1734/754/1793 1736/730/1793 1740/729/1793
f 1734/754/1793 1740/729/1793 1735/753/1793
f 1736/730/1794 1743/732/1794 1741/731/1794
f 1736/730/1794 1741/731/1794 1740/729/1794
f 1743/732/1795 1737/718/1795 1738/719/1795
f 1743/732/1795 1738/719/1795 1741/731/1795
f 1405/733/1573 1398/736/1573 1737/735/1573
f 1405/733/1573 1737/735/1573 1744/734/1573
f 1744/734/1573 1737/735/1573 1743/738/1573
f 1744/734/1573 1743/738/1573 1745/737/1573
f 1745/737/1573 1743/738/1573 1736/717/1573
f 1745/737/1573 1736/717/1573 1730/716/1573
f 1405/550/1796 1744/741/1796 1739/740/1796
f 1405/550/1796 1739/740/1796 1400/739/1796
f 1744/741/1797 1745/743/1797 1742/742/1797
f 1744/741/1797 1742/742/1797 1739/740/1797
f 1745/743/1798 1730/710/1798 1733/711/1798
f 1745/743/1798 1733/711/1798 1742/742/1798
f 1746/710/1799 1747/756/1799 1748/755/1799
f 1746/710/1799 1748/755/1799 1749/711/1799
f 1747/756/1767 1750/758/1767 1751/757/1767
f 1747/756/1767 1751/757/1767 1748/755/1767
f 1746/716/1573 1752/717/1573 1750/758/1573
f 1746/716/1573 1750/758/1573 1747/756/1573
f 1753/718/1800 1418/566/1800 1417/720/1800
f 1753/718/1800 1417/720/1800 1754/719/1800
f 1755/721/1575 1754/724/1575 1417/723/1575
f 1755/721/1575 1417/723/1575 1420/722/1575
f 1748/755/1575 1751/757/1575 1756/726/1575
f 1748/755/1575 1756/726/1575 1749/725/1575
f 1749/725/1575 1756/726/1575 1757/728/1575
f 1749/725/1575 1757/728/1575 1758/727/1575
f 1758/727/1575 1757/728/1575 1754/724/1575
f 1758/727/1575 1754/724/1575 1755/721/1575
f 1750/758/1801 1752/730/1801 1756/729/1801
f 1750/758/1801 1756/729/1801 1751/757/1801
f 1752/730/1802 1759/732/1802 1757/731/1802
f 1752/730/1802 1757/731/1802 1756/729/1802
f 1759/732/1803 1753/718/1803 1754/719/1803
f 1759/732/1803 1754/719/1803 1757/731/1803
f 1425/733/1573 1418/736/1573 1753/735/1573
f 1425/733/1573 1753/735/1573 1760/734/1573
f 1760/734/1573 1753/735/1573 1759/738/1573
f 1760/734/1573 1759/738/1573 1761/737/1573
f 1761/737/1573 1759/738/1573 1752/717/1573
f 1761/737/1573 1752/717/1573 1746/716/1573
f 1425/550/1804 1760/741/1804 1755/740/1804
f 1425/550/1804 1755/740/1804 1420/739/1804
f 1760/741/1805 1761/743/1805 1758/742/1805
f 1760/741/1805 1758/742/1805 1755/740/1805
f 1761/743/1806 1746/710/1806 1749/711/1806
f 1761/743/1806 1749/711/1806 1758/742/1806
f 1762/710/1807 1763/760/1807 1764/759/1807
f 1762/710/1807 1764/759/1807 1765/711/1807
f 1763/760/1767 1766/762/1767 1767/761/1767
f 1763/760/1767 1767/761/1767 1764/759/1767
f 1762/716/1573 1768/717/1573 1766/762/1573
f 1762/716/1573 1766/762/1573 1763/760/1573
f 1769/718/1808 1438/566/1808 1437/720/1808
f 1769/718/1808 1437/720/1808 1770/719/1808
f 1771/721/1575 1770/724/1575 1437/723/1575
f 1771/721/1575 1437/723/1575 1440/722/1575
f 1764/759/1575 1767/761/1575 1772/726/1575
f 1764/759/1575 1772/726/1575 1765/725/1575
f 1765/725/1575 1772/726/1575 1773/728/1575
f 1765/725/1575 1773/728/1575 1774/727/1575
f 1774/727/1575 1773/728/1575 1770/724/1575
f 1774/727/1575 1770/724/1575 1771/721/1575
f 1766/762/1809 1768/730/1809 1772/729/1809
f 1766/762/1809 1772/729/1809 1767/761/1809
f 1768/730/1810 1775/732/1810 1773/731/1810
f 1768/730/1810 1773/731/1810 1772/729/1810
f 1775/732/1811 1769/718/1811 1770/719/1811
f 1775/732/1811 1770/719/1811 1773/731/1811
f 1445/733/1573 1438/736/1573 1769/735/1573
f 1445/733/1573 1769/735/1573 1776/734/1573
f 1776/734/1573 1769/735/1573 1775/738/1573
f 1776/734/1573 1775/738/1573 1777/737/1573
f 1777/737/1573 1775/738/1573 1768/717/1573
f 1777/737/1573 1768/717/1573 1762/716/1573
f 1445/550/1812 1776/741/1812 1771/740/1812
f 1445/550/1812 1771/740/1812 1440/739/1812
f 1776/741/1813 1777/743/1813 1774/742/1813
f 1776/741/1813 1774/742/1813 1771/740/1813
f 1777/743/1814 1762/710/1814 1765/711/1814
f 1777/743/1814 1765/711/1814 1774/742/1814
f 1778/710/1815 1779/764/1815 1780/763/1815
f 1778/710/1815 1780/763/1815 1781/711/1815
f 1779/764/1767 1782/766/1767 1783/765/1767
f 1779/764/1767 1783/765/1767 1780/763/1767
f 1778/716/1573 1784/717/1573 1782/766/1573
f 1778/716/1573 1782/766/1573 1779/764/1573
f 1785/718/1816 1458/566/1816 1457/720/1816
f 1785/718/1816 1457/720/1816 1786/719/1816
f 1787/721/1575 1786/724/1575 1457/723/1575
f 1787/721/1575 1457/723/1575 1460/722/1575
f 1780/763/1575 1783/765/1575 1788/726/1575
f 1780/763/1575 1788/726/1575 1781/725/1575
f 1781/725/1575 1788/726/1575 1789/728/1575
f 1781/725/1575 1789/728/1575 1790/727/1575
f 1790/727/1575 1789/728/1575 1786/724/1575
f 1790/727/1575 1786/724/1575 1787/721/1575
f 1782/766/1817 1784/730/1817 1788/729/1817
f 1782/766/1817 1788/729/1817 1783/765/1817
f 1784/730/1818 1791/732/1818 1789/731/1818
f 1784/730/1818 1789/731/1818 1788/729/1818
f 1791/732/1819 1785/718/1819 1786/719/1819
f 1791/732/1819 1786/719/1819 1789/731/1819
f 1465/733/1573 1458/736/1573 1785/735/1573
f 1465/733/1573 1785/735/1573 1792/734/1573
f 1792/734/1573 1785/735/1573 1791/738/1573
f 1792/734/1573 1791/738/1573 1793/737/1573
f 1793/737/1573 1791/738/1573 1784/717/1573
f 1793/737/1573 1784/717/1573 1778/716/1573
f 1465/550/1820 1792/741/1820 1787/740/1820
f 1465/550/1820 1787/740/1820 1460/739/1820
f 1792/741/1821 1793/743/1821 1790/742/1821
f 1792/741/1821 1790/742/1821 1787/740/1821
f 1793/743/1822 1778/710/1822 1781/711/1822
f 1793/743/1822 1781/711/1822 1790/742/1822
f 1794/710/1823 1795/768/1823 1796/767/1823
f 1794/710/1823 1796/767/1823 1797/711/1823
f 1795/768/1767 1798/770/1767 1799/769/1767
f 1795/768/1767 1799/769/1767 1796/767/1767
f 1794/716/1573 1800/717/1573 1798/770/1573
f 1794/716/1573 1798/770/1573 1795/768/1573
f 1801/718/1824 1478/566/1824 1477/720/1824
f 1801/718/1824 1477/720/1824 1802/719/1824
f 1803/721/1575 1802/724/1575 1477/723/1575
f 1803/721/1575 1477/723/1575 1480/722/1575
f 1796/767/1575 1799/769/1575 1804/726/1575
f 1796/767/1575 1804/726/1575 1797/725/1575
f 1797/725/1575 1804/726/1575 1805/728/1575
f 1797/725/1575 1805/728/1575 1806/727/1575
f 1806/727/1575 1805/728/1575 1802/724/1575
f 1806/727/1575 1802/724/1575 1803/721/1575
f 1798/770/1825 1800/730/1825 1804/729/1825
f 1798/770/1825 1804/729/1825 1799/769/1825
f 1800/730/1826 1807/732/1826 1805/731/1826
f 1800/730/1826 1805/731/1826 1804/729/1826
f 1807/732/1827 1801/718/1827 1802/719/1827
f 1807/732/1827 1802/719/1827 1805/731/1827
f 1485/733/1573 1478/736/1573 1801/735/1573
f 1485/733/1573 1801/735/1573 1808/734/1573
f 1808/734/1573 1801/735/1573 1807/738/1573
f 1808/734/1573 1807/738/1573 1809/737/1573
f 1809/737/1573 1807/738/1573 1800/717/1573
f 1809/737/1573 1800/717/1573 1794/716/1573
f 1485/550/1828 1808/741/1828 1803/740/1828
f 1485/550/1828 1803/740/1828 1480/739/1828
f 1808/741/1829 1809/743/1829 1806/742/1829
f 1808/741/1829 1806/742/1829 1803/740/1829
f 1809/743/1830 1794/710/1830 1797/711/1830
f 1809/743/1830 1797/711/1830 1806/742/1830
f 1810/710/1831 1811/772/1831 1812/771/1831
f 1810/710/1831 1812/771/1831 1813/711/1831
f 1811/772/1767 1814/774/1767 1815/773/1767
f 1811/772/1767 1815/773/1767 1812/771/1767
f 1810/716/1573 1816/717/1573 1814/774/1573
f 1810/716/1573 1814/774/1573 1811/772/1573
f 1817/718/1832 1498/566/1832 1497/720/1832
f 1817/718/1832 1497/720/1832 1818/719/1832
f 1819/721/1575 1818/724/1575 1497/723/1575
f 1819/721/1575 1497/723/1575 1500/722/1575
f 1812/771/1575 1815/773/1575 1820/726/1575
f 1812/771/1575 1820/726/1575 1813/725/1575
f 1813/725/1575 1820/726/1575 1821/728/1575
f 1813/725/1575 1821/728/1575 1822/727/1575
f 1822/727/1575 1821/728/1575 1818/724/1575
f 1822/727/1575 1818/724/1575 1819/721/1575
f 1814/774/1833 1816/730/1833 1820/729/1833
f 1814/774/1833 1820/729/1833 1815/773/1833
f 1816/730/1834 1823/732/1834 1821/731/1834
f 1816/730/1834 1821/731/1834 1820/729/1834
f 1823/732/1835 1817/718/1835 1818/719/1835
f 1823/732/1835 1818/719/1835 1821/731/1835
f 1505/733/1573 1498/736/1573 1817/735/1573
f 1505/733/1573 1817/735/1573 1824/734/1573
f 1824/734/1573 1817/735/1573 1823/738/1573
f 1824/734/1573 1823/738/1573 1825/737/1573
f 1825/737/1573 1823/738/1573 1816/717/1573
f 1825/737/1573 1816/717/1573 1810/716/1573
f 1505/550/1836 1824/741/1836 1819/740/1836
f 1505/550/1836 1819/740/1836 1500/739/1836
f 1824/741/1837 1825/743/1837 1822/742/1837
f 1824/741/1837 1822/742/1837 1819/740/1837
f 1825/743/1838 1810/710/1838 1813/711/1838
f 1825/743/1838 1813/711/1838 1822/742/1838
f 1584/628/1723 1583/629/1722 1594/642/1734
f 1584/628/1723 1594/642/1734 1593/639/1733
f 1113/557/1358 1114/555/1359 1107/555/1352
f 1113/557/1358 1107/555/1352 1109/557/1354
f 1113/557/1358 1109/557/1354 1069/537/1316
f 1113/557/1358 1069/537/1316 1118/537/1363
f 1074/542/1321 1085/542/1332 1086/550/1333
f 1074/542/1321 1086/550/1333 1081/548/1328
f 1104/554/1349 1106/554/1351 1103/551/1348
f 1104/554/1349 1103/551/1348 1094/551/1341
f 1826/775/1839 1106/554/1351 1104/554/1349
f 1826/775/1839 1104/554/1349 1827/775/1839
f 1103/551/1348 1085/542/1332 1074/542/1321
f 1103/551/1348 1074/542/1321 1094/551/1341
f 1826/775/1839 1827/775/1839 1828/776/1840
f 1826/775/1839 1828/776/1840 1829/776/1840
f 1114/555/1359 1829/776/1840 1828/776/1840
f 1114/555/1359 1828/776/1840 1107/555/1352
f 1109/557/1572 1276/666/1572 1069/537/1572
f 1276/666/1572 1109/557/1572 1257/657/1572
f 1257/657/1572 1109/557/1572 1258/656/1572
f 1258/656/1572 1109/557/1572 1290/673/1572
f 1290/673/1572 1109/557/1572 1262/659/1572
f 1262/659/1572 1109/557/1572 1251/654/1572
f 1251/654/1572 1109/557/1572 1252/653/1572
f 1252/653/1572 1109/557/1572 1260/658/1572
f 1260/658/1572 1109/557/1572 1266/661/1572
f 1266/661/1572 1109/557/1572 1243/650/1572
f 1243/650/1572 1109/557/1572 1244/649/1572
f 1244/649/1572 1109/557/1572 1247/652/1572
f 1247/652/1572 1109/557/1572 1248/651/1572
f 1248/651/1572 1109/557/1572 1288/672/1572
f 1248/651/1572 1288/672/1572 1286/671/1572
f 1286/671/1572 1288/672/1572 1292/674/1572
f 1074/542/1572 1268/662/1572 1094/551/1572
f 1268/662/1572 1074/542/1572 1239/648/1572
f 1239/648/1572 1074/542/1572 1240/647/1572
f 1240/647/1572 1074/542/1572 1254/655/1572
f 1254/655/1572 1074/542/1572 1264/660/1572
f 1264/660/1572 1074/542/1572 1283/670/1572
f 1283/670/1572 1074/542/1572 1284/669/1572
f 1284/669/1572 1074/542/1572 1271/664/1572
f 1271/664/1572 1074/542/1572 1272/663/1572
f 1272/663/1572 1074/542/1572 1280/668/1572
f 1280/668/1572 1074/542/1572 1278/667/1572
f 1278/667/1572 1074/542/1572 1274/665/1572
f 1617/657/1767 1118/537/1767 1635/666/1767
f 1118/537/1767 1617/657/1767 1113/557/1767
f 1113/557/1767 1617/657/1767 1616/656/1767
f 1113/557/1767 1616/656/1767 1650/673/1767
f 1113/557/1767 1650/673/1767 1621/659/1767
f 1113/557/1767 1621/659/1767 1611/654/1767
f 1113/557/1767 1611/654/1767 1610/653/1767
f 1113/557/1767 1610/653/1767 1620/658/1767
f 1113/557/1767 1620/658/1767 1626/661/1767
f 1113/557/1767 1626/661/1767 1603/650/1767
f 1113/557/1767 1603/650/1767 1602/649/1767
f 1113/557/1767 1602/649/1767 1607/652/1767
f 1113/557/1767 1607/652/1767 1606/651/1767
f 1113/557/1767 1606/651/1767 1647/672/1767
f 1647/672/1767 1606/651/1767 1646/671/1767
f 1647/672/1767 1646/671/1767 1652/674/1767
f 1627/662/1767 1085/542/1767 1103/551/1767
f 1085/542/1767 1627/662/1767 1599/648/1767
f 1085/542/1767 1599/648/1767 1598/647/1767
f 1085/542/1767 1598/647/1767 1614/655/1767
f 1085/542/1767 1614/655/1767 1624/660/1767
f 1085/542/1767 1624/660/1767 1643/670/1767
f 1085/542/1767 1643/670/1767 1642/669/1767
f 1085/542/1767 1642/669/1767 1631/664/1767
f 1085/542/1767 1631/664/1767 1630/663/1767
f 1085/542/1767 1630/663/1767 1639/668/1767
f 1085/542/1767 1639/668/1767 1637/667/1767
f 1085/542/1767 1637/667/1767 1633/665/1767
s off
g _4
v 0.666592 0.821956 -2.26921
v 0.659762 0.882293 -2.26379
v 0.707406 0.880915 -2.23965
v 0.725832 0.811566 -2.22344
v 0.397931 0.829777 -2.33891
v 0.396946 0.869466 -2.32451
v 0.586443 0.881509 -2.29237
v 0.58934 0.825314 -2.29803
v 0.627886 0.823733 -2.28502
v 0.623365 0.882266 -2.27681
v 0.759313 0.849251 -2.18514
v 0.796492 0.778477 -2.10821
v 0 0.834833 -2.36265
v 0 0.860285 -2.352
v 0.286652 0.863962 -2.33748
v 0.286639 0.83271 -2.35154
v 0.587151 0.748922 -2.28982
v 0.625659 0.749305 -2.28114
v 0 0.811951 -2.36619
v 0.286299 0.80929 -2.3509
v 0.727352 0.746038 -2.20054
v 0.808065 0.74448 -2.09533
v 0.664078 0.749093 -2.26359
v 0.396259 0.75556 -2.34078
v -0.666592 0.821956 -2.26921
v -0.725832 0.811566 -2.22344
v -0.707406 0.880915 -2.23965
v -0.659762 0.882293 -2.26379
v -0.397931 0.829777 -2.33891
v -0.58934 0.825314 -2.29803
v -0.586443 0.881509 -2.29237
v -0.396946 0.869466 -2.32451
v -0.627886 0.823733 -2.28502
v -0.623365 0.882266 -2.27681
v -0.796492 0.778477 -2.10821
v -0.759313 0.849251 -2.18514
v -0.286639 0.83271 -2.35154
v -0.286652 0.863962 -2.33748
v -0.587151 0.748922 -2.28982
v -0.625659 0.749305 -2.28114
v -0.286299 0.80929 -2.3509
v -0.727352 0.746038 -2.20054
v -0.808065 0.74448 -2.09533
v -0.664078 0.749093 -2.26359
v -0.396259 0.75556 -2.34078
vn 0.493823 -0.0114074 -0.869488
vn 0.452011 0.0921421 -0.887241
vn 0.631358 -0.000380168 -0.775491
vn 0.715566 -0.0907775 -0.692622
vn 0.157349 0.13724 -0.97796
vn 0.143758 0.287216 -0.947017
vn 0.26838 0.171916 -0.947849
vn 0.262086 0.0535735 -0.963557
vn 0.345114 0.0297679 -0.938089
vn 0.354847 0.137424 -0.924769
vn 0.791305 -0.0881974 -0.605027
vn 0.809378 -0.0974379 -0.579149
vn 1.0275e-08 0.234059 -0.972223
vn -1.16352e-08 0.399443 -0.916758
vn 0.072359 0.385047 -0.920056
vn 0.0744302 0.214751 -0.973829
vn 0.250628 -0.0659506 -0.965834
vn 0.331785 -0.0785796 -0.940077
vn 2.84716e-08 0.0622556 -0.99806
vn 0.079311 0.0331566 -0.996298
vn 0.750235 -0.124443 -0.649355
vn 0.812931 -0.0992963 -0.573833
vn 0.529516 -0.117635 -0.840104
vn 0.179053 -0.0228215 -0.983575
vn -0.493823 -0.0114072 -0.869487
vn -0.715566 -0.0907771 -0.692622
vn -0.631358 -0.00038016 -0.775491
vn -0.452011 0.0921422 -0.88724
vn -0.157349 0.137241 -0.97796
vn -0.262086 0.0535741 -0.963556
vn -0.26838 0.171916 -0.947849
vn -0.143758 0.287218 -0.947016
vn -0.345114 0.0297677 -0.938089
vn -0.354847 0.137424 -0.924769
vn -0.809378 -0.0974382 -0.579149
vn -0.791305 -0.0881974 -0.605027
vn -0.0744301 0.214752 -0.973828
vn -0.072359 0.385047 -0.920056
vn -0.250628 -0.0659499 -0.965834
vn -0.331785 -0.0785795 -0.940077
vn -0.0793109 0.0331575 -0.996298
vn -0.750235 -0.124443 -0.649355
vn -0.812931 -0.0992966 -0.573833
vn -0.529516 -0.117634 -0.840104
vn -0.179053 -0.0228211 -0.983575
vt 0.568268 -0.469126
vt 0.594217 -0.467597
vt 0.595433 -0.483271
vt 0.565785 -0.484833
vt 0.568977 -0.427505
vt 0.586442 -0.427517
vt 0.591631 -0.451984
vt 0.568046 -0.452832
vt 0.568814 -0.460954
vt 0.594039 -0.459875
vt 0.585975 -0.489209
vt 0.553328 -0.490457
vt 0.564181 -0.375
vt 0.577495 -0.375
vt 0.580365 -0.41345
vt 0.564614 -0.413426
vt 0.536105 -0.453619
vt 0.53672 -0.461824
vt 0.553257 -0.375
vt 0.553113 -0.413402
vt 0.536365 -0.485609
vt 0.537901 -0.491376
vt 0.5368 -0.470274
vt 0.537119 -0.427423
usemtl RearLight
f 1830/777/1841 1831/778/1842 1832/779/1843
f 1830/777/1841 1832/779/1843 1833/780/1844
f 1834/781/1845 1835/782/1846 1836/783/1847
f 1834/781/1845 1836/783/1847 1837/784/1848
f 1838/785/1849 1839/786/1850 1831/778/1842
f 1838/785/1849 1831/778/1842 1830/777/1841
f 1833/780/1844 1832/779/1843 1840/787/1851
f 1833/780/1844 1840/787/1851 1841/788/1852
f 1842/789/1853 1843/790/1854 1844/791/1855
f 1842/789/1853 1844/791/1855 1845/792/1856
f 1837/784/1848 1836/783/1847 1839/786/1850
f 1837/784/1848 1839/786/1850 1838/785/1849
f 1845/792/1856 1844/791/1855 1835/782/1846
f 1845/792/1856 1835/782/1846 1834/781/1845
f 1846/793/1857 1837/784/1848 1838/785/1849
f 1846/793/1857 1838/785/1849 1847/794/1858
f 1848/795/1859 1842/789/1853 1845/792/1856
f 1848/795/1859 1845/792/1856 1849/796/1860
f 1850/797/1861 1833/780/1844 1841/788/1852
f 1850/797/1861 1841/788/1852 1851/798/1862
f 1847/794/1858 1838/785/1849 1830/777/1841
f 1847/794/1858 1830/777/1841 1852/799/1863
f 1853/800/1864 1834/781/1845 1837/784/1848
f 1853/800/1864 1837/784/1848 1846/793/1857
f 1852/799/1863 1830/777/1841 1833/780/1844
f 1852/799/1863 1833/780/1844 1850/797/1861
f 1849/796/1860 1845/792/1856 1834/781/1845
f 1849/796/1860 1834/781/1845 1853/800/1864
f 1854/777/1865 1855/780/1866 1856/779/1867
f 1854/777/1865 1856/779/1867 1857/778/1868
f 1858/781/1869 1859/784/1870 1860/783/1871
f 1858/781/1869 1860/783/1871 1861/782/1872
f 1862/785/1873 1854/777/1865 1857/778/1868
f 1862/785/1873 1857/778/1868 1863/786/1874
f 1855/780/1866 1864/788/1875 1865/787/1876
f 1855/780/1866 1865/787/1876 1856/779/1867
f 1842/789/1853 1866/792/1877 1867/791/1878
f 1842/789/1853 1867/791/1878 1843/790/1854
f 1859/784/1870 1862/785/1873 1863/786/1874
f 1859/784/1870 1863/786/1874 1860/783/1871
f 1866/792/1877 1858/781/1869 1861/782/1872
f 1866/792/1877 1861/782/1872 1867/791/1878
f 1868/793/1879 1869/794/1880 1862/785/1873
f 1868/793/1879 1862/785/1873 1859/784/1870
f 1848/795/1859 1870/796/1881 1866/792/1877
f 1848/795/1859 1866/792/1877 1842/789/1853
f 1871/797/1882 1872/798/1883 1864/788/1875
f 1871/797/1882 1864/788/1875 1855/780/1866
f 1869/794/1880 1873/799/1884 1854/777/1865
f 1869/794/1880 1854/777/1865 1862/785/1873
f 1874/800/1885 1868/793/1879 1859/784/1870
f 1874/800/1885 1859/784/1870 1858/781/1869
f 1873/799/1884 1871/797/1882 1855/780/1866
f 1873/799/1884 1855/780/1866 1854/777/1865
f 1870/796/1881 1874/800/1885 1858/781/1869
f 1870/796/1881 1858/781/1869 1866/792/1877
s off
g _5
v 0.355926 0.348116 1.48149
v 0.775606 0.348116 1.48149
v 0.775606 0.279902 1.50975
v 0.355926 0.279902 1.50975
v 0.775606 0.251646 1.57796
v 0.355926 0.251646 1.57796
v 0.775606 0.279902 1.64618
v 0.355926 0.279902 1.64618
v 0.775606 0.348116 1.67443
v 0.355926 0.348116 1.67443
v 0.775606 0.41633 1.64618
v 0.355926 0.41633 1.64618
v 0.775606 0.444586 1.57796
v 0.355926 0.444586 1.57796
v 0.775606 0.41633 1.50975
v 0.355926 0.41633 1.50975
v 0.492492 0.348115 -1.41718
v 0.781792 0.348115 -1.41718
v 0.781792 0.279901 -1.38893
v 0.492492 0.279901 -1.38893
v 0.781792 0.251646 -1.32072
v 0.492492 0.251646 -1.32072
v 0.781792 0.279901 -1.2525
v 0.492492 0.279901 -1.2525
v 0.781792 0.348116 -1.22425
v 0.492492 0.348115 -1.22425
v 0.781792 0.41633 -1.2525
v 0.492492 0.41633 -1.2525
v 0.781792 0.444585 -1.32072
v 0.492492 0.444585 -1.32072
v 0.781792 0.41633 -1.38893
v 0.492492 0.41633 -1.38893
v 0.362112 0.477682 -1.38893
v 0.362112 0.409468 -1.41718
v 0.362112 0.505937 -1.32072
v 0.362112 0.477682 -1.2525
v 0.362112 0.409468 -1.22425
v 0.362112 0.341253 -1.2525
v 0.362112 0.312998 -1.32072
v 0.362112 0.341253 -1.38893
v -0.355926 0.348116 1.48149
v -0.355926 0.279902 1.50975
v -0.775606 0.279902 1.50975
v -0.775606 0.348116 1.48149
v -0.355926 0.251646 1.57796
v -0.775606 0.251646 1.57796
v -0.355926 0.279902 1.64618
v -0.775606 0.279902 1.64618
v -0.355926 0.348116 1.67443
v -0.775606 0.348116 1.67443
v -0.355926 0.41633 1.64618
v -0.775606 0.41633 1.64618
v -0.355926 0.444586 1.57796
v -0.775606 0.444586 1.57796
v -0.355926 0.41633 1.50975
v -0.775606 0.41633 1.50975
v -0.492492 0.348115 -1.41718
v -0.492492 0.279901 -1.38893
v -0.781792 0.279901 -1.38893
v -0.781792 0.348115 -1.41718
v -0.492492 0.251646 -1.32072
v -0.781792 0.251646 -1.32072
v -0.492492 0.279901 -1.2525
v -0.781792 0.279901 -1.2525
v -0.492492 0.348115 -1.22425
v -0.781792 0.348116 -1.22425
v -0.492492 0.41633 -1.2525
v -0.781792 0.41633 -1.2525
v -0.492492 0.444585 -1.32072
v -0.781792 0.444585 -1.32072
v -0.492492 0.41633 -1.38893
v -0.781792 0.41633 -1.38893
v -0.362112 0.477682 -1.38893
v -0.362112 0.409468 -1.41718
v -0.362112 0.505937 -1.32072
v -0.362112 0.477682 -1.2525
v -0.362112 0.409468 -1.22425
v -0.362112 0.341253 -1.2525
v -0.362112 0.312998 -1.32072
v -0.362112 0.341253 -1.38893
vn 3.00553e-08 -0.382685 -0.923879
vn 0 -0.923879 -0.382684
vn 0 -0.923879 0.382684
vn 3.00553e-08 -0.382684 0.923879
vn -3.00553e-08 0.382685 0.923879
vn 0 0.923879 0.382684
vn 0 0.923879 -0.382684
vn -3.00553e-08 0.382684 -0.923879
vn 0.177227 0.376625 -0.909255
vn 0.398697 0.847274 -0.350953
vn 0.398696 0.847274 0.350952
vn 0.177227 0.376625 0.909255
vn -0.177227 -0.376625 0.909255
vn -0.398697 -0.847274 0.350952
vn -0.398697 -0.847274 -0.350952
vn -0.177227 -0.376625 -0.909255
vn -0.177227 0.376625 -0.909255
vn -0.398697 0.847274 -0.350953
vn -0.398696 0.847274 0.350952
vn -0.177227 0.376625 0.909255
vn 0.177227 -0.376625 0.909255
vn 0.398697 -0.847274 0.350952
vn 0.398697 -0.847274 -0.350952
vn 0.177227 -0.376625 -0.909255
vn 1 -1.15287e-14 -7.07626e-08
vn -1 1.15287e-14 7.07627e-08
vt 1 -0.5
vt 1 -1
vt 0.875 -1
vt 0.875 -0.5
vt 0.75 -1
vt 0.75 -0.5
vt 0.625 -1
vt 0.625 -0.5
vt 0.5 -1
vt 0.5 -0.5
vt 0.375 -1
vt 0.375 -0.5
vt 0.25 -1
vt 0.25 -0.5
vt 0.125 -1
vt 0.125 -0.5
vt 0 -1
vt 0 -0.5
vt 1 -0.655333
vt 0.875 -0.655333
vt 0.75 -0.655333
vt 0.625 -0.655333
vt 0.5 -0.655333
vt 0.375 -0.655333
vt 0.25 -0.655333
vt 0.125 -0.655333
vt 0 -0.655333
vt 0.419706 -0.0802944
vt 0.0802944 -0.0802944
vt 0.25 -0.00999999
vt 0.49 -0.25
vt 0.01 -0.25
vt 0.419706 -0.419706
vt 0.0802944 -0.419706
vt 0.25 -0.49
vt 0.580294 -0.0802944
vt 0.919706 -0.0802944
vt 0.75 -0.00999999
vt 0.51 -0.25
vt 0.99 -0.25
vt 0.580294 -0.419706
vt 0.919706 -0.419706
vt 0.75 -0.49
usemtl Rims
f 1875/801/1886 1876/802/1886 1877/803/1886
f 1875/801/1886 1877/803/1886 1878/804/1886
f 1878/804/1887 1877/803/1887 1879/805/1887
f 1878/804/1887 1879/805/1887 1880/806/1887
f 1880/806/1888 1879/805/1888 1881/807/1888
f 1880/806/1888 1881/807/1888 1882/808/1888
f 1882/808/1889 1881/807/1889 1883/809/1889
f 1882/808/1889 1883/809/1889 1884/810/1889
f 1884/810/1890 1883/809/1890 1885/811/1890
f 1884/810/1890 1885/811/1890 1886/812/1890
f 1886/812/1891 1885/811/1891 1887/813/1891
f 1886/812/1891 1887/813/1891 1888/814/1891
f 1888/814/1892 1887/813/1892 1889/815/1892
f 1888/814/1892 1889/815/1892 1890/816/1892
f 1890/816/1893 1889/815/1893 1876/817/1893
f 1890/816/1893 1876/817/1893 1875/818/1893
f 1891/819/1886 1892/802/1886 1893/803/1886
f 1891/819/1886 1893/803/1886 1894/820/1886
f 1894/820/1887 1893/803/1887 1895/805/1887
f 1894/820/1887 1895/805/1887 1896/821/1887
f 1896/821/1888 1895/805/1888 1897/807/1888
f 1896/821/1888 1897/807/1888 1898/822/1888
f 1898/822/1889 1897/807/1889 1899/809/1889
f 1898/822/1889 1899/809/1889 1900/823/1889
f 1900/823/1890 1899/809/1890 1901/811/1890
f 1900/823/1890 1901/811/1890 1902/824/1890
f 1902/824/1891 1901/811/1891 1903/813/1891
f 1902/824/1891 1903/813/1891 1904/825/1891
f 1904/825/1892 1903/813/1892 1905/815/1892
f 1904/825/1892 1905/815/1892 1906/826/1892
f 1906/826/1893 1905/815/1893 1892/817/1893
f 1906/826/1893 1892/817/1893 1891/827/1893
f 1907/816/1894 1906/826/1894 1891/827/1894
f 1907/816/1894 1891/827/1894 1908/818/1894
f 1909/814/1895 1904/825/1895 1906/826/1895
f 1909/814/1895 1906/826/1895 1907/816/1895
f 1910/812/1896 1902/824/1896 1904/825/1896
f 1910/812/1896 1904/825/1896 1909/814/1896
f 1911/810/1897 1900/823/1897 1902/824/1897
f 1911/810/1897 1902/824/1897 1910/812/1897
f 1912/808/1898 1898/822/1898 1900/823/1898
f 1912/808/1898 1900/823/1898 1911/810/1898
f 1913/806/1899 1896/821/1899 1898/822/1899
f 1913/806/1899 1898/822/1899 1912/808/1899
f 1914/804/1900 1894/820/1900 1896/821/1900
f 1914/804/1900 1896/821/1900 1913/806/1900
f 1908/801/1901 1891/819/1901 1894/820/1901
f 1908/801/1901 1894/820/1901 1914/804/1901
f 1915/801/1886 1916/804/1886 1917/803/1886
f 1915/801/1886 1917/803/1886 1918/802/1886
f 1916/804/1887 1919/806/1887 1920/805/1887
f 1916/804/1887 1920/805/1887 1917/803/1887
f 1919/806/1888 1921/808/1888 1922/807/1888
f 1919/806/1888 1922/807/1888 1920/805/1888
f 1921/808/1889 1923/810/1889 1924/809/1889
f 1921/808/1889 1924/809/1889 1922/807/1889
f 1923/810/1890 1925/812/1890 1926/811/1890
f 1923/810/1890 1926/811/1890 1924/809/1890
f 1925/812/1891 1927/814/1891 1928/813/1891
f 1925/812/1891 1928/813/1891 1926/811/1891
f 1927/814/1892 1929/816/1892 1930/815/1892
f 1927/814/1892 1930/815/1892 1928/813/1892
f 1929/816/1893 1915/818/1893 1918/817/1893
f 1929/816/1893 1918/817/1893 1930/815/1893
f 1931/819/1886 1932/820/1886 1933/803/1886
f 1931/819/1886 1933/803/1886 1934/802/1886
f 1932/820/1887 1935/821/1887 1936/805/1887
f 1932/820/1887 1936/805/1887 1933/803/1887
f 1935/821/1888 1937/822/1888 1938/807/1888
f 1935/821/1888 1938/807/1888 1936/805/1888
f 1937/822/1889 1939/823/1889 1940/809/1889
f 1937/822/1889 1940/809/1889 1938/807/1889
f 1939/823/1890 1941/824/1890 1942/811/1890
f 1939/823/1890 1942/811/1890 1940/809/1890
f 1941/824/1891 1943/825/1891 1944/813/1891
f 1941/824/1891 1944/813/1891 1942/811/1891
f 1943/825/1892 1945/826/1892 1946/815/1892
f 1943/825/1892 1946/815/1892 1944/813/1892
f 1945/826/1893 1931/827/1893 1934/817/1893
f 1945/826/1893 1934/817/1893 1946/815/1893
f 1947/816/1902 1948/818/1902 1931/827/1902
f 1947/816/1902 1931/827/1902 1945/826/1902
f 1949/814/1903 1947/816/1903 1945/826/1903
f 1949/814/1903 1945/826/1903 1943/825/1903
f 1950/812/1904 1949/814/1904 1943/825/1904
f 1950/812/1904 1943/825/1904 1941/824/1904
f 1951/810/1905 1950/812/1905 1941/824/1905
f 1951/810/1905 1941/824/1905 1939/823/1905
f 1952/808/1906 1951/810/1906 1939/823/1906
f 1952/808/1906 1939/823/1906 1937/822/1906
f 1953/806/1907 1952/808/1907 1937/822/1907
f 1953/806/1907 1937/822/1907 1935/821/1907
f 1954/804/1908 1953/806/1908 1935/821/1908
f 1954/804/1908 1935/821/1908 1932/820/1908
f 1948/801/1909 1954/804/1909 1932/820/1909
f 1948/801/1909 1932/820/1909 1931/819/1909
f 1881/828/1910 1885/829/1910 1883/830/1910
f 1885/829/1910 1881/828/1910 1879/831/1910
f 1885/829/1910 1879/831/1910 1887/832/1910
f 1887/832/1910 1879/831/1910 1877/833/1910
f 1887/832/1910 1877/833/1910 1889/834/1910
f 1889/834/1910 1877/833/1910 1876/835/1910
f 1886/836/1911 1882/837/1911 1884/838/1911
f 1882/837/1911 1886/836/1911 1888/839/1911
f 1882/837/1911 1888/839/1911 1880/840/1911
f 1880/840/1911 1888/839/1911 1890/841/1911
f 1880/840/1911 1890/841/1911 1878/842/1911
f 1878/842/1911 1890/841/1911 1875/843/1911
f 1897/828/1910 1901/829/1910 1899/830/1910
f 1901/829/1910 1897/828/1910 1895/831/1910
f 1901/829/1910 1895/831/1910 1903/832/1910
f 1903/832/1910 1895/831/1910 1893/833/1910
f 1903/832/1910 1893/833/1910 1905/834/1910
f 1905/834/1910 1893/833/1910 1892/835/1910
f 1910/836/1911 1912/837/1911 1911/838/1911
f 1912/837/1911 1910/836/1911 1909/839/1911
f 1912/837/1911 1909/839/1911 1913/840/1911
f 1913/840/1911 1909/839/1911 1907/841/1911
f 1913/840/1911 1907/841/1911 1914/842/1911
f 1914/842/1911 1907/841/1911 1908/843/1911
f 1926/829/1911 1922/828/1911 1924/830/1911
f 1922/828/1911 1926/829/1911 1928/832/1911
f 1922/828/1911 1928/832/1911 1920/831/1911
f 1920/831/1911 1928/832/1911 1930/834/1911
f 1920/831/1911 1930/834/1911 1917/833/1911
f 1917/833/1911 1930/834/1911 1918/835/1911
f 1921/837/1910 1925/836/1910 1923/838/1910
f 1925/836/1910 1921/837/1910 1919/840/1910
f 1925/836/1910 1919/840/1910 1927/839/1910
f 1927/839/1910 1919/840/1910 1916/842/1910
f 1927/839/1910 1916/842/1910 1929/841/1910
f 1929/841/1910 1916/842/1910 1915/843/1910
f 1942/829/1911 1938/828/1911 1940/830/1911
f 1938/828/1911 1942/829/1911 1944/832/1911
f 1938/828/1911 1944/832/1911 1936/831/1911
f 1936/831/1911 1944/832/1911 1946/834/1911
f 1936/831/1911 1946/834/1911 1933/833/1911
f 1933/833/1911 1946/834/1911 1934/835/1911
f 1952/837/1910 1950/836/1910 1951/838/1910
f 1950/836/1910 1952/837/1910 1953/840/1910
f 1950/836/1910 1953/840/1910 1949/839/1910
f 1949/839/1910 1953/840/1910 1954/842/1910
f 1949/839/1910 1954/842/1910 1947/841/1910
f 1947/841/1910 1954/842/1910 1948/843/1910
s off
g _6
v -0.792981 0.348116 1.28948
v -0.792981 0.27345 1.29931
v -0.950955 0.27345 1.29931
v -0.950955 0.348116 1.28948
v -0.792981 0.203873 1.32813
v -0.950955 0.203873 1.32813
v -0.792981 0.144126 1.37397
v -0.950955 0.144126 1.37397
v -0.792981 0.0982801 1.43372
v -0.950956 0.0982801 1.43372
v -0.792981 0.0694603 1.5033
v -0.950956 0.0694603 1.5033
v -0.792981 0.0596304 1.57796
v -0.950955 0.0596304 1.57796
v -0.792981 0.0694603 1.65263
v -0.950956 0.0694604 1.65263
v -0.792981 0.0982802 1.72221
v -0.950956 0.0982802 1.72221
v -0.792981 0.144126 1.78195
v -0.950955 0.144126 1.78195
v -0.792981 0.203873 1.8278
v -0.950955 0.203873 1.8278
v -0.792981 0.27345 1.85662
v -0.950955 0.27345 1.85662
v -0.792981 0.348116 1.86645
v -0.950955 0.348116 1.86645
v -0.792981 0.422782 1.85662
v -0.950955 0.422782 1.85662
v -0.792981 0.492359 1.8278
v -0.950955 0.492359 1.8278
v -0.792981 0.552106 1.78195
v -0.950955 0.552106 1.78195
v -0.792981 0.597952 1.72221
v -0.950955 0.597952 1.72221
v -0.792981 0.626772 1.65263
v -0.950955 0.626772 1.65263
v -0.792981 0.636601 1.57796
v -0.950955 0.636602 1.57796
v -0.792981 0.626772 1.5033
v -0.950955 0.626772 1.5033
v -0.792981 0.597952 1.43372
v -0.950955 0.597952 1.43372
v -0.792981 0.552106 1.37397
v -0.950955 0.552106 1.37397
v -0.792981 0.492359 1.32813
v -0.950955 0.492359 1.32813
v -0.792981 0.422781 1.29931
v -0.950955 0.422781 1.29931
v -0.950955 0.348116 1.3089
v -0.950955 0.278478 1.31807
v -0.950955 0.213585 1.34495
v -0.950955 0.157861 1.38771
v -0.950956 0.115102 1.44343
v -0.950956 0.0882229 1.50832
v -0.950956 0.0790549 1.57796
v -0.950956 0.0882229 1.6476
v -0.950956 0.115102 1.71249
v -0.950955 0.157861 1.76822
v -0.950955 0.213585 1.81098
v -0.950955 0.278478 1.83786
v -0.950955 0.348116 1.84702
v -0.950955 0.417754 1.83786
v -0.950955 0.482647 1.81098
v -0.950955 0.538371 1.76822
v -0.950955 0.58113 1.71249
v -0.950955 0.608009 1.6476
v -0.950955 0.617177 1.57796
v -0.950955 0.608009 1.50832
v -0.950955 0.58113 1.44343
v -0.950955 0.538371 1.38771
v -0.950955 0.482646 1.34495
v -0.950955 0.417754 1.31807
v -0.890691 0.127365 1.63711
v -0.890691 0.119578 1.57796
v -0.934231 0.324757 1.49079
v -0.950955 0.30447 1.41507
v -0.890691 0.307736 1.42726
v -0.875218 0.326505 1.49731
v -0.90958 0.376215 1.58549
v -0.852411 0.374113 1.58493
v -0.852411 0.37503 1.57796
v -0.90958 0.377207 1.57796
v -0.890691 0.127365 1.51881
v -0.934231 0.260941 1.60132
v -0.90958 0.320016 1.58549
v -0.852411 0.322119 1.58493
v -0.875218 0.267463 1.59957
v -0.890691 0.568867 1.51881
v -0.890691 0.576654 1.57796
v -0.934231 0.411933 1.64178
v -0.90958 0.368686 1.59853
v -0.852411 0.367147 1.59699
v -0.875218 0.407158 1.637
v -0.934231 0.371475 1.66514
v -0.950955 0.391762 1.74085
v -0.890691 0.388496 1.72866
v -0.875218 0.369727 1.65862
v -0.90958 0.320016 1.57043
v -0.934231 0.260941 1.5546
v -0.875218 0.267463 1.55635
v -0.852411 0.322119 1.571
v -0.934231 0.284299 1.51415
v -0.90958 0.327546 1.55739
v -0.852411 0.329085 1.55893
v -0.875218 0.289074 1.51892
v -0.90958 0.333571 1.55277
v -0.852411 0.334659 1.55465
v -0.890691 0.568867 1.63711
v -0.90958 0.340587 1.54986
v -0.852411 0.34115 1.55197
v -0.934231 0.435291 1.60132
v -0.875218 0.428769 1.59957
v -0.934231 0.435291 1.5546
v -0.90958 0.376215 1.57043
v -0.852411 0.374113 1.571
v -0.875218 0.428769 1.55635
v -0.90958 0.362661 1.60316
v -0.852411 0.361573 1.60127
v -0.950955 0.30447 1.74085
v -0.890691 0.307736 1.72866
v -0.890691 0.288966 1.79871
v -0.890691 0.186515 1.41636
v -0.890691 0.233847 1.38004
v -0.90958 0.355645 1.60606
v -0.852411 0.355082 1.60396
v -0.950955 0.391762 1.41507
v -0.890691 0.388496 1.42726
v -0.890691 0.407266 1.35721
v -0.890691 0.288966 1.35721
v -0.890691 0.509717 1.73956
v -0.890691 0.462385 1.77588
v -0.934231 0.284299 1.64178
v -0.950955 0.228873 1.69721
v -0.890691 0.237795 1.68828
v -0.875218 0.289074 1.637
v -0.890691 0.407266 1.79871
v -0.950955 0.467359 1.69721
v -0.890691 0.458437 1.68828
v -0.90958 0.368686 1.55739
v -0.934231 0.411933 1.51415
v -0.875218 0.407158 1.51892
v -0.852411 0.367147 1.55893
v -0.852411 0.321202 1.57796
v -0.90958 0.319025 1.57796
v -0.890691 0.462385 1.38004
v -0.890691 0.509717 1.41636
v -0.950955 0.228873 1.45872
v -0.890691 0.237795 1.46764
v -0.90958 0.327546 1.59853
v -0.852411 0.329085 1.59699
v -0.950955 0.511005 1.62161
v -0.890691 0.498818 1.61834
v -0.890691 0.233847 1.77588
v -0.890691 0.186515 1.73956
v -0.852411 0.361573 1.55465
v -0.90958 0.362661 1.55277
v -0.950955 0.185227 1.53432
v -0.890691 0.197414 1.53758
v -0.950955 0.511005 1.53432
v -0.890691 0.498818 1.53758
v -0.852411 0.355082 1.55197
v -0.90958 0.355645 1.54986
v -0.852411 0.334659 1.60127
v -0.90958 0.333571 1.60316
v -0.950955 0.185227 1.62161
v -0.890691 0.197414 1.61834
v -0.852411 0.34115 1.60396
v -0.90958 0.340587 1.60606
v -0.950955 0.467359 1.45872
v -0.890691 0.458437 1.46764
v -0.934231 0.371475 1.49079
v -0.875218 0.369727 1.49731
v -0.934231 0.324757 1.66514
v -0.875218 0.326505 1.65862
v -0.950955 0.348116 1.40933
v -0.950955 0.202073 1.49365
v -0.950955 0.202073 1.66228
v -0.950955 0.348116 1.7466
v -0.950955 0.494159 1.66228
v -0.950955 0.494159 1.49365
v -0.90958 0.348116 1.54887
v -0.934231 0.348116 1.48771
v -0.934231 0.269957 1.53284
v -0.90958 0.322923 1.56342
v -0.934231 0.269957 1.62309
v -0.90958 0.322923 1.59251
v -0.934231 0.348116 1.66821
v -0.90958 0.348116 1.60705
v -0.934231 0.426275 1.62309
v -0.90958 0.373309 1.59251
v -0.934231 0.426275 1.53284
v -0.90958 0.373309 1.56342
vn 1.23371e-09 -1.58137e-07 -1
vn -4.93484e-09 -0.258819 -0.965926
vn 0 -0.5 -0.866025
vn -3.94788e-08 -0.707107 -0.707107
vn -3.94788e-08 -0.866026 -0.5
vn -7.89575e-08 -0.965926 -0.258819
vn -1.57915e-07 -1 1.72489e-07
vn -7.89575e-08 -0.965926 0.258819
vn -3.94788e-08 -0.866025 0.5
vn -3.94788e-08 -0.707107 0.707107
vn 0 -0.5 0.866026
vn -4.93484e-09 -0.258819 0.965926
vn 1.23371e-09 1.67705e-07 1
vn 2.59079e-08 0.258819 0.965926
vn 1.97394e-08 0.5 0.866025
vn 3.94788e-08 0.707107 0.707107
vn 1.18436e-07 0.866026 0.5
vn 7.89575e-08 0.965926 0.258819
vn 0 1 -1.62921e-07
vn 7.89575e-08 0.965926 -0.258819
vn 1.18436e-07 0.866025 -0.5
vn 7.89575e-08 0.707107 -0.707107
vn 5.92181e-08 0.5 -0.866026
vn 2.59079e-08 0.258819 -0.965926
vn -1 -8.68497e-08 3.99537e-07
vn -0.5547 0.824933 -0.108604
vn -0.558 0.829841 -1.16959e-07
vn 0.0377207 0.990739 0.130434
vn 0.0380457 0.999276 6.14541e-07
vn -0.554699 0.824933 0.108604
vn -0.5547 -0.824932 0.108605
vn -0.558 -0.829841 1.71677e-07
vn 0.0380456 -0.499639 -0.865398
vn 0.0377206 -0.608328 -0.792789
vn -0.5547 -0.824932 -0.108605
vn 0.0377206 -0.382413 -0.923221
vn 0.0380458 0.499639 0.865398
vn 0.0377208 0.608328 0.792789
vn -0.5547 0.506521 0.66011
vn -0.558 0.414921 0.718663
vn 0.0377208 0.382413 0.923221
vn -0.554699 0.318412 0.768715
vn -0.5547 -0.506521 -0.66011
vn -0.558 -0.414921 -0.718663
vn -0.5547 -0.318412 -0.768715
vn 0.0377207 0.990739 -0.130433
vn 0.0377207 -0.990739 -0.130433
vn 0.0380457 -0.999276 -3.18864e-07
vn -0.558 -0.41492 0.718663
vn -0.554699 -0.506521 0.66011
vn 0.0377207 -0.990739 0.130433
vn -0.554699 -0.318412 0.768715
vn -0.558 0.41492 -0.718663
vn -0.5547 0.50652 -0.66011
vn 0.0377206 0.608328 -0.792789
vn 0.0380456 0.499638 -0.865398
vn -0.5547 0.318412 -0.768715
vn 0.0377206 0.382412 -0.923222
vn 0.0377207 -0.608328 0.792789
vn 0.0380458 -0.499638 0.865398
vn 0.0377208 -0.382412 0.923222
vn -0.995357 -4.26498e-08 0.0962503
vn -0.995277 0.0126705 0.0962426
vn -0.995277 0.0770136 0.0590942
vn -0.995357 0.0833556 0.0481251
vn -0.995277 0.0896841 0.0371483
vn -0.995277 0.0896841 -0.0371484
vn -0.995357 0.0833556 -0.0481253
vn -0.995277 0.0770136 -0.0590944
vn -0.995277 0.0126706 -0.0962426
vn -0.995357 -1.62769e-08 -0.0962503
vn -0.995277 -0.0126706 -0.0962425
vn -0.995277 -0.0770129 -0.0590946
vn -0.995357 -0.0833549 -0.0481252
vn -0.995277 -0.0896835 -0.0371481
vn -0.995277 -0.0896835 0.0371481
vn -0.995357 -0.0833549 0.0481252
vn -0.995277 -0.0770129 0.0590947
vn -0.995277 -0.0126706 0.0962426
vn -0.978637 -6.10569e-08 0.205598
vn -0.958308 -4.73477e-08 0.285736
vn -0.957631 0.0375911 0.285534
vn -0.989889 0.0185144 0.140631
vn -0.989889 0.112533 0.0863496
vn -0.957631 0.228484 0.175322
vn -0.958308 0.247455 0.142868
vn -0.978637 0.178053 0.102799
vn -0.957631 0.266075 0.110212
vn -0.989889 0.131047 0.0542817
vn -0.989889 0.131048 -0.0542816
vn -0.957631 0.266075 -0.110212
vn -0.958308 0.247455 -0.142868
vn -0.978637 0.178053 -0.102799
vn -0.957631 0.228484 -0.175322
vn -0.989889 0.112533 -0.0863498
vn -0.989889 0.0185145 -0.140631
vn -0.957631 0.0375914 -0.285534
vn -0.958308 9.37034e-08 -0.285736
vn -0.978637 5.86325e-08 -0.205598
vn -0.957631 -0.0375912 -0.285534
vn -0.989889 -0.0185144 -0.140631
vn -0.989889 -0.112533 -0.0863496
vn -0.957631 -0.228484 -0.175322
vn -0.958308 -0.247455 -0.142868
vn -0.978637 -0.178053 -0.102799
vn -0.957631 -0.266075 -0.110212
vn -0.989889 -0.131048 -0.0542818
vn -0.989889 -0.131048 0.0542819
vn -0.957631 -0.266075 0.110212
vn -0.958308 -0.247455 0.142868
vn -0.978637 -0.178053 0.102799
vn -0.957631 -0.228484 0.175322
vn -0.989889 -0.112533 0.0863496
vn -0.989889 -0.0185145 0.140631
vn -0.957631 -0.0375912 0.285534
vn 1 -1.0601e-07 -9.0077e-09
vt 1 -0.8631
vt 0.958333 -0.8631
vt 0.958333 -1
vt 1 -1
vt 0.916667 -0.8631
vt 0.916667 -1
vt 0.875 -0.8631
vt 0.875 -1
vt 0.833333 -0.8631
vt 0.833333 -1
vt 0.791667 -0.8631
vt 0.791667 -1
vt 0.75 -0.8631
vt 0.75 -1
vt 0.708333 -0.8631
vt 0.708333 -1
vt 0.666667 -0.8631
vt 0.666667 -1
vt 0.625 -0.8631
vt 0.625 -1
vt 0.583333 -0.8631
vt 0.583333 -1
vt 0.541666 -0.8631
vt 0.541666 -1
vt 0.5 -0.8631
vt 0.5 -1
vt 0.458333 -0.8631
vt 0.458333 -1
vt 0.416666 -0.8631
vt 0.416666 -1
vt 0.375 -0.8631
vt 0.375 -1
vt 0.333333 -0.8631
vt 0.333333 -1
vt 0.291667 -0.8631
vt 0.291667 -1
vt 0.25 -0.8631
vt 0.25 -1
vt 0.208333 -0.8631
vt 0.208333 -1
vt 0.166666 -0.8631
vt 0.166666 -1
vt 0.125 -0.8631
vt 0.125 -1
vt 0.0833331 -0.8631
vt 0.0833331 -1
vt 0.0416665 -0.8631
vt 0.0416665 -1
vt -1.86265e-07 -0.8631
vt -1.86265e-07 -1
vt 0.25 -0.455504
vt 0.25 -0.49
vt 0.312117 -0.481822
vt 0.303188 -0.448502
vt 0.37 -0.457846
vt 0.352752 -0.427972
vt 0.419706 -0.419706
vt 0.395313 -0.395313
vt 0.457846 -0.37
vt 0.427972 -0.352752
vt 0.481822 -0.312117
vt 0.448502 -0.303188
vt 0.49 -0.25
vt 0.455504 -0.25
vt 0.481822 -0.187883
vt 0.448502 -0.196812
vt 0.457846 -0.13
vt 0.427972 -0.147248
vt 0.419706 -0.0802944
vt 0.395313 -0.104687
vt 0.37 -0.042154
vt 0.352752 -0.0720285
vt 0.312117 -0.0181777
vt 0.303188 -0.0514985
vt 0.25 -0.00999999
vt 0.25 -0.0444962
vt 0.187883 -0.0181777
vt 0.196812 -0.0514985
vt 0.13 -0.042154
vt 0.147248 -0.0720284
vt 0.0802944 -0.0802944
vt 0.104687 -0.104687
vt 0.0421539 -0.13
vt 0.0720285 -0.147248
vt 0.0181778 -0.187883
vt 0.0514985 -0.196812
vt 0.01 -0.25
vt 0.0444961 -0.25
vt 0.0181778 -0.312117
vt 0.0514985 -0.303188
vt 0.0421539 -0.37
vt 0.0720285 -0.352752
vt 0.0802944 -0.419706
vt 0.104687 -0.395313
vt 0.13 -0.457846
vt 0.147248 -0.427972
vt 0.187883 -0.481822
vt 0.196812 -0.448502
vt 0.269433 -0.322524
vt 0.286311 -0.385513
vt 0.226623 -0.243736
vt 0.225799 -0.25
vt 0.322524 -0.230567
vt 0.273377 -0.243736
vt 0.196909 -0.196909
vt 0.232887 -0.232887
vt 0.230567 -0.177476
vt 0.21369 -0.114487
vt 0.273377 -0.256264
vt 0.322524 -0.269433
vt 0.303091 -0.303091
vt 0.267113 -0.267113
vt 0.262101 -0.270959
vt 0.256264 -0.273377
vt 0.177476 -0.230567
vt 0.177476 -0.269433
vt 0.226623 -0.256264
vt 0.237899 -0.229041
vt 0.286311 -0.114487
vt 0.243736 -0.226623
vt 0.21369 -0.385513
vt 0.303091 -0.196909
vt 0.349202 -0.150798
vt 0.150798 -0.150798
vt 0.232887 -0.267113
vt 0.196909 -0.303091
vt 0.274202 -0.25
vt 0.349202 -0.349202
vt 0.267113 -0.232887
vt 0.114487 -0.21369
vt 0.237899 -0.270959
vt 0.385513 -0.286311
vt 0.114487 -0.286311
vt 0.243736 -0.273377
vt 0.262101 -0.229041
vt 0.385513 -0.21369
vt 0.256264 -0.226623
vt 0.150798 -0.349202
vt 0.230567 -0.322524
vt 0.269433 -0.177476
vt 0.25 -0.390293
vt 0.371497 -0.320147
vt 0.371497 -0.179853
vt 0.25 -0.109707
vt 0.128503 -0.179853
vt 0.128503 -0.320147
vt 0.25 -0.274202
vt 0.25 -0.325082
vt 0.315023 -0.287541
vt 0.270959 -0.262101
vt 0.315023 -0.212459
vt 0.270959 -0.237899
vt 0.25 -0.174918
vt 0.25 -0.225799
vt 0.184977 -0.212459
vt 0.229041 -0.237899
vt 0.184977 -0.287541
vt 0.229041 -0.262101
vt 0.812117 -0.0181777
vt 0.687883 -0.0181777
vt 0.75 -0.00999999
vt 0.87 -0.042154
vt 0.63 -0.042154
vt 0.919706 -0.0802944
vt 0.580294 -0.0802944
vt 0.957846 -0.13
vt 0.542154 -0.13
vt 0.981822 -0.187883
vt 0.518178 -0.187883
vt 0.99 -0.25
vt 0.51 -0.25
vt 0.981822 -0.312117
vt 0.518178 -0.312117
vt 0.957846 -0.37
vt 0.542154 -0.37
vt 0.919706 -0.419706
vt 0.580294 -0.419706
vt 0.87 -0.457846
vt 0.63 -0.457846
vt 0.812117 -0.481822
vt 0.687883 -0.481822
vt 0.75 -0.49
usemtl Rims
f 1955/844/1912 1956/845/1913 1957/846/1913
f 1955/844/1912 1957/846/1913 1958/847/1912
f 1956/845/1913 1959/848/1914 1960/849/1914
f 1956/845/1913 1960/849/1914 1957/846/1913
f 1959/848/1914 1961/850/1915 1962/851/1915
f 1959/848/1914 1962/851/1915 1960/849/1914
f 1961/850/1915 1963/852/1916 1964/853/1916
f 1961/850/1915 1964/853/1916 1962/851/1915
f 1963/852/1916 1965/854/1917 1966/855/1917
f 1963/852/1916 1966/855/1917 1964/853/1916
f 1965/854/1917 1967/856/1918 1968/857/1918
f 1965/854/1917 1968/857/1918 1966/855/1917
f 1967/856/1918 1969/858/1919 1970/859/1919
f 1967/856/1918 1970/859/1919 1968/857/1918
f 1969/858/1919 1971/860/1920 1972/861/1920
f 1969/858/1919 1972/861/1920 1970/859/1919
f 1971/860/1920 1973/862/1921 1974/863/1921
f 1971/860/1920 1974/863/1921 1972/861/1920
f 1973/862/1921 1975/864/1922 1976/865/1922
f 1973/862/1921 1976/865/1922 1974/863/1921
f 1975/864/1922 1977/866/1923 1978/867/1923
f 1975/864/1922 1978/867/1923 1976/865/1922
f 1977/866/1923 1979/868/1924 1980/869/1924
f 1977/866/1923 1980/869/1924 1978/867/1923
f 1979/868/1924 1981/870/1925 1982/871/1925
f 1979/868/1924 1982/871/1925 1980/869/1924
f 1981/870/1925 1983/872/1926 1984/873/1926
f 1981/870/1925 1984/873/1926 1982/871/1925
f 1983/872/1926 1985/874/1927 1986/875/1927
f 1983/872/1926 1986/875/1927 1984/873/1926
f 1985/874/1927 1987/876/1928 1988/877/1928
f 1985/874/1927 1988/877/1928 1986/875/1927
f 1987/876/1928 1989/878/1929 1990/879/1929
f 1987/876/1928 1990/879/1929 1988/877/1928
f 1989/878/1929 1991/880/1930 1992/881/1930
f 1989/878/1929 1992/881/1930 1990/879/1929
f 1991/880/1930 1993/882/1931 1994/883/1931
f 1991/880/1930 1994/883/1931 1992/881/1930
f 1993/882/1931 1995/884/1932 1996/885/1932
f 1993/882/1931 1996/885/1932 1994/883/1931
f 1995/884/1932 1997/886/1933 1998/887/1933
f 1995/884/1932 1998/887/1933 1996/885/1932
f 1997/886/1933 1999/888/1934 2000/889/1934
f 1997/886/1933 2000/889/1934 1998/887/1933
f 1999/888/1934 2001/890/1935 2002/891/1935
f 1999/888/1934 2002/891/1935 2000/889/1934
f 2001/890/1935 1955/892/1912 1958/893/1912
f 2001/890/1935 1958/893/1912 2002/891/1935
f 2003/894/1936 1958/895/1936 1957/896/1936
f 2003/894/1936 1957/896/1936 2004/897/1936
f 2004/897/1936 1957/896/1936 1960/898/1936
f 2004/897/1936 1960/898/1936 2005/899/1936
f 2005/899/1936 1960/898/1936 1962/900/1936
f 2005/899/1936 1962/900/1936 2006/901/1936
f 2006/901/1936 1962/900/1936 1964/902/1936
f 2006/901/1936 1964/902/1936 2007/903/1936
f 2007/903/1936 1964/902/1936 1966/904/1936
f 2007/903/1936 1966/904/1936 2008/905/1936
f 2008/905/1936 1966/904/1936 1968/906/1936
f 2008/905/1936 1968/906/1936 2009/907/1936
f 2009/907/1936 1968/906/1936 1970/908/1936
f 2009/907/1936 1970/908/1936 2010/909/1936
f 2010/909/1936 1970/908/1936 1972/910/1936
f 2010/909/1936 1972/910/1936 2011/911/1936
f 2011/911/1936 1972/910/1936 1974/912/1936
f 2011/911/1936 1974/912/1936 2012/913/1936
f 2012/913/1936 1974/912/1936 1976/914/1936
f 2012/913/1936 1976/914/1936 2013/915/1936
f 2013/915/1936 1976/914/1936 1978/916/1936
f 2013/915/1936 1978/916/1936 2014/917/1936
f 2014/917/1936 1978/916/1936 1980/918/1936
f 2014/917/1936 1980/918/1936 2015/919/1936
f 2015/919/1936 1980/918/1936 1982/920/1936
f 2015/919/1936 1982/920/1936 2016/921/1936
f 2016/921/1936 1982/920/1936 1984/922/1936
f 2016/921/1936 1984/922/1936 2017/923/1936
f 2017/923/1936 1984/922/1936 1986/924/1936
f 2017/923/1936 1986/924/1936 2018/925/1936
f 2018/925/1936 1986/924/1936 1988/926/1936
f 2018/925/1936 1988/926/1936 2019/927/1936
f 2019/927/1936 1988/926/1936 1990/928/1936
f 2019/927/1936 1990/928/1936 2020/929/1936
f 2020/929/1936 1990/928/1936 1992/930/1936
f 2020/929/1936 1992/930/1936 2021/931/1936
f 2021/931/1936 1992/930/1936 1994/932/1936
f 2021/931/1936 1994/932/1936 2022/933/1936
f 2022/933/1936 1994/932/1936 1996/934/1936
f 2022/933/1936 1996/934/1936 2023/935/1936
f 2023/935/1936 1996/934/1936 1998/936/1936
f 2023/935/1936 1998/936/1936 2024/937/1936
f 2024/937/1936 1998/936/1936 2000/938/1936
f 2024/937/1936 2000/938/1936 2025/939/1936
f 2025/939/1936 2000/938/1936 2002/940/1936
f 2025/939/1936 2002/940/1936 2026/941/1936
f 2026/941/1936 2002/940/1936 1958/895/1936
f 2026/941/1936 1958/895/1936 2003/894/1936
f 2010/909/1937 2027/909/1937 2028/907/1938
f 2010/909/1937 2028/907/1938 2009/907/1938
f 2029/942/1919 2030/943/1919 2031/943/1919
f 2029/942/1919 2031/943/1919 2032/942/1919
f 2033/944/1939 2034/944/1939 2035/945/1940
f 2033/944/1939 2035/945/1940 2036/945/1940
f 2009/907/1938 2028/907/1938 2037/905/1941
f 2009/907/1938 2037/905/1941 2008/905/1941
f 2038/946/1913 2039/947/1913 2040/947/1913
f 2038/946/1913 2040/947/1913 2041/946/1913
f 2022/933/1942 2042/933/1942 2043/931/1943
f 2022/933/1942 2043/931/1943 2021/931/1943
f 2044/948/1921 2045/949/1921 2046/949/1921
f 2044/948/1921 2046/949/1921 2047/948/1921
f 2048/950/1931 2049/951/1931 2050/951/1931
f 2048/950/1931 2050/951/1931 2051/950/1931
f 2052/952/1923 2053/953/1923 2054/953/1923
f 2052/952/1923 2054/953/1923 2055/952/1923
f 2056/954/1933 2057/955/1933 2058/955/1933
f 2056/954/1933 2058/955/1933 2059/954/1933
f 2060/956/1944 2061/956/1944 2058/955/1945
f 2060/956/1944 2058/955/1945 2057/955/1945
f 2021/931/1943 2043/931/1943 2062/929/1946
f 2021/931/1943 2062/929/1946 2020/929/1946
f 2063/957/1947 2064/957/1947 2061/956/1944
f 2063/957/1947 2061/956/1944 2060/956/1944
f 2033/944/1935 2065/958/1935 2066/958/1935
f 2033/944/1935 2066/958/1935 2034/944/1935
f 2067/959/1925 2068/960/1925 2069/960/1925
f 2067/959/1925 2069/960/1925 2070/959/1925
f 2071/961/1948 2072/961/1948 2046/949/1949
f 2071/961/1948 2046/949/1949 2045/949/1949
f 2014/917/1917 2073/962/1917 2074/962/1917
f 2014/917/1917 2074/962/1917 2075/917/1917
f 2006/901/1950 2076/901/1950 2077/899/1951
f 2006/901/1950 2077/899/1951 2005/899/1951
f 2078/963/1952 2079/963/1952 2072/961/1948
f 2078/963/1952 2072/961/1948 2071/961/1948
f 2026/941/1929 2080/964/1929 2081/964/1929
f 2026/941/1929 2081/964/1929 2082/941/1929
f 2005/899/1951 2077/899/1951 2083/897/1953
f 2005/899/1951 2083/897/1953 2004/897/1953
f 2018/925/1954 2084/925/1954 2085/923/1955
f 2018/925/1954 2085/923/1955 2017/923/1955
f 2086/965/1927 2087/966/1927 2088/966/1927
f 2086/965/1927 2088/966/1927 2089/965/1927
f 2063/957/1919 2029/942/1919 2032/942/1919
f 2063/957/1919 2032/942/1919 2064/957/1919
f 2017/923/1955 2085/923/1955 2090/921/1956
f 2017/923/1955 2090/921/1956 2016/921/1956
f 2018/925/1921 2091/967/1921 2092/967/1921
f 2018/925/1921 2092/967/1921 2084/925/1921
f 2036/945/1940 2035/945/1940 2069/960/1957
f 2036/945/1940 2069/960/1957 2068/960/1957
f 2093/968/1915 2094/969/1915 2095/969/1915
f 2093/968/1915 2095/969/1915 2096/968/1915
f 2052/952/1958 2055/952/1958 2097/970/1959
f 2052/952/1958 2097/970/1959 2098/970/1959
f 2025/939/1960 2099/939/1960 2100/937/1961
f 2025/939/1960 2100/937/1961 2024/937/1961
f 2006/901/1933 2101/971/1933 2102/971/1933
f 2006/901/1933 2102/971/1933 2076/901/1933
f 2098/970/1959 2097/970/1959 2040/947/1962
f 2098/970/1959 2040/947/1962 2039/947/1962
f 2103/972/1927 2086/965/1927 2089/965/1927
f 2103/972/1927 2089/965/1927 2104/972/1927
f 2065/958/1935 2105/973/1935 2106/973/1935
f 2065/958/1935 2106/973/1935 2066/958/1935
f 2026/941/1963 2082/941/1963 2099/939/1960
f 2026/941/1963 2099/939/1960 2025/939/1960
f 2013/915/1964 2107/915/1964 2108/913/1965
f 2013/915/1964 2108/913/1965 2012/913/1965
f 2093/968/1966 2096/968/1966 2109/974/1967
f 2093/968/1966 2109/974/1967 2110/974/1967
f 2053/953/1923 2111/975/1923 2112/975/1923
f 2053/953/1923 2112/975/1923 2054/953/1923
f 2014/917/1968 2075/917/1968 2107/915/1964
f 2014/917/1968 2107/915/1964 2013/915/1964
f 2022/933/1925 2113/976/1925 2114/976/1925
f 2022/933/1925 2114/976/1925 2042/933/1925
f 2110/974/1967 2109/974/1967 2115/977/1969
f 2110/974/1967 2115/977/1969 2116/977/1969
f 2103/972/1970 2104/972/1970 2117/978/1971
f 2103/972/1970 2117/978/1971 2118/978/1971
f 2010/909/1913 2119/979/1913 2120/979/1913
f 2010/909/1913 2120/979/1913 2027/909/1913
f 2118/978/1971 2117/978/1971 2121/980/1972
f 2118/978/1971 2121/980/1972 2122/980/1972
f 2078/963/1931 2048/950/1931 2051/950/1931
f 2078/963/1931 2051/950/1931 2079/963/1931
f 2094/969/1915 2123/981/1915 2124/981/1915
f 2094/969/1915 2124/981/1915 2095/969/1915
f 2119/979/1913 2038/946/1913 2041/946/1913
f 2119/979/1913 2041/946/1913 2120/979/1913
f 2113/976/1925 2067/959/1925 2070/959/1925
f 2113/976/1925 2070/959/1925 2114/976/1925
f 2101/971/1933 2056/954/1933 2059/954/1933
f 2101/971/1933 2059/954/1933 2102/971/1933
f 2091/967/1921 2044/948/1921 2047/948/1921
f 2091/967/1921 2047/948/1921 2092/967/1921
f 2080/964/1929 2125/982/1929 2126/982/1929
f 2080/964/1929 2126/982/1929 2081/964/1929
f 2073/962/1917 2127/983/1917 2128/983/1917
f 2073/962/1917 2128/983/1917 2074/962/1917
f 2129/984/1973 2003/894/1936 2004/897/1936
f 2129/984/1973 2004/897/1936 2030/943/1974
f 2101/971/1975 2006/901/1936 2007/903/1936
f 2101/971/1975 2007/903/1936 2130/985/1976
f 2130/985/1976 2007/903/1936 2008/905/1936
f 2130/985/1976 2008/905/1936 2111/975/1977
f 2119/979/1978 2010/909/1936 2011/911/1936
f 2119/979/1978 2011/911/1936 2131/986/1979
f 2131/986/1979 2011/911/1936 2012/913/1936
f 2131/986/1979 2012/913/1936 2087/966/1980
f 2073/962/1981 2014/917/1936 2015/919/1936
f 2073/962/1981 2015/919/1936 2132/987/1982
f 2132/987/1982 2015/919/1936 2016/921/1936
f 2132/987/1982 2016/921/1936 2049/951/1983
f 2091/967/1984 2018/925/1936 2019/927/1936
f 2091/967/1984 2019/927/1936 2133/988/1985
f 2133/988/1985 2019/927/1936 2020/929/1936
f 2133/988/1985 2020/929/1936 2105/973/1986
f 2113/976/1987 2022/933/1936 2023/935/1936
f 2113/976/1987 2023/935/1936 2134/989/1988
f 2134/989/1988 2023/935/1936 2024/937/1936
f 2134/989/1988 2024/937/1936 2123/981/1989
f 2080/964/1990 2026/941/1936 2003/894/1936
f 2080/964/1990 2003/894/1936 2129/984/1973
f 2135/990/1991 2136/991/1992 2029/942/1993
f 2135/990/1991 2029/942/1993 2063/957/1994
f 2057/955/1995 2056/954/1996 2137/992/1997
f 2057/955/1995 2137/992/1997 2138/993/1998
f 2138/993/1998 2137/992/1997 2053/953/1999
f 2138/993/1998 2053/953/1999 2052/952/2000
f 2039/947/2001 2038/946/2002 2139/994/2003
f 2039/947/2001 2139/994/2003 2140/995/2004
f 2140/995/2004 2139/994/2003 2086/965/2005
f 2140/995/2004 2086/965/2005 2103/972/2006
f 2122/980/2007 2127/983/2008 2141/996/2009
f 2122/980/2007 2141/996/2009 2142/997/2010
f 2142/997/2010 2141/996/2009 2048/950/2011
f 2142/997/2010 2048/950/2011 2078/963/2012
f 2045/949/2013 2044/948/2014 2143/998/2015
f 2045/949/2013 2143/998/2015 2144/999/2016
f 2144/999/2016 2143/998/2015 2065/958/2017
f 2144/999/2016 2065/958/2017 2033/944/2018
f 2068/960/2019 2067/959/2020 2145/1000/2021
f 2068/960/2019 2145/1000/2021 2146/1001/2022
f 2146/1001/2022 2145/1000/2021 2094/969/2023
f 2146/1001/2022 2094/969/2023 2093/968/2024
f 2116/977/2025 2125/982/2026 2136/991/1992
f 2116/977/2025 2136/991/1992 2135/990/1991
f 2125/982/2026 2080/964/1990 2129/984/1973
f 2125/982/2026 2129/984/1973 2136/991/1992
f 2145/1000/2021 2134/989/1988 2123/981/1989
f 2145/1000/2021 2123/981/1989 2094/969/2023
f 2067/959/2020 2113/976/1987 2134/989/1988
f 2067/959/2020 2134/989/1988 2145/1000/2021
f 2143/998/2015 2133/988/1985 2105/973/1986
f 2143/998/2015 2105/973/1986 2065/958/2017
f 2044/948/2014 2091/967/1984 2133/988/1985
f 2044/948/2014 2133/988/1985 2143/998/2015
f 2141/996/2009 2132/987/1982 2049/951/1983
f 2141/996/2009 2049/951/1983 2048/950/2011
f 2127/983/2008 2073/962/1981 2132/987/1982
f 2127/983/2008 2132/987/1982 2141/996/2009
f 2139/994/2003 2131/986/1979 2087/966/1980
f 2139/994/2003 2087/966/1980 2086/965/2005
f 2038/946/2002 2119/979/1978 2131/986/1979
f 2038/946/2002 2131/986/1979 2139/994/2003
f 2137/992/1997 2130/985/1976 2111/975/1977
f 2137/992/1997 2111/975/1977 2053/953/1999
f 2056/954/1996 2101/971/1975 2130/985/1976
f 2056/954/1996 2130/985/1976 2137/992/1997
f 2136/991/1992 2129/984/1973 2030/943/1974
f 2136/991/1992 2030/943/1974 2029/942/1993
f 2125/982/1929 2116/977/1929 2115/977/1929
f 2125/982/1929 2115/977/1929 2126/982/1929
f 2127/983/1917 2122/980/1917 2121/980/1917
f 2127/983/1917 2121/980/1917 2128/983/1917
f 2123/981/1915 2024/937/1915 2100/937/1915
f 2123/981/1915 2100/937/1915 2124/981/1915
f 2111/975/1923 2008/905/1923 2037/905/1923
f 2111/975/1923 2037/905/1923 2112/975/1923
f 2105/973/1935 2020/929/1935 2062/929/1935
f 2105/973/1935 2062/929/1935 2106/973/1935
f 2087/966/1927 2012/913/1927 2108/913/1927
f 2087/966/1927 2108/913/1927 2088/966/1927
f 2049/951/1931 2016/921/1931 2090/921/1931
f 2049/951/1931 2090/921/1931 2050/951/1931
f 2030/943/1919 2004/897/1919 2083/897/1919
f 2030/943/1919 2083/897/1919 2031/943/1919
f 2078/963/2012 2122/980/2007 2142/997/2010
f 2122/980/2007 2078/963/2012 2071/961/1936
f 2122/980/2007 2071/961/1936 2118/978/1936
f 2118/978/1936 2071/961/1936 2045/949/2013
f 2118/978/1936 2045/949/2013 2103/972/2006
f 2103/972/2006 2045/949/2013 2144/999/2016
f 2103/972/2006 2144/999/2016 2140/995/2004
f 2140/995/2004 2144/999/2016 2033/944/2018
f 2140/995/2004 2033/944/2018 2039/947/2001
f 2039/947/2001 2033/944/2018 2098/970/1936
f 2098/970/1936 2033/944/2018 2036/945/1936
f 2098/970/1936 2036/945/1936 2052/952/2000
f 2052/952/2000 2036/945/1936 2068/960/2019
f 2052/952/2000 2068/960/2019 2146/1001/2022
f 2052/952/2000 2146/1001/2022 2138/993/1998
f 2138/993/1998 2146/1001/2022 2093/968/2024
f 2138/993/1998 2093/968/2024 2057/955/1995
f 2057/955/1995 2093/968/2024 2110/974/1936
f 2057/955/1995 2110/974/1936 2060/956/1936
f 2060/956/1936 2110/974/1936 2116/977/2025
f 2060/956/1936 2116/977/2025 2063/957/1994
f 2063/957/1994 2116/977/2025 2135/990/1991
f 1977/1002/2027 1981/1003/2027 1979/1004/2027
f 1981/1003/2027 1977/1002/2027 1975/1005/2027
f 1981/1003/2027 1975/1005/2027 1983/1006/2027
f 1983/1006/2027 1975/1005/2027 1973/1007/2027
f 1983/1006/2027 1973/1007/2027 1985/1008/2027
f 1985/1008/2027 1973/1007/2027 1971/1009/2027
f 1985/1008/2027 1971/1009/2027 1987/1010/2027
f 1987/1010/2027 1971/1009/2027 1969/1011/2027
f 1987/1010/2027 1969/1011/2027 1989/1012/2027
f 1989/1012/2027 1969/1011/2027 1967/1013/2027
f 1989/1012/2027 1967/1013/2027 1991/1014/2027
f 1991/1014/2027 1967/1013/2027 1965/1015/2027
f 1991/1014/2027 1965/1015/2027 1993/1016/2027
f 1993/1016/2027 1965/1015/2027 1963/1017/2027
f 1993/1016/2027 1963/1017/2027 1995/1018/2027
f 1995/1018/2027 1963/1017/2027 1961/1019/2027
f 1995/1018/2027 1961/1019/2027 1997/1020/2027
f 1997/1020/2027 1961/1019/2027 1959/1021/2027
f 1997/1020/2027 1959/1021/2027 1999/1022/2027
f 1999/1022/2027 1959/1021/2027 1956/1023/2027
f 1999/1022/2027 1956/1023/2027 2001/1024/2027
f 2001/1024/2027 1956/1023/2027 1955/1025/2027
s off
g _7
v -0.890691 0.307736 1.42726
v -0.890691 0.288966 1.35721
v -0.890691 0.233847 1.38004
v -0.890691 0.270107 1.44285
v -0.890691 0.186515 1.41636
v -0.890691 0.237795 1.46764
v -0.890691 0.197414 1.53758
v -0.890691 0.127365 1.51881
v -0.890691 0.119578 1.57796
v -0.890691 0.192098 1.57796
v -0.890691 0.127365 1.63711
v -0.890691 0.197414 1.61834
v -0.890691 0.237795 1.68828
v -0.890691 0.186515 1.73956
v -0.890691 0.233847 1.77588
v -0.890691 0.270107 1.71308
v -0.890691 0.288966 1.79871
v -0.890691 0.307736 1.72866
v -0.890691 0.388496 1.72866
v -0.890691 0.407266 1.79871
v -0.890691 0.462385 1.77588
v -0.890691 0.426125 1.71308
v -0.890691 0.509717 1.73956
v -0.890691 0.458437 1.68828
v -0.890691 0.498818 1.61834
v -0.890691 0.568867 1.63711
v -0.890691 0.576654 1.57796
v -0.890691 0.504134 1.57796
v -0.890691 0.568867 1.51881
v -0.890691 0.498818 1.53758
v -0.890691 0.458437 1.46764
v -0.890691 0.509717 1.41636
v -0.890691 0.462385 1.38004
v -0.890691 0.426125 1.44285
v -0.890691 0.407266 1.35721
v -0.890691 0.388496 1.42726
v -0.852411 0.34115 1.55197
v -0.875218 0.326505 1.49731
v -0.875218 0.306367 1.50565
v -0.852411 0.334659 1.55465
v -0.875218 0.289074 1.51892
v -0.852411 0.329085 1.55893
v -0.852411 0.322119 1.571
v -0.875218 0.267463 1.55635
v -0.875218 0.264618 1.57796
v -0.852411 0.321202 1.57796
v -0.875218 0.267463 1.59957
v -0.852411 0.322119 1.58493
v -0.852411 0.329085 1.59699
v -0.875218 0.289074 1.637
v -0.875218 0.306367 1.65027
v -0.852411 0.334659 1.60127
v -0.875218 0.326505 1.65862
v -0.852411 0.34115 1.60396
v -0.852411 0.355082 1.60396
v -0.875218 0.369727 1.65862
v -0.875218 0.389865 1.65027
v -0.852411 0.361573 1.60127
v -0.875218 0.407158 1.637
v -0.852411 0.367147 1.59699
v -0.852411 0.374113 1.58493
v -0.875218 0.428769 1.59957
v -0.875218 0.431614 1.57796
v -0.852411 0.37503 1.57796
v -0.875218 0.428769 1.55635
v -0.852411 0.374113 1.571
v -0.852411 0.367147 1.55893
v -0.875218 0.407158 1.51892
v -0.875218 0.389865 1.50565
v -0.852411 0.361573 1.55465
v -0.875218 0.369727 1.49731
v -0.852411 0.355082 1.55197
v -0.928246 0.0149296 1.68622
v -0.928246 0.0646908 1.78388
v -0.947968 0.0929014 1.76339
v -0.947968 0.0480933 1.67545
v -0.928246 0.631541 1.78388
v -0.928246 0.681302 1.68622
v -0.947968 0.648139 1.67545
v -0.947968 0.603331 1.76339
v -0.928246 -0.00221689 1.57796
v -0.947968 0.0326534 1.57796
v -0.928246 0.554036 1.86139
v -0.947968 0.53354 1.83318
v -0.928246 0.456375 1.24478
v -0.928246 0.348116 1.22763
v -0.947968 0.348116 1.2625
v -0.947968 0.445599 1.27794
v -0.928246 0.0149296 1.4697
v -0.947968 0.0480932 1.48048
v -0.928246 0.456375 1.91115
v -0.947968 0.445599 1.87799
v -0.928246 0.554036 1.29454
v -0.947968 0.53354 1.32275
v -0.928246 0.0646907 1.37204
v -0.947968 0.0929014 1.39254
v -0.928246 0.348116 1.9283
v -0.947968 0.348116 1.89343
v -0.928246 0.631541 1.37204
v -0.947968 0.60333 1.39254
v -0.928246 0.142195 1.29454
v -0.947968 0.162692 1.32275
v -0.928246 0.239857 1.91115
v -0.947968 0.250633 1.87799
v -0.928246 0.681302 1.4697
v -0.947968 0.648139 1.48048
v -0.928246 0.239857 1.24478
v -0.947968 0.250633 1.27794
v -0.928246 0.142196 1.86139
v -0.947968 0.162692 1.83318
v -0.928246 0.698449 1.57796
v -0.947968 0.663578 1.57796
v -0.947968 0.512519 1.80424
v -0.947968 0.434548 1.84397
v -0.947968 0.434548 1.31195
v -0.947968 0.512519 1.35168
v -0.947968 0.0821066 1.49153
v -0.947968 0.121835 1.41356
v -0.947968 0.348116 1.85766
v -0.947968 0.574397 1.41356
v -0.947968 0.183713 1.35168
v -0.947968 0.261684 1.84397
v -0.947968 0.614125 1.49153
v -0.947968 0.261684 1.31195
v -0.947968 0.183713 1.80424
v -0.947968 0.627815 1.57796
v -0.947968 0.348116 1.29826
v -0.947968 0.121835 1.74237
v -0.947968 0.614125 1.66439
v -0.947968 0.0821067 1.66439
v -0.947968 0.574397 1.74237
v -0.947968 0.0684172 1.57796
v -0.796687 0.142195 1.29454
v -0.796687 0.0646907 1.37204
v -0.796688 0.239857 1.91115
v -0.796688 0.348116 1.9283
v -0.802768 0.681302 1.4697
v -0.802768 0.631541 1.37204
v -0.796688 0.239857 1.24478
v -0.796687 0.142196 1.86139
v -0.796688 0.698449 1.57796
v -0.796688 0.348116 1.22763
v -0.796687 0.0646908 1.78388
v -0.796688 0.681302 1.68622
v -0.796687 0.0149296 1.68622
v -0.796688 0.631541 1.78388
v -0.796687 -0.00221689 1.57796
v -0.796688 0.554036 1.86139
v -0.796688 0.456375 1.24478
v -0.796687 0.0149296 1.4697
v -0.796688 0.456375 1.91115
v -0.796688 0.554036 1.29454
v -0.67121 0.0149296 1.68622
v -0.651487 0.0480932 1.67545
v -0.651487 0.0929014 1.76339
v -0.67121 0.0646908 1.78388
v -0.671209 0.631541 1.78388
v -0.651488 0.60333 1.76339
v -0.651488 0.648139 1.67545
v -0.671209 0.681302 1.68622
v -0.67121 -0.00221692 1.57796
v -0.651487 0.0326534 1.57796
v -0.671209 0.554036 1.86139
v -0.651488 0.53354 1.83318
v -0.671209 0.456375 1.24478
v -0.651487 0.445599 1.27794
v -0.651487 0.348116 1.2625
v -0.671209 0.348116 1.22763
v -0.67121 0.0149296 1.4697
v -0.651487 0.0480931 1.48048
v -0.671209 0.456375 1.91115
v -0.651487 0.445599 1.87799
v -0.671209 0.554036 1.29454
v -0.651488 0.53354 1.32275
v -0.67121 0.0646907 1.37204
v -0.651487 0.0929013 1.39254
v -0.671209 0.348116 1.9283
v -0.651487 0.348116 1.89343
v -0.67729 0.631541 1.37204
v -0.657568 0.60333 1.39254
v -0.67121 0.142195 1.29454
v -0.651487 0.162692 1.32275
v -0.67121 0.239857 1.91115
v -0.651487 0.250633 1.87799
v -0.67729 0.681302 1.4697
v -0.657568 0.648139 1.48048
v -0.67121 0.239857 1.24478
v -0.651487 0.250633 1.27794
v -0.67121 0.142196 1.86139
v -0.651487 0.162692 1.83318
v -0.671209 0.698449 1.57796
v -0.651488 0.663578 1.57796
v -0.651487 0.434548 1.84397
v -0.651488 0.512519 1.80424
v -0.651488 0.512519 1.35168
v -0.651487 0.434548 1.31195
v -0.651487 0.121835 1.41356
v -0.651487 0.0821066 1.49153
v -0.651487 0.348116 1.85766
v -0.657568 0.574397 1.41356
v -0.651487 0.183713 1.35168
v -0.651487 0.261684 1.84397
v -0.657568 0.614125 1.49153
v -0.651487 0.261684 1.31195
v -0.651487 0.183713 1.80424
v -0.651488 0.627815 1.57796
v -0.651487 0.348116 1.29826
v -0.651487 0.121835 1.74237
v -0.651488 0.614125 1.66439
v -0.651487 0.0821066 1.66439
v -0.651488 0.574397 1.74237
v -0.651487 0.0684172 1.57796
vn -0.995277 0.0371481 0.0896835
vn -1 -1.12765e-07 1.83718e-14
vn -0.995357 0.048125 0.083355
vn -0.995277 0.0590941 0.077013
vn -0.995277 0.0962426 0.0126702
vn -0.995357 0.0962503 7.5519e-09
vn -0.995277 0.0962425 -0.0126702
vn -0.995277 0.0590941 -0.0770131
vn -0.995357 0.048125 -0.083355
vn -0.995277 0.0371481 -0.0896836
vn -0.995277 -0.0371483 -0.0896835
vn -0.995357 -0.0481251 -0.0833549
vn -0.995277 -0.0590942 -0.077013
vn -0.995277 -0.0962421 -0.0126709
vn -0.995357 -0.0962498 1.38939e-08
vn -0.995277 -0.0962421 0.0126709
vn -0.995277 -0.0590942 0.077013
vn -0.995357 -0.0481251 0.083355
vn -0.995277 -0.0371482 0.0896836
vn -0.926372 0.144123 0.347941
vn -0.957631 0.110213 0.266076
vn -0.958308 0.142869 0.247455
vn -0.927494 0.18692 0.323754
vn -0.957631 0.175322 0.228485
vn -0.926372 0.229265 0.298784
vn -0.926372 0.373387 0.0491574
vn -0.957631 0.285535 0.0375915
vn -0.958308 0.285737 4.25931e-08
vn -0.927494 0.373839 6.25274e-08
vn -0.957631 0.285535 -0.0375914
vn -0.926372 0.373387 -0.0491573
vn -0.926372 0.229264 -0.298784
vn -0.957631 0.175322 -0.228485
vn -0.958308 0.142868 -0.247455
vn -0.927494 0.186919 -0.323754
vn -0.957631 0.110212 -0.266076
vn -0.926372 0.144122 -0.347941
vn -0.926372 -0.144123 -0.347941
vn -0.957631 -0.110213 -0.266076
vn -0.958308 -0.142869 -0.247455
vn -0.927494 -0.18692 -0.323754
vn -0.957631 -0.175323 -0.228485
vn -0.926372 -0.229265 -0.298784
vn -0.926372 -0.373387 -0.0491574
vn -0.957631 -0.285535 -0.0375914
vn -0.958308 -0.285737 -4.02159e-08
vn -0.927494 -0.373839 -1.26448e-07
vn -0.957631 -0.285535 0.0375913
vn -0.926372 -0.373387 0.0491572
vn -0.926372 -0.229265 0.298784
vn -0.957631 -0.175323 0.228485
vn -0.958308 -0.142869 0.247455
vn -0.927494 -0.18692 0.323754
vn -0.957631 -0.110212 0.266076
vn -0.926372 -0.144122 0.347941
vn -0.870428 -0.468202 0.152128
vn -0.870428 -0.398276 0.289365
vn -0.960577 -0.224919 0.163414
vn -0.960577 -0.264409 0.0859116
vn -0.870426 0.398279 0.289366
vn -0.870426 0.468205 0.152129
vn -0.960576 0.26441 0.085912
vn -0.960576 0.224921 0.163414
vn -0.870428 -0.492296 9.06266e-08
vn -0.960577 -0.278016 4.28227e-08
vn -0.870426 0.289366 0.398278
vn -0.960576 0.163414 0.224921
vn -0.870427 0.152129 -0.468203
vn -0.870428 2.87148e-07 -0.492297
vn -0.960576 1.22796e-07 -0.278016
vn -0.960576 0.085912 -0.264409
vn -0.870428 -0.468202 -0.152128
vn -0.960577 -0.264409 -0.0859116
vn -0.870427 0.152129 0.468203
vn -0.960576 0.085912 0.264409
vn -0.870426 0.289366 -0.398278
vn -0.960576 0.163414 -0.22492
vn -0.870428 -0.398276 -0.289365
vn -0.960577 -0.224919 -0.163414
vn -0.870427 4.55374e-07 0.492297
vn -0.960577 2.18322e-07 0.278016
vn -0.870426 0.398278 -0.289366
vn -0.960576 0.224921 -0.163415
vn -0.870428 -0.289365 -0.398276
vn -0.960577 -0.163414 -0.224919
vn -0.870428 -0.152128 0.468202
vn -0.960577 -0.0859115 0.264409
vn -0.870426 0.468204 -0.152129
vn -0.960576 0.26441 -0.0859121
vn -0.870428 -0.152128 -0.468202
vn -0.960577 -0.0859117 -0.264408
vn -0.870428 -0.289365 0.398276
vn -0.960577 -0.163414 0.224919
vn -0.870426 0.492299 -3.5915e-08
vn -0.960576 0.278017 -3.04638e-08
vn -1.30782e-07 -0.809017 -0.587785
vn -9.80867e-08 -0.587785 -0.809017
vn 8.5872e-16 8.12814e-08 1
vn -3.06521e-08 -0.309017 0.951057
vn 0 0.809017 -0.587785
vn 0 0.951057 -0.309017
vn -3.06521e-08 -0.309017 -0.951057
vn -9.80867e-08 -0.587785 0.809017
vn 0 1 -1.48514e-07
vn -2.04347e-09 -2.49362e-07 -1
vn -1.30782e-07 -0.809017 0.587785
vn 0 0.951057 0.309017
vn -6.53911e-08 -0.951057 0.309017
vn 0 0.809017 0.587785
vn 0 -1 1.77328e-07
vn 3.26956e-08 0.587786 0.809017
vn 2.86086e-08 0.309017 -0.951057
vn -6.53911e-08 -0.951057 -0.309017
vn 3.06521e-08 0.309017 0.951057
vn 3.26956e-08 0.587785 -0.809017
vn 0.870426 -0.468204 0.152129
vn 0.960576 -0.26441 0.0859122
vn 0.960576 -0.224921 0.163415
vn 0.870426 -0.398278 0.289366
vn 0.870428 0.398276 0.289364
vn 0.960577 0.224919 0.163414
vn 0.960577 0.264409 0.0859114
vn 0.870428 0.468202 0.152128
vn 0.870426 -0.492299 1.19286e-07
vn 0.960576 -0.278017 3.18647e-08
vn 0.870428 0.289365 0.398276
vn 0.960577 0.163414 0.224919
vn 0.870428 0.152128 -0.468201
vn 0.960577 0.0859116 -0.264408
vn 0.960577 -2.57871e-07 -0.278016
vn 0.870428 -4.73612e-07 -0.492296
vn 0.870426 -0.468204 -0.152129
vn 0.960576 -0.26441 -0.0859121
vn 0.870428 0.152128 0.468201
vn 0.960577 0.0859116 0.264408
vn 0.871848 0.308556 -0.380361
vn 0.961716 0.183461 -0.203581
vn 0.870426 -0.398278 -0.289366
vn 0.960576 -0.224921 -0.163414
vn 0.870428 -3.10596e-07 0.492297
vn 0.960577 -1.6481e-07 0.278016
vn 0.868456 0.415584 -0.270322
vn 0.958586 0.246244 -0.143097
vn 0.870426 -0.289366 -0.398278
vn 0.960576 -0.163414 -0.22492
vn 0.870427 -0.152129 0.468203
vn 0.960576 -0.085912 0.264409
vn 0.868456 0.462969 -0.177324
vn 0.958586 0.260507 -0.115106
vn 0.870427 -0.152129 -0.468203
vn 0.960576 -0.0859121 -0.264409
vn 0.870426 -0.289366 0.398278
vn 0.960576 -0.163414 0.224921
vn 0.871848 0.489084 -0.026056
vn 0.961715 0.272537 -0.0287609
vn 0.999998 0.00172184 -0.000877292
vn 0.999826 0.0144104 0.0118138
vn 0.999826 -0.00108733 -0.0186022
vn 6.97478e-08 0.8074 -0.590004
vn 1.39496e-07 0.951901 -0.306405
vn 2.74238e-07 0.999996 0.00284383
vn 6.73283e-08 0.585482 -0.810685
vt 0.286311 -0.385513
vt 0.303188 -0.448502
vt 0.352752 -0.427972
vt 0.320147 -0.371497
vt 0.395313 -0.395313
vt 0.349202 -0.349202
vt 0.385513 -0.286311
vt 0.448502 -0.303188
vt 0.455504 -0.25
vt 0.390293 -0.25
vt 0.448502 -0.196812
vt 0.385513 -0.21369
vt 0.349202 -0.150798
vt 0.395313 -0.104687
vt 0.352752 -0.0720285
vt 0.320147 -0.128503
vt 0.303188 -0.0514985
vt 0.286311 -0.114487
vt 0.21369 -0.114487
vt 0.196812 -0.0514985
vt 0.147248 -0.0720284
vt 0.179853 -0.128503
vt 0.104687 -0.104687
vt 0.150798 -0.150798
vt 0.114487 -0.21369
vt 0.0514985 -0.196812
vt 0.0444961 -0.25
vt 0.109707 -0.25
vt 0.0514985 -0.303188
vt 0.114487 -0.286311
vt 0.150798 -0.349202
vt 0.104687 -0.395313
vt 0.147248 -0.427972
vt 0.179854 -0.371497
vt 0.196812 -0.448502
vt 0.21369 -0.385513
vt 0.256264 -0.273377
vt 0.269433 -0.322524
vt 0.287541 -0.315023
vt 0.262101 -0.270959
vt 0.303091 -0.303091
vt 0.267113 -0.267113
vt 0.273377 -0.256264
vt 0.322524 -0.269433
vt 0.325082 -0.25
vt 0.274202 -0.25
vt 0.322524 -0.230567
vt 0.273377 -0.243736
vt 0.267113 -0.232887
vt 0.303091 -0.196909
vt 0.287541 -0.184977
vt 0.262101 -0.229041
vt 0.269433 -0.177476
vt 0.256264 -0.226623
vt 0.243736 -0.226623
vt 0.230567 -0.177476
vt 0.212459 -0.184977
vt 0.237899 -0.229041
vt 0.196909 -0.196909
vt 0.232887 -0.232887
vt 0.226623 -0.243736
vt 0.177476 -0.230567
vt 0.174918 -0.25
vt 0.225799 -0.25
vt 0.177476 -0.269433
vt 0.226623 -0.256264
vt 0.232887 -0.267113
vt 0.196909 -0.303091
vt 0.212459 -0.315023
vt 0.237899 -0.270959
vt 0.230567 -0.322524
vt 0.243736 -0.273377
vt 0 0
usemtl Plastic
f 2147/1026/2028 2148/1027/2029 2149/1028/2029
f 2147/1026/2028 2149/1028/2029 2150/1029/2030
f 2150/1029/2030 2149/1028/2029 2151/1030/2029
f 2150/1029/2030 2151/1030/2029 2152/1031/2031
f 2153/1032/2032 2154/1033/2029 2155/1034/2029
f 2153/1032/2032 2155/1034/2029 2156/1035/2033
f 2156/1035/2033 2155/1034/2029 2157/1036/2029
f 2156/1035/2033 2157/1036/2029 2158/1037/2034
f 2159/1038/2035 2160/1039/2029 2161/1040/2029
f 2159/1038/2035 2161/1040/2029 2162/1041/2036
f 2162/1041/2036 2161/1040/2029 2163/1042/2029
f 2162/1041/2036 2163/1042/2029 2164/1043/2037
f 2165/1044/2038 2166/1045/2029 2167/1046/2029
f 2165/1044/2038 2167/1046/2029 2168/1047/2039
f 2168/1047/2039 2167/1046/2029 2169/1048/2029
f 2168/1047/2039 2169/1048/2029 2170/1049/2040
f 2171/1050/2041 2172/1051/2029 2173/1052/2029
f 2171/1050/2041 2173/1052/2029 2174/1053/2042
f 2174/1053/2042 2173/1052/2029 2175/1054/2029
f 2174/1053/2042 2175/1054/2029 2176/1055/2043
f 2177/1056/2044 2178/1057/2029 2179/1058/2029
f 2177/1056/2044 2179/1058/2029 2180/1059/2045
f 2180/1059/2045 2179/1058/2029 2181/1060/2029
f 2180/1059/2045 2181/1060/2029 2182/1061/2046
f 2183/1062/2047 2184/1063/2048 2185/1064/2049
f 2183/1062/2047 2185/1064/2049 2186/1065/2050
f 2186/1065/2050 2185/1064/2049 2187/1066/2051
f 2186/1065/2050 2187/1066/2051 2188/1067/2052
f 2189/1068/2053 2190/1069/2054 2191/1070/2055
f 2189/1068/2053 2191/1070/2055 2192/1071/2056
f 2192/1071/2056 2191/1070/2055 2193/1072/2057
f 2192/1071/2056 2193/1072/2057 2194/1073/2058
f 2195/1074/2059 2196/1075/2060 2197/1076/2061
f 2195/1074/2059 2197/1076/2061 2198/1077/2062
f 2198/1077/2062 2197/1076/2061 2199/1078/2063
f 2198/1077/2062 2199/1078/2063 2200/1079/2064
f 2201/1080/2065 2202/1081/2066 2203/1082/2067
f 2201/1080/2065 2203/1082/2067 2204/1083/2068
f 2204/1083/2068 2203/1082/2067 2205/1084/2069
f 2204/1083/2068 2205/1084/2069 2206/1085/2070
f 2207/1086/2071 2208/1087/2072 2209/1088/2073
f 2207/1086/2071 2209/1088/2073 2210/1089/2074
f 2210/1089/2074 2209/1088/2073 2211/1090/2075
f 2210/1089/2074 2211/1090/2075 2212/1091/2076
f 2213/1092/2077 2214/1093/2078 2215/1094/2079
f 2213/1092/2077 2215/1094/2079 2216/1095/2080
f 2216/1095/2080 2215/1094/2079 2217/1096/2081
f 2216/1095/2080 2217/1096/2081 2218/1097/2082
f 2215/1094/2079 2180/1059/2045 2182/1061/2046
f 2215/1094/2079 2182/1061/2046 2217/1096/2081
f 2214/1093/2078 2177/1056/2044 2180/1059/2045
f 2214/1093/2078 2180/1059/2045 2215/1094/2079
f 2209/1088/2073 2174/1053/2042 2176/1055/2043
f 2209/1088/2073 2176/1055/2043 2211/1090/2075
f 2208/1087/2072 2171/1050/2041 2174/1053/2042
f 2208/1087/2072 2174/1053/2042 2209/1088/2073
f 2203/1082/2067 2168/1047/2039 2170/1049/2040
f 2203/1082/2067 2170/1049/2040 2205/1084/2069
f 2202/1081/2066 2165/1044/2038 2168/1047/2039
f 2202/1081/2066 2168/1047/2039 2203/1082/2067
f 2197/1076/2061 2162/1041/2036 2164/1043/2037
f 2197/1076/2061 2164/1043/2037 2199/1078/2063
f 2196/1075/2060 2159/1038/2035 2162/1041/2036
f 2196/1075/2060 2162/1041/2036 2197/1076/2061
f 2191/1070/2055 2156/1035/2033 2158/1037/2034
f 2191/1070/2055 2158/1037/2034 2193/1072/2057
f 2190/1069/2054 2153/1032/2032 2156/1035/2033
f 2190/1069/2054 2156/1035/2033 2191/1070/2055
f 2185/1064/2049 2150/1029/2030 2152/1031/2031
f 2185/1064/2049 2152/1031/2031 2187/1066/2051
f 2184/1063/2048 2147/1026/2028 2150/1029/2030
f 2184/1063/2048 2150/1029/2030 2185/1064/2049
f 2219/1098/2083 2220/1098/2084 2221/1098/2085
f 2219/1098/2083 2221/1098/2085 2222/1098/2086
f 2223/1098/2087 2224/1098/2088 2225/1098/2089
f 2223/1098/2087 2225/1098/2089 2226/1098/2090
f 2227/1098/2091 2219/1098/2083 2222/1098/2086
f 2227/1098/2091 2222/1098/2086 2228/1098/2092
f 2229/1098/2093 2223/1098/2087 2226/1098/2090
f 2229/1098/2093 2226/1098/2090 2230/1098/2094
f 2231/1098/2095 2232/1098/2096 2233/1098/2097
f 2231/1098/2095 2233/1098/2097 2234/1098/2098
f 2235/1098/2099 2227/1098/2091 2228/1098/2092
f 2235/1098/2099 2228/1098/2092 2236/1098/2100
f 2237/1098/2101 2229/1098/2093 2230/1098/2094
f 2237/1098/2101 2230/1098/2094 2238/1098/2102
f 2239/1098/2103 2231/1098/2095 2234/1098/2098
f 2239/1098/2103 2234/1098/2098 2240/1098/2104
f 2241/1098/2105 2235/1098/2099 2236/1098/2100
f 2241/1098/2105 2236/1098/2100 2242/1098/2106
f 2243/1098/2107 2237/1098/2101 2238/1098/2102
f 2243/1098/2107 2238/1098/2102 2244/1098/2108
f 2245/1098/2109 2239/1098/2103 2240/1098/2104
f 2245/1098/2109 2240/1098/2104 2246/1098/2110
f 2247/1098/2111 2241/1098/2105 2242/1098/2106
f 2247/1098/2111 2242/1098/2106 2248/1098/2112
f 2249/1098/2113 2243/1098/2107 2244/1098/2108
f 2249/1098/2113 2244/1098/2108 2250/1098/2114
f 2251/1098/2115 2245/1098/2109 2246/1098/2110
f 2251/1098/2115 2246/1098/2110 2252/1098/2116
f 2253/1098/2117 2247/1098/2111 2248/1098/2112
f 2253/1098/2117 2248/1098/2112 2254/1098/2118
f 2255/1098/2119 2249/1098/2113 2250/1098/2114
f 2255/1098/2119 2250/1098/2114 2256/1098/2120
f 2257/1098/2121 2251/1098/2115 2252/1098/2116
f 2257/1098/2121 2252/1098/2116 2258/1098/2122
f 2232/1098/2096 2253/1098/2117 2254/1098/2118
f 2232/1098/2096 2254/1098/2118 2233/1098/2097
f 2220/1098/2084 2255/1098/2119 2256/1098/2120
f 2220/1098/2084 2256/1098/2120 2221/1098/2085
f 2224/1098/2088 2257/1098/2121 2258/1098/2122
f 2224/1098/2088 2258/1098/2122 2225/1098/2089
f 2238/1098/2102 2230/1098/2094 2259/1098/2029
f 2238/1098/2102 2259/1098/2029 2260/1098/2029
f 2240/1098/2104 2234/1098/2098 2261/1098/2029
f 2240/1098/2104 2261/1098/2029 2262/1098/2029
f 2242/1098/2106 2236/1098/2100 2263/1098/2029
f 2242/1098/2106 2263/1098/2029 2264/1098/2029
f 2244/1098/2108 2238/1098/2102 2260/1098/2029
f 2244/1098/2108 2260/1098/2029 2265/1098/2029
f 2246/1098/2110 2240/1098/2104 2262/1098/2029
f 2246/1098/2110 2262/1098/2029 2266/1098/2029
f 2248/1098/2112 2242/1098/2106 2264/1098/2029
f 2248/1098/2112 2264/1098/2029 2267/1098/2029
f 2250/1098/2114 2244/1098/2108 2265/1098/2029
f 2250/1098/2114 2265/1098/2029 2268/1098/2029
f 2252/1098/2116 2246/1098/2110 2266/1098/2029
f 2252/1098/2116 2266/1098/2029 2269/1098/2029
f 2254/1098/2118 2248/1098/2112 2267/1098/2029
f 2254/1098/2118 2267/1098/2029 2270/1098/2029
f 2256/1098/2120 2250/1098/2114 2268/1098/2029
f 2256/1098/2120 2268/1098/2029 2271/1098/2029
f 2258/1098/2122 2252/1098/2116 2269/1098/2029
f 2258/1098/2122 2269/1098/2029 2272/1098/2029
f 2233/1098/2097 2254/1098/2118 2270/1098/2029
f 2233/1098/2097 2270/1098/2029 2273/1098/2029
f 2221/1098/2085 2256/1098/2120 2271/1098/2029
f 2221/1098/2085 2271/1098/2029 2274/1098/2029
f 2225/1098/2089 2258/1098/2122 2272/1098/2029
f 2225/1098/2089 2272/1098/2029 2275/1098/2029
f 2222/1098/2086 2221/1098/2085 2274/1098/2029
f 2222/1098/2086 2274/1098/2029 2276/1098/2029
f 2226/1098/2090 2225/1098/2089 2275/1098/2029
f 2226/1098/2090 2275/1098/2029 2277/1098/2029
f 2228/1098/2092 2222/1098/2086 2276/1098/2029
f 2228/1098/2092 2276/1098/2029 2278/1098/2029
f 2230/1098/2094 2226/1098/2090 2277/1098/2029
f 2230/1098/2094 2277/1098/2029 2259/1098/2029
f 2234/1098/2098 2233/1098/2097 2273/1098/2029
f 2234/1098/2098 2273/1098/2029 2261/1098/2029
f 2236/1098/2100 2228/1098/2092 2278/1098/2029
f 2236/1098/2100 2278/1098/2029 2263/1098/2029
f 2241/1098/2123 2247/1098/2124 2279/1098/2124
f 2241/1098/2123 2279/1098/2124 2280/1098/2123
f 2243/1098/2125 2249/1098/2126 2281/1098/2126
f 2243/1098/2125 2281/1098/2126 2282/1098/2125
f 2245/1098/2127 2251/1098/2128 2283/1098/2128
f 2245/1098/2127 2283/1098/2128 2284/1098/2127
f 2247/1098/2124 2253/1098/2129 2285/1098/2129
f 2247/1098/2124 2285/1098/2129 2279/1098/2124
f 2249/1098/2126 2255/1098/2130 2286/1098/2130
f 2249/1098/2126 2286/1098/2130 2281/1098/2126
f 2251/1098/2128 2257/1098/2131 2287/1098/2131
f 2251/1098/2128 2287/1098/2131 2283/1098/2128
f 2253/1098/2129 2232/1098/2132 2288/1098/2132
f 2253/1098/2129 2288/1098/2132 2285/1098/2129
f 2255/1098/2130 2220/1098/2133 2289/1098/2133
f 2255/1098/2130 2289/1098/2133 2286/1098/2130
f 2257/1098/2131 2224/1098/2134 2290/1098/2134
f 2257/1098/2131 2290/1098/2134 2287/1098/2131
f 2220/1098/2133 2219/1098/2135 2291/1098/2135
f 2220/1098/2133 2291/1098/2135 2289/1098/2133
f 2224/1098/2134 2223/1098/2136 2292/1098/2136
f 2224/1098/2134 2292/1098/2136 2290/1098/2134
f 2219/1098/2135 2227/1098/2137 2293/1098/2137
f 2219/1098/2135 2293/1098/2137 2291/1098/2135
f 2223/1098/2136 2229/1098/2138 2294/1098/2138
f 2223/1098/2136 2294/1098/2138 2292/1098/2136
f 2232/1098/2132 2231/1098/2139 2295/1098/2139
f 2232/1098/2132 2295/1098/2139 2288/1098/2132
f 2227/1098/2137 2235/1098/2140 2296/1098/2140
f 2227/1098/2137 2296/1098/2140 2293/1098/2137
f 2229/1098/2138 2237/1098/2141 2297/1098/2141
f 2229/1098/2138 2297/1098/2141 2294/1098/2138
f 2231/1098/2139 2239/1098/2142 2298/1098/2142
f 2231/1098/2139 2298/1098/2142 2295/1098/2139
f 2235/1098/2140 2241/1098/2123 2280/1098/2123
f 2235/1098/2140 2280/1098/2123 2296/1098/2140
f 2237/1098/2141 2243/1098/2125 2282/1098/2125
f 2237/1098/2141 2282/1098/2125 2297/1098/2141
f 2239/1098/2142 2245/1098/2127 2284/1098/2127
f 2239/1098/2142 2284/1098/2127 2298/1098/2142
f 2299/1098/2143 2300/1098/2144 2301/1098/2145
f 2299/1098/2143 2301/1098/2145 2302/1098/2146
f 2303/1098/2147 2304/1098/2148 2305/1098/2149
f 2303/1098/2147 2305/1098/2149 2306/1098/2150
f 2307/1098/2151 2308/1098/2152 2300/1098/2144
f 2307/1098/2151 2300/1098/2144 2299/1098/2143
f 2309/1098/2153 2310/1098/2154 2304/1098/2148
f 2309/1098/2153 2304/1098/2148 2303/1098/2147
f 2311/1098/2155 2312/1098/2156 2313/1098/2157
f 2311/1098/2155 2313/1098/2157 2314/1098/2158
f 2315/1098/2159 2316/1098/2160 2308/1098/2152
f 2315/1098/2159 2308/1098/2152 2307/1098/2151
f 2317/1098/2161 2318/1098/2162 2310/1098/2154
f 2317/1098/2161 2310/1098/2154 2309/1098/2153
f 2319/1098/2163 2320/1098/2164 2312/1098/2156
f 2319/1098/2163 2312/1098/2156 2311/1098/2155
f 2321/1098/2165 2322/1098/2166 2316/1098/2160
f 2321/1098/2165 2316/1098/2160 2315/1098/2159
f 2323/1098/2167 2324/1098/2168 2318/1098/2162
f 2323/1098/2167 2318/1098/2162 2317/1098/2161
f 2325/1098/2169 2326/1098/2170 2320/1098/2164
f 2325/1098/2169 2320/1098/2164 2319/1098/2163
f 2327/1098/2171 2328/1098/2172 2322/1098/2166
f 2327/1098/2171 2322/1098/2166 2321/1098/2165
f 2329/1098/2173 2330/1098/2174 2324/1098/2168
f 2329/1098/2173 2324/1098/2168 2323/1098/2167
f 2331/1098/2175 2332/1098/2176 2326/1098/2170
f 2331/1098/2175 2326/1098/2170 2325/1098/2169
f 2333/1098/2177 2334/1098/2178 2328/1098/2172
f 2333/1098/2177 2328/1098/2172 2327/1098/2171
f 2335/1098/2179 2336/1098/2180 2330/1098/2174
f 2335/1098/2179 2330/1098/2174 2329/1098/2173
f 2337/1098/2181 2338/1098/2182 2332/1098/2176
f 2337/1098/2181 2332/1098/2176 2331/1098/2175
f 2314/1098/2158 2313/1098/2157 2334/1098/2178
f 2314/1098/2158 2334/1098/2178 2333/1098/2177
f 2302/1098/2146 2301/1098/2145 2336/1098/2180
f 2302/1098/2146 2336/1098/2180 2335/1098/2179
f 2306/1098/2150 2305/1098/2149 2338/1098/2182
f 2306/1098/2150 2338/1098/2182 2337/1098/2181
f 2318/1098/2162 2339/1098/2183 2340/1098/2183
f 2318/1098/2162 2340/1098/2183 2310/1098/2154
f 2320/1098/2164 2341/1098/2184 2342/1098/2183
f 2320/1098/2164 2342/1098/2183 2312/1098/2156
f 2322/1098/2166 2343/1098/2183 2344/1098/2183
f 2322/1098/2166 2344/1098/2183 2316/1098/2160
f 2324/1098/2168 2345/1098/2183 2339/1098/2183
f 2324/1098/2168 2339/1098/2183 2318/1098/2162
f 2326/1098/2170 2346/1098/2184 2341/1098/2184
f 2326/1098/2170 2341/1098/2184 2320/1098/2164
f 2328/1098/2172 2347/1098/2183 2343/1098/2183
f 2328/1098/2172 2343/1098/2183 2322/1098/2166
f 2330/1098/2174 2348/1098/2183 2345/1098/2183
f 2330/1098/2174 2345/1098/2183 2324/1098/2168
f 2332/1098/2176 2349/1098/2185 2346/1098/2184
f 2332/1098/2176 2346/1098/2184 2326/1098/2170
f 2334/1098/2178 2350/1098/2183 2347/1098/2183
f 2334/1098/2178 2347/1098/2183 2328/1098/2172
f 2336/1098/2180 2351/1098/2183 2348/1098/2183
f 2336/1098/2180 2348/1098/2183 2330/1098/2174
f 2338/1098/2182 2352/1098/2185 2349/1098/2185
f 2338/1098/2182 2349/1098/2185 2332/1098/2176
f 2313/1098/2157 2353/1098/2183 2350/1098/2183
f 2313/1098/2157 2350/1098/2183 2334/1098/2178
f 2301/1098/2145 2354/1098/2183 2351/1098/2183
f 2301/1098/2145 2351/1098/2183 2336/1098/2180
f 2305/1098/2149 2355/1098/2183 2352/1098/2185
f 2305/1098/2149 2352/1098/2185 2338/1098/2182
f 2300/1098/2144 2356/1098/2183 2354/1098/2183
f 2300/1098/2144 2354/1098/2183 2301/1098/2145
f 2304/1098/2148 2357/1098/2183 2355/1098/2183
f 2304/1098/2148 2355/1098/2183 2305/1098/2149
f 2308/1098/2152 2358/1098/2183 2356/1098/2183
f 2308/1098/2152 2356/1098/2183 2300/1098/2144
f 2310/1098/2154 2340/1098/2183 2357/1098/2183
f 2310/1098/2154 2357/1098/2183 2304/1098/2148
f 2312/1098/2156 2342/1098/2183 2353/1098/2183
f 2312/1098/2156 2353/1098/2183 2313/1098/2157
f 2316/1098/2160 2344/1098/2183 2358/1098/2183
f 2316/1098/2160 2358/1098/2183 2308/1098/2152
f 2321/1098/2123 2280/1098/2123 2279/1098/2124
f 2321/1098/2123 2279/1098/2124 2327/1098/2124
f 2323/1098/2125 2282/1098/2125 2281/1098/2126
f 2323/1098/2125 2281/1098/2126 2329/1098/2126
f 2325/1098/2186 2284/1098/2127 2283/1098/2128
f 2325/1098/2186 2283/1098/2128 2331/1098/2187
f 2327/1098/2124 2279/1098/2124 2285/1098/2129
f 2327/1098/2124 2285/1098/2129 2333/1098/2129
f 2329/1098/2126 2281/1098/2126 2286/1098/2130
f 2329/1098/2126 2286/1098/2130 2335/1098/2130
f 2331/1098/2187 2283/1098/2128 2287/1098/2131
f 2331/1098/2187 2287/1098/2131 2337/1098/2188
f 2333/1098/2129 2285/1098/2129 2288/1098/2132
f 2333/1098/2129 2288/1098/2132 2314/1098/2132
f 2335/1098/2130 2286/1098/2130 2289/1098/2133
f 2335/1098/2130 2289/1098/2133 2302/1098/2133
f 2337/1098/2188 2287/1098/2131 2290/1098/2134
f 2337/1098/2188 2290/1098/2134 2306/1098/2134
f 2302/1098/2133 2289/1098/2133 2291/1098/2135
f 2302/1098/2133 2291/1098/2135 2299/1098/2135
f 2306/1098/2134 2290/1098/2134 2292/1098/2136
f 2306/1098/2134 2292/1098/2136 2303/1098/2136
f 2299/1098/2135 2291/1098/2135 2293/1098/2137
f 2299/1098/2135 2293/1098/2137 2307/1098/2137
f 2303/1098/2136 2292/1098/2136 2294/1098/2138
f 2303/1098/2136 2294/1098/2138 2309/1098/2138
f 2314/1098/2132 2288/1098/2132 2295/1098/2139
f 2314/1098/2132 2295/1098/2139 2311/1098/2139
f 2307/1098/2137 2293/1098/2137 2296/1098/2140
f 2307/1098/2137 2296/1098/2140 2315/1098/2140
f 2309/1098/2138 2294/1098/2138 2297/1098/2141
f 2309/1098/2138 2297/1098/2141 2317/1098/2141
f 2311/1098/2139 2295/1098/2139 2298/1098/2142
f 2311/1098/2139 2298/1098/2142 2319/1098/2189
f 2315/1098/2140 2296/1098/2140 2280/1098/2123
f 2315/1098/2140 2280/1098/2123 2321/1098/2123
f 2317/1098/2141 2297/1098/2141 2282/1098/2125
f 2317/1098/2141 2282/1098/2125 2323/1098/2125
f 2319/1098/2189 2298/1098/2142 2284/1098/2127
f 2319/1098/2189 2284/1098/2127 2325/1098/2186
f 2348/1098/2183 2339/1098/2183 2345/1098/2183
f 2339/1098/2183 2348/1098/2183 2351/1098/2183
f 2339/1098/2183 2351/1098/2183 2340/1098/2183
f 2340/1098/2183 2351/1098/2183 2354/1098/2183
f 2340/1098/2183 2354/1098/2183 2357/1098/2183
f 2357/1098/2183 2354/1098/2183 2356/1098/2183
f 2357/1098/2183 2356/1098/2183 2355/1098/2183
f 2355/1098/2183 2356/1098/2183 2358/1098/2183
f 2355/1098/2183 2358/1098/2183 2352/1098/2185
f 2352/1098/2185 2358/1098/2183 2344/1098/2183
f 2352/1098/2185 2344/1098/2183 2349/1098/2185
f 2349/1098/2185 2344/1098/2183 2343/1098/2183
f 2349/1098/2185 2343/1098/2183 2346/1098/2184
f 2346/1098/2184 2343/1098/2183 2347/1098/2183
f 2346/1098/2184 2347/1098/2183 2341/1098/2184
f 2341/1098/2184 2347/1098/2183 2350/1098/2183
f 2341/1098/2184 2350/1098/2183 2342/1098/2183
f 2342/1098/2183 2350/1098/2183 2353/1098/2183
s off
g _8
v -0.798926 0.348115 -1.6092
v -0.798926 0.27345 -1.59937
v -0.9569 0.27345 -1.59937
v -0.9569 0.348115 -1.6092
v -0.798926 0.203873 -1.57055
v -0.9569 0.203873 -1.57055
v -0.798926 0.144125 -1.52471
v -0.9569 0.144125 -1.52471
v -0.798926 0.0982797 -1.46496
v -0.9569 0.0982797 -1.46496
v -0.798926 0.0694598 -1.39538
v -0.9569 0.0694599 -1.39538
v -0.798926 0.05963 -1.32072
v -0.9569 0.05963 -1.32072
v -0.798926 0.0694599 -1.24605
v -0.9569 0.0694599 -1.24605
v -0.798926 0.0982797 -1.17647
v -0.9569 0.0982797 -1.17647
v -0.798926 0.144125 -1.11673
v -0.9569 0.144125 -1.11673
v -0.798926 0.203873 -1.07088
v -0.9569 0.203873 -1.07088
v -0.798926 0.27345 -1.04206
v -0.9569 0.27345 -1.04206
v -0.798926 0.348116 -1.03223
v -0.9569 0.348116 -1.03223
v -0.798926 0.422781 -1.04206
v -0.9569 0.422781 -1.04206
v -0.798926 0.492358 -1.07088
v -0.9569 0.492358 -1.07088
v -0.798926 0.552106 -1.11673
v -0.9569 0.552106 -1.11673
v -0.798926 0.597951 -1.17647
v -0.9569 0.597951 -1.17647
v -0.798926 0.626771 -1.24605
v -0.9569 0.626771 -1.24605
v -0.798926 0.636601 -1.32072
v -0.9569 0.636601 -1.32072
v -0.798926 0.626771 -1.39538
v -0.9569 0.626771 -1.39538
v -0.798926 0.597951 -1.46496
v -0.9569 0.597951 -1.46496
v -0.798926 0.552105 -1.52471
v -0.9569 0.552105 -1.52471
v -0.798926 0.492358 -1.57055
v -0.9569 0.492358 -1.57055
v -0.798926 0.422781 -1.59937
v -0.9569 0.422781 -1.59937
v -0.9569 0.348115 -1.58978
v -0.9569 0.278477 -1.58061
v -0.9569 0.213585 -1.55373
v -0.9569 0.157861 -1.51097
v -0.9569 0.115102 -1.45525
v -0.9569 0.0882224 -1.39035
v -0.9569 0.0790544 -1.32072
v -0.9569 0.0882224 -1.25108
v -0.9569 0.115102 -1.18618
v -0.9569 0.157861 -1.13046
v -0.9569 0.213585 -1.0877
v -0.9569 0.278477 -1.06082
v -0.9569 0.348116 -1.05165
v -0.9569 0.417754 -1.06082
v -0.9569 0.482646 -1.0877
v -0.9569 0.53837 -1.13046
v -0.9569 0.581129 -1.18618
v -0.9569 0.608009 -1.25108
v -0.9569 0.617177 -1.32072
v -0.9569 0.608009 -1.39035
v -0.9569 0.581129 -1.45525
v -0.9569 0.53837 -1.51097
v -0.9569 0.482646 -1.55373
v -0.9569 0.417754 -1.58061
v -0.896636 0.127365 -1.26157
v -0.896636 0.119578 -1.32072
v -0.940176 0.324757 -1.40789
v -0.9569 0.304469 -1.4836
v -0.896636 0.307735 -1.47142
v -0.881163 0.326505 -1.40137
v -0.915525 0.376215 -1.31319
v -0.858356 0.374113 -1.31375
v -0.858356 0.37503 -1.32072
v -0.915525 0.377206 -1.32072
v -0.896636 0.127365 -1.37987
v -0.940176 0.26094 -1.29736
v -0.915525 0.320016 -1.31319
v -0.858356 0.322118 -1.31375
v -0.881163 0.267463 -1.2991
v -0.896636 0.568866 -1.37987
v -0.896635 0.576653 -1.32072
v -0.940176 0.411932 -1.2569
v -0.915525 0.368686 -1.30015
v -0.858356 0.367147 -1.30168
v -0.881163 0.407157 -1.26167
v -0.940176 0.371474 -1.23354
v -0.9569 0.391762 -1.15783
v -0.896636 0.388496 -1.17001
v -0.881163 0.369726 -1.24006
v -0.915525 0.320016 -1.32824
v -0.940176 0.26094 -1.34407
v -0.881163 0.267463 -1.34233
v -0.858356 0.322118 -1.32768
v -0.940176 0.284299 -1.38453
v -0.915525 0.327545 -1.34129
v -0.858356 0.329084 -1.33975
v -0.881163 0.289073 -1.37976
v -0.915525 0.33357 -1.34591
v -0.858356 0.334658 -1.34402
v -0.896636 0.568866 -1.26157
v -0.915525 0.340586 -1.34881
v -0.858356 0.34115 -1.34671
v -0.940176 0.435291 -1.29736
v -0.881163 0.428768 -1.2991
v -0.940176 0.435291 -1.34407
v -0.915525 0.376215 -1.32824
v -0.858356 0.374113 -1.32768
v -0.881163 0.428768 -1.34233
v -0.915525 0.362661 -1.29552
v -0.858356 0.361573 -1.29741
v -0.9569 0.304469 -1.15783
v -0.896636 0.307735 -1.17001
v -0.896636 0.288966 -1.09996
v -0.896636 0.186515 -1.48232
v -0.896636 0.233846 -1.51864
v -0.915525 0.355645 -1.29262
v -0.858356 0.355081 -1.29472
v -0.9569 0.391762 -1.4836
v -0.896636 0.388496 -1.47142
v -0.896636 0.407265 -1.54147
v -0.896636 0.288965 -1.54147
v -0.896636 0.509716 -1.15911
v -0.896636 0.462384 -1.1228
v -0.940176 0.284299 -1.2569
v -0.9569 0.228872 -1.20147
v -0.896636 0.237794 -1.21039
v -0.881163 0.289074 -1.26167
v -0.896636 0.407265 -1.09996
v -0.9569 0.467359 -1.20147
v -0.896636 0.458437 -1.21039
v -0.915525 0.368686 -1.34129
v -0.940176 0.411932 -1.38453
v -0.881163 0.407157 -1.37976
v -0.858356 0.367147 -1.33975
v -0.858356 0.321201 -1.32072
v -0.915525 0.319025 -1.32072
v -0.896636 0.462384 -1.51864
v -0.896636 0.509716 -1.48232
v -0.9569 0.228872 -1.43996
v -0.896636 0.237794 -1.43104
v -0.915525 0.327545 -1.30015
v -0.858356 0.329084 -1.30168
v -0.9569 0.511005 -1.27707
v -0.896636 0.498817 -1.28034
v -0.896636 0.233847 -1.1228
v -0.896636 0.186515 -1.15911
v -0.858356 0.361573 -1.34402
v -0.915525 0.362661 -1.34591
v -0.9569 0.185226 -1.36436
v -0.896636 0.197414 -1.3611
v -0.9569 0.511005 -1.36436
v -0.896636 0.498817 -1.3611
v -0.858356 0.355081 -1.34671
v -0.915525 0.355645 -1.34881
v -0.858356 0.334658 -1.29741
v -0.915525 0.33357 -1.29552
v -0.9569 0.185226 -1.27707
v -0.896636 0.197414 -1.28033
v -0.858356 0.34115 -1.29472
v -0.915525 0.340586 -1.29262
v -0.9569 0.467359 -1.43996
v -0.896636 0.458437 -1.43104
v -0.940176 0.371474 -1.40789
v -0.881163 0.369726 -1.40137
v -0.940176 0.324757 -1.23354
v -0.881163 0.326505 -1.24006
v -0.9569 0.348115 -1.48935
v -0.9569 0.202073 -1.40503
v -0.9569 0.202073 -1.2364
v -0.9569 0.348116 -1.15208
v -0.9569 0.494158 -1.2364
v -0.9569 0.494158 -1.40503
v -0.915525 0.348115 -1.34981
v -0.940176 0.348115 -1.41097
v -0.940176 0.269956 -1.36584
v -0.915525 0.322922 -1.33526
v -0.940176 0.269956 -1.27559
v -0.915525 0.322922 -1.30617
v -0.940176 0.348116 -1.23046
v -0.915525 0.348116 -1.29162
v -0.940176 0.426275 -1.27559
v -0.915525 0.373309 -1.30617
v -0.940176 0.426275 -1.36584
v -0.915525 0.373309 -1.33526
vn 1.23371e-09 -6.72384e-08 -1
vn -3.70113e-09 -0.258819 -0.965926
vn 0 -0.5 -0.866025
vn -3.94787e-08 -0.707107 -0.707107
vn -3.94788e-08 -0.866026 -0.5
vn -7.89575e-08 -0.965926 -0.258819
vn -1.57915e-07 -1 1.62921e-07
vn -7.89575e-08 -0.965926 0.258819
vn -3.94788e-08 -0.866025 0.5
vn -3.94787e-08 -0.707107 0.707107
vn 0 -0.5 0.866026
vn -3.70113e-09 -0.258819 0.965926
vn 1.23371e-09 2.58603e-07 1
vn 2.46742e-08 0.258819 0.965926
vn 1.97394e-08 0.5 0.866025
vn 3.94788e-08 0.707107 0.707107
vn 1.18436e-07 0.866026 0.5
vn 7.89575e-08 0.965926 0.258819
vn 0 1 -1.62921e-07
vn 7.89575e-08 0.965926 -0.258819
vn 1.18436e-07 0.866025 -0.5
vn 3.94788e-08 0.707107 -0.707107
vn 1.97394e-08 0.5 -0.866026
vn 2.46742e-08 0.258819 -0.965926
vn -1 -1.30275e-07 3.41599e-07
vn -1 2.8046e-07 -5.8145e-07
vn -0.5547 0.824932 -0.108604
vn -0.558 0.829841 -1.30638e-07
vn 0.0377207 0.990739 0.130434
vn 0.0380457 0.999276 5.52544e-07
vn -0.554699 0.824933 0.108604
vn -0.5547 -0.824932 0.108605
vn -0.558 -0.829841 1.57997e-07
vn 0.0380456 -0.499639 -0.865398
vn 0.0377206 -0.608328 -0.792789
vn -0.5547 -0.824932 -0.108605
vn 0.0377206 -0.382413 -0.923221
vn 0.0380458 0.499639 0.865398
vn 0.0377207 0.608328 0.792789
vn -0.554699 0.506521 0.66011
vn -0.558 0.414921 0.718663
vn 0.0377208 0.382413 0.923221
vn -0.554699 0.318412 0.768715
vn -0.5547 -0.506521 -0.66011
vn -0.558 -0.414921 -0.718663
vn -0.5547 -0.318412 -0.768714
vn 0.0377207 0.990739 -0.130433
vn 0.0377207 -0.990739 -0.130433
vn 0.0380457 -0.999276 -2.52099e-07
vn -0.558 -0.41492 0.718664
vn -0.554699 -0.506521 0.66011
vn 0.0377207 -0.990739 0.130433
vn -0.554699 -0.318412 0.768715
vn -0.558 0.41492 -0.718663
vn -0.5547 0.50652 -0.66011
vn 0.0377206 0.608328 -0.792789
vn 0.0380456 0.499638 -0.865398
vn -0.5547 0.318412 -0.768715
vn 0.0377206 0.382412 -0.923222
vn 0.0377207 -0.608328 0.792789
vn 0.0380458 -0.499638 0.865398
vn 0.0377208 -0.382412 0.923222
vn -0.995357 -5.96051e-08 0.0962503
vn -0.995277 0.0126705 0.0962426
vn -0.995277 0.0770136 0.059094
vn -0.995357 0.0833555 0.0481251
vn -0.995277 0.0896841 0.0371484
vn -0.995277 0.089684 -0.0371485
vn -0.995357 0.0833555 -0.0481252
vn -0.995277 0.0770135 -0.0590941
vn -0.995277 0.0126705 -0.0962426
vn -0.995357 -5.32115e-08 -0.0962503
vn -0.995277 -0.0126706 -0.0962426
vn -0.995277 -0.077013 -0.0590944
vn -0.995357 -0.0833549 -0.0481252
vn -0.995277 -0.0896835 -0.0371482
vn -0.995277 -0.0896835 0.0371482
vn -0.995357 -0.0833549 0.0481252
vn -0.995277 -0.077013 0.0590945
vn -0.995277 -0.0126707 0.0962426
vn -0.978637 -5.86325e-08 0.205598
vn -0.958308 -4.91306e-08 0.285736
vn -0.957631 0.0375912 0.285534
vn -0.989889 0.0185144 0.140632
vn -0.989889 0.112533 0.0863496
vn -0.957631 0.228484 0.175322
vn -0.958308 0.247455 0.142868
vn -0.978637 0.178053 0.102799
vn -0.957631 0.266075 0.110212
vn -0.989889 0.131047 0.0542818
vn -0.989889 0.131048 -0.0542819
vn -0.957631 0.266075 -0.110212
vn -0.958308 0.247455 -0.142868
vn -0.978637 0.178053 -0.102799
vn -0.957631 0.228484 -0.175322
vn -0.989889 0.112533 -0.0863497
vn -0.989889 0.0185145 -0.140631
vn -0.957631 0.0375913 -0.285534
vn -0.958308 4.61591e-08 -0.285736
vn -0.978637 3.19636e-08 -0.205598
vn -0.957631 -0.0375912 -0.285534
vn -0.989889 -0.0185144 -0.140631
vn -0.989889 -0.112533 -0.0863497
vn -0.957631 -0.228484 -0.175322
vn -0.958308 -0.247455 -0.142868
vn -0.978637 -0.178053 -0.102799
vn -0.957631 -0.266075 -0.110212
vn -0.989889 -0.131048 -0.0542818
vn -0.989889 -0.131048 0.054282
vn -0.957631 -0.266075 0.110212
vn -0.958308 -0.247455 0.142868
vn -0.978637 -0.178053 0.102799
vn -0.957631 -0.228484 0.175322
vn -0.989889 -0.112533 0.0863496
vn -0.989889 -0.0185145 0.140631
vn -0.957631 -0.0375913 0.285534
vn 1 -1.0601e-07 1.72713e-14
vt 1 -0.8631
vt 0.958333 -0.8631
vt 0.958333 -1
vt 1 -1
vt 0.916667 -0.8631
vt 0.916667 -1
vt 0.875 -0.8631
vt 0.875 -1
vt 0.833333 -0.8631
vt 0.833333 -1
vt 0.791667 -0.8631
vt 0.791667 -1
vt 0.75 -0.8631
vt 0.75 -1
vt 0.708333 -0.8631
vt 0.708333 -1
vt 0.666667 -0.8631
vt 0.666667 -1
vt 0.625 -0.8631
vt 0.625 -1
vt 0.583333 -0.8631
vt 0.583333 -1
vt 0.541666 -0.8631
vt 0.541666 -1
vt 0.5 -0.8631
vt 0.5 -1
vt 0.458333 -0.8631
vt 0.458333 -1
vt 0.416666 -0.8631
vt 0.416666 -1
vt 0.375 -0.8631
vt 0.375 -1
vt 0.333333 -0.8631
vt 0.333333 -1
vt 0.291667 -0.8631
vt 0.291667 -1
vt 0.25 -0.8631
vt 0.25 -1
vt 0.208333 -0.8631
vt 0.208333 -1
vt 0.166666 -0.8631
vt 0.166666 -1
vt 0.125 -0.8631
vt 0.125 -1
vt 0.0833331 -0.8631
vt 0.0833331 -1
vt 0.0416665 -0.8631
vt 0.0416665 -1
vt -1.86265e-07 -0.8631
vt -1.86265e-07 -1
vt 0.25 -0.455504
vt 0.25 -0.49
vt 0.312117 -0.481822
vt 0.303188 -0.448502
vt 0.37 -0.457846
vt 0.352752 -0.427972
vt 0.419706 -0.419706
vt 0.395313 -0.395313
vt 0.457846 -0.37
vt 0.427972 -0.352752
vt 0.481822 -0.312117
vt 0.448502 -0.303188
vt 0.49 -0.25
vt 0.455504 -0.25
vt 0.481822 -0.187883
vt 0.448502 -0.196812
vt 0.457846 -0.13
vt 0.427972 -0.147248
vt 0.419706 -0.0802944
vt 0.395313 -0.104687
vt 0.37 -0.042154
vt 0.352752 -0.0720285
vt 0.312117 -0.0181777
vt 0.303188 -0.0514985
vt 0.25 -0.00999999
vt 0.25 -0.0444962
vt 0.187883 -0.0181777
vt 0.196812 -0.0514985
vt 0.13 -0.042154
vt 0.147248 -0.0720284
vt 0.0802944 -0.0802944
vt 0.104687 -0.104687
vt 0.0421539 -0.13
vt 0.0720285 -0.147248
vt 0.0181778 -0.187883
vt 0.0514985 -0.196812
vt 0.01 -0.25
vt 0.0444961 -0.25
vt 0.0181778 -0.312117
vt 0.0514985 -0.303188
vt 0.0421539 -0.37
vt 0.0720285 -0.352752
vt 0.0802944 -0.419706
vt 0.104687 -0.395313
vt 0.13 -0.457846
vt 0.147248 -0.427972
vt 0.187883 -0.481822
vt 0.196812 -0.448502
vt 0.269433 -0.322524
vt 0.286311 -0.385513
vt 0.226623 -0.243736
vt 0.225799 -0.25
vt 0.322524 -0.230567
vt 0.273377 -0.243736
vt 0.196909 -0.196909
vt 0.232887 -0.232887
vt 0.230567 -0.177476
vt 0.21369 -0.114487
vt 0.273377 -0.256264
vt 0.322524 -0.269433
vt 0.303091 -0.303091
vt 0.267113 -0.267113
vt 0.262101 -0.270959
vt 0.256264 -0.273377
vt 0.177476 -0.230567
vt 0.177476 -0.269433
vt 0.226623 -0.256264
vt 0.237899 -0.229041
vt 0.286311 -0.114487
vt 0.243736 -0.226623
vt 0.21369 -0.385513
vt 0.303091 -0.196909
vt 0.349202 -0.150798
vt 0.150798 -0.150798
vt 0.232887 -0.267113
vt 0.196909 -0.303091
vt 0.274202 -0.25
vt 0.349202 -0.349202
vt 0.267113 -0.232887
vt 0.114487 -0.21369
vt 0.237899 -0.270959
vt 0.385513 -0.286311
vt 0.114487 -0.286311
vt 0.243736 -0.273377
vt 0.262101 -0.229041
vt 0.385513 -0.21369
vt 0.256264 -0.226623
vt 0.150798 -0.349202
vt 0.230567 -0.322524
vt 0.269433 -0.177476
vt 0.25 -0.390293
vt 0.371497 -0.320147
vt 0.371497 -0.179853
vt 0.25 -0.109707
vt 0.128503 -0.179853
vt 0.128503 -0.320147
vt 0.25 -0.274202
vt 0.25 -0.325082
vt 0.315023 -0.287541
vt 0.270959 -0.262101
vt 0.315023 -0.212459
vt 0.270959 -0.237899
vt 0.25 -0.174918
vt 0.25 -0.225799
vt 0.184977 -0.212459
vt 0.229041 -0.237899
vt 0.184977 -0.287541
vt 0.229041 -0.262101
vt 0.812117 -0.0181777
vt 0.687883 -0.0181777
vt 0.75 -0.00999999
vt 0.87 -0.042154
vt 0.63 -0.042154
vt 0.919706 -0.0802944
vt 0.580294 -0.0802944
vt 0.957846 -0.13
vt 0.542154 -0.13
vt 0.981822 -0.187883
vt 0.518178 -0.187883
vt 0.99 -0.25
vt 0.51 -0.25
vt 0.981822 -0.312117
vt 0.518178 -0.312117
vt 0.957846 -0.37
vt 0.542154 -0.37
vt 0.919706 -0.419706
vt 0.580294 -0.419706
vt 0.87 -0.457846
vt 0.63 -0.457846
vt 0.812117 -0.481822
vt 0.687883 -0.481822
vt 0.75 -0.49
usemtl Rims
f 2359/1099/2190 2360/1100/2191 2361/1101/2191
f 2359/1099/2190 2361/1101/2191 2362/1102/2190
f 2360/1100/2191 2363/1103/2192 2364/1104/2192
f 2360/1100/2191 2364/1104/2192 2361/1101/2191
f 2363/1103/2192 2365/1105/2193 2366/1106/2193
f 2363/1103/2192 2366/1106/2193 2364/1104/2192
f 2365/1105/2193 2367/1107/2194 2368/1108/2194
f 2365/1105/2193 2368/1108/2194 2366/1106/2193
f 2367/1107/2194 2369/1109/2195 2370/1110/2195
f 2367/1107/2194 2370/1110/2195 2368/1108/2194
f 2369/1109/2195 2371/1111/2196 2372/1112/2196
f 2369/1109/2195 2372/1112/2196 2370/1110/2195
f 2371/1111/2196 2373/1113/2197 2374/1114/2197
f 2371/1111/2196 2374/1114/2197 2372/1112/2196
f 2373/1113/2197 2375/1115/2198 2376/1116/2198
f 2373/1113/2197 2376/1116/2198 2374/1114/2197
f 2375/1115/2198 2377/1117/2199 2378/1118/2199
f 2375/1115/2198 2378/1118/2199 2376/1116/2198
f 2377/1117/2199 2379/1119/2200 2380/1120/2200
f 2377/1117/2199 2380/1120/2200 2378/1118/2199
f 2379/1119/2200 2381/1121/2201 2382/1122/2201
f 2379/1119/2200 2382/1122/2201 2380/1120/2200
f 2381/1121/2201 2383/1123/2202 2384/1124/2202
f 2381/1121/2201 2384/1124/2202 2382/1122/2201
f 2383/1123/2202 2385/1125/2203 2386/1126/2203
f 2383/1123/2202 2386/1126/2203 2384/1124/2202
f 2385/1125/2203 2387/1127/2204 2388/1128/2204
f 2385/1125/2203 2388/1128/2204 2386/1126/2203
f 2387/1127/2204 2389/1129/2205 2390/1130/2205
f 2387/1127/2204 2390/1130/2205 2388/1128/2204
f 2389/1129/2205 2391/1131/2206 2392/1132/2206
f 2389/1129/2205 2392/1132/2206 2390/1130/2205
f 2391/1131/2206 2393/1133/2207 2394/1134/2207
f 2391/1131/2206 2394/1134/2207 2392/1132/2206
f 2393/1133/2207 2395/1135/2208 2396/1136/2208
f 2393/1133/2207 2396/1136/2208 2394/1134/2207
f 2395/1135/2208 2397/1137/2209 2398/1138/2209
f 2395/1135/2208 2398/1138/2209 2396/1136/2208
f 2397/1137/2209 2399/1139/2210 2400/1140/2210
f 2397/1137/2209 2400/1140/2210 2398/1138/2209
f 2399/1139/2210 2401/1141/2211 2402/1142/2211
f 2399/1139/2210 2402/1142/2211 2400/1140/2210
f 2401/1141/2211 2403/1143/2212 2404/1144/2212
f 2401/1141/2211 2404/1144/2212 2402/1142/2211
f 2403/1143/2212 2405/1145/2213 2406/1146/2213
f 2403/1143/2212 2406/1146/2213 2404/1144/2212
f 2405/1145/2213 2359/1147/2190 2362/1148/2190
f 2405/1145/2213 2362/1148/2190 2406/1146/2213
f 2407/1149/2214 2362/1150/2214 2361/1151/2214
f 2407/1149/2214 2361/1151/2214 2408/1152/2214
f 2408/1152/2214 2361/1151/2214 2364/1153/2214
f 2408/1152/2214 2364/1153/2214 2409/1154/2214
f 2409/1154/2214 2364/1153/2214 2366/1155/2214
f 2409/1154/2214 2366/1155/2214 2410/1156/2214
f 2410/1156/2214 2366/1155/2214 2368/1157/2214
f 2410/1156/2214 2368/1157/2214 2411/1158/2214
f 2411/1158/2214 2368/1157/2214 2370/1159/2214
f 2411/1158/2214 2370/1159/2214 2412/1160/2214
f 2412/1160/2214 2370/1159/2214 2372/1161/2214
f 2412/1160/2214 2372/1161/2214 2413/1162/2214
f 2413/1162/2214 2372/1161/2214 2374/1163/2214
f 2413/1162/2214 2374/1163/2214 2414/1164/2214
f 2414/1164/2214 2374/1163/2214 2376/1165/2214
f 2414/1164/2214 2376/1165/2214 2415/1166/2214
f 2415/1166/2214 2376/1165/2214 2378/1167/2214
f 2415/1166/2214 2378/1167/2214 2416/1168/2214
f 2416/1168/2214 2378/1167/2214 2380/1169/2214
f 2416/1168/2214 2380/1169/2214 2417/1170/2214
f 2417/1170/2214 2380/1169/2214 2382/1171/2214
f 2417/1170/2214 2382/1171/2214 2418/1172/2214
f 2418/1172/2214 2382/1171/2214 2384/1173/2214
f 2418/1172/2214 2384/1173/2214 2419/1174/2214
f 2419/1174/2214 2384/1173/2214 2386/1175/2214
f 2419/1174/2214 2386/1175/2214 2420/1176/2214
f 2420/1176/2214 2386/1175/2214 2388/1177/2214
f 2420/1176/2214 2388/1177/2214 2421/1178/2214
f 2421/1178/2214 2388/1177/2214 2390/1179/2214
f 2421/1178/2214 2390/1179/2214 2422/1180/2214
f 2422/1180/2214 2390/1179/2214 2392/1181/2215
f 2422/1180/2214 2392/1181/2215 2423/1182/2214
f 2423/1182/2214 2392/1181/2215 2394/1183/2214
f 2423/1182/2214 2394/1183/2214 2424/1184/2214
f 2424/1184/2214 2394/1183/2214 2396/1185/2214
f 2424/1184/2214 2396/1185/2214 2425/1186/2214
f 2425/1186/2214 2396/1185/2214 2398/1187/2214
f 2425/1186/2214 2398/1187/2214 2426/1188/2214
f 2426/1188/2214 2398/1187/2214 2400/1189/2214
f 2426/1188/2214 2400/1189/2214 2427/1190/2214
f 2427/1190/2214 2400/1189/2214 2402/1191/2214
f 2427/1190/2214 2402/1191/2214 2428/1192/2214
f 2428/1192/2214 2402/1191/2214 2404/1193/2214
f 2428/1192/2214 2404/1193/2214 2429/1194/2214
f 2429/1194/2214 2404/1193/2214 2406/1195/2214
f 2429/1194/2214 2406/1195/2214 2430/1196/2214
f 2430/1196/2214 2406/1195/2214 2362/1150/2214
f 2430/1196/2214 2362/1150/2214 2407/1149/2214
f 2414/1164/2216 2431/1164/2216 2432/1162/2217
f 2414/1164/2216 2432/1162/2217 2413/1162/2217
f 2433/1197/2197 2434/1198/2197 2435/1198/2197
f 2433/1197/2197 2435/1198/2197 2436/1197/2197
f 2437/1199/2218 2438/1199/2218 2439/1200/2219
f 2437/1199/2218 2439/1200/2219 2440/1200/2219
f 2413/1162/2217 2432/1162/2217 2441/1160/2220
f 2413/1162/2217 2441/1160/2220 2412/1160/2220
f 2442/1201/2191 2443/1202/2191 2444/1202/2191
f 2442/1201/2191 2444/1202/2191 2445/1201/2191
f 2426/1188/2221 2446/1188/2221 2447/1186/2222
f 2426/1188/2221 2447/1186/2222 2425/1186/2222
f 2448/1203/2199 2449/1204/2199 2450/1204/2199
f 2448/1203/2199 2450/1204/2199 2451/1203/2199
f 2452/1205/2209 2453/1206/2209 2454/1206/2209
f 2452/1205/2209 2454/1206/2209 2455/1205/2209
f 2456/1207/2201 2457/1208/2201 2458/1208/2201
f 2456/1207/2201 2458/1208/2201 2459/1207/2201
f 2460/1209/2211 2461/1210/2211 2462/1210/2211
f 2460/1209/2211 2462/1210/2211 2463/1209/2211
f 2464/1211/2223 2465/1211/2223 2462/1210/2224
f 2464/1211/2223 2462/1210/2224 2461/1210/2224
f 2425/1186/2222 2447/1186/2222 2466/1184/2225
f 2425/1186/2222 2466/1184/2225 2424/1184/2225
f 2467/1212/2226 2468/1212/2226 2465/1211/2223
f 2467/1212/2226 2465/1211/2223 2464/1211/2223
f 2437/1199/2213 2469/1213/2213 2470/1213/2213
f 2437/1199/2213 2470/1213/2213 2438/1199/2213
f 2471/1214/2203 2472/1215/2203 2473/1215/2203
f 2471/1214/2203 2473/1215/2203 2474/1214/2203
f 2475/1216/2227 2476/1216/2227 2450/1204/2228
f 2475/1216/2227 2450/1204/2228 2449/1204/2228
f 2418/1172/2195 2477/1217/2195 2478/1217/2195
f 2418/1172/2195 2478/1217/2195 2479/1172/2195
f 2410/1156/2229 2480/1156/2229 2481/1154/2230
f 2410/1156/2229 2481/1154/2230 2409/1154/2230
f 2482/1218/2231 2483/1218/2231 2476/1216/2227
f 2482/1218/2231 2476/1216/2227 2475/1216/2227
f 2430/1196/2207 2484/1219/2207 2485/1219/2207
f 2430/1196/2207 2485/1219/2207 2486/1196/2207
f 2409/1154/2230 2481/1154/2230 2487/1152/2232
f 2409/1154/2230 2487/1152/2232 2408/1152/2232
f 2422/1180/2233 2488/1180/2233 2489/1178/2234
f 2422/1180/2233 2489/1178/2234 2421/1178/2234
f 2490/1220/2205 2491/1221/2205 2492/1221/2205
f 2490/1220/2205 2492/1221/2205 2493/1220/2205
f 2467/1212/2197 2433/1197/2197 2436/1197/2197
f 2467/1212/2197 2436/1197/2197 2468/1212/2197
f 2421/1178/2234 2489/1178/2234 2494/1176/2235
f 2421/1178/2234 2494/1176/2235 2420/1176/2235
f 2422/1180/2199 2495/1222/2199 2496/1222/2199
f 2422/1180/2199 2496/1222/2199 2488/1180/2199
f 2440/1200/2219 2439/1200/2219 2473/1215/2236
f 2440/1200/2219 2473/1215/2236 2472/1215/2236
f 2497/1223/2193 2498/1224/2193 2499/1224/2193
f 2497/1223/2193 2499/1224/2193 2500/1223/2193
f 2456/1207/2237 2459/1207/2237 2501/1225/2238
f 2456/1207/2237 2501/1225/2238 2502/1225/2238
f 2429/1194/2239 2503/1194/2239 2504/1192/2240
f 2429/1194/2239 2504/1192/2240 2428/1192/2240
f 2410/1156/2211 2505/1226/2211 2506/1226/2211
f 2410/1156/2211 2506/1226/2211 2480/1156/2211
f 2502/1225/2238 2501/1225/2238 2444/1202/2241
f 2502/1225/2238 2444/1202/2241 2443/1202/2241
f 2507/1227/2205 2490/1220/2205 2493/1220/2205
f 2507/1227/2205 2493/1220/2205 2508/1227/2205
f 2469/1213/2213 2509/1228/2213 2510/1228/2213
f 2469/1213/2213 2510/1228/2213 2470/1213/2213
f 2430/1196/2242 2486/1196/2242 2503/1194/2239
f 2430/1196/2242 2503/1194/2239 2429/1194/2239
f 2417/1170/2243 2511/1170/2243 2512/1168/2244
f 2417/1170/2243 2512/1168/2244 2416/1168/2244
f 2497/1223/2245 2500/1223/2245 2513/1229/2246
f 2497/1223/2245 2513/1229/2246 2514/1229/2246
f 2457/1208/2201 2515/1230/2201 2516/1230/2201
f 2457/1208/2201 2516/1230/2201 2458/1208/2201
f 2418/1172/2247 2479/1172/2247 2511/1170/2243
f 2418/1172/2247 2511/1170/2243 2417/1170/2243
f 2426/1188/2203 2517/1231/2203 2518/1231/2203
f 2426/1188/2203 2518/1231/2203 2446/1188/2203
f 2514/1229/2246 2513/1229/2246 2519/1232/2248
f 2514/1229/2246 2519/1232/2248 2520/1232/2248
f 2507/1227/2249 2508/1227/2249 2521/1233/2250
f 2507/1227/2249 2521/1233/2250 2522/1233/2250
f 2414/1164/2191 2523/1234/2191 2524/1234/2191
f 2414/1164/2191 2524/1234/2191 2431/1164/2191
f 2522/1233/2250 2521/1233/2250 2525/1235/2251
f 2522/1233/2250 2525/1235/2251 2526/1235/2251
f 2482/1218/2209 2452/1205/2209 2455/1205/2209
f 2482/1218/2209 2455/1205/2209 2483/1218/2209
f 2498/1224/2193 2527/1236/2193 2528/1236/2193
f 2498/1224/2193 2528/1236/2193 2499/1224/2193
f 2523/1234/2191 2442/1201/2191 2445/1201/2191
f 2523/1234/2191 2445/1201/2191 2524/1234/2191
f 2517/1231/2203 2471/1214/2203 2474/1214/2203
f 2517/1231/2203 2474/1214/2203 2518/1231/2203
f 2505/1226/2211 2460/1209/2211 2463/1209/2211
f 2505/1226/2211 2463/1209/2211 2506/1226/2211
f 2495/1222/2199 2448/1203/2199 2451/1203/2199
f 2495/1222/2199 2451/1203/2199 2496/1222/2199
f 2484/1219/2207 2529/1237/2207 2530/1237/2207
f 2484/1219/2207 2530/1237/2207 2485/1219/2207
f 2477/1217/2195 2531/1238/2195 2532/1238/2195
f 2477/1217/2195 2532/1238/2195 2478/1217/2195
f 2533/1239/2252 2407/1149/2214 2408/1152/2214
f 2533/1239/2252 2408/1152/2214 2434/1198/2253
f 2505/1226/2254 2410/1156/2214 2411/1158/2214
f 2505/1226/2254 2411/1158/2214 2534/1240/2255
f 2534/1240/2255 2411/1158/2214 2412/1160/2214
f 2534/1240/2255 2412/1160/2214 2515/1230/2256
f 2523/1234/2257 2414/1164/2214 2415/1166/2214
f 2523/1234/2257 2415/1166/2214 2535/1241/2258
f 2535/1241/2258 2415/1166/2214 2416/1168/2214
f 2535/1241/2258 2416/1168/2214 2491/1221/2259
f 2477/1217/2260 2418/1172/2214 2419/1174/2214
f 2477/1217/2260 2419/1174/2214 2536/1242/2261
f 2536/1242/2261 2419/1174/2214 2420/1176/2214
f 2536/1242/2261 2420/1176/2214 2453/1206/2262
f 2495/1222/2263 2422/1180/2214 2423/1182/2214
f 2495/1222/2263 2423/1182/2214 2537/1243/2264
f 2537/1243/2264 2423/1182/2214 2424/1184/2214
f 2537/1243/2264 2424/1184/2214 2509/1228/2265
f 2517/1231/2266 2426/1188/2214 2427/1190/2214
f 2517/1231/2266 2427/1190/2214 2538/1244/2267
f 2538/1244/2267 2427/1190/2214 2428/1192/2214
f 2538/1244/2267 2428/1192/2214 2527/1236/2268
f 2484/1219/2269 2430/1196/2214 2407/1149/2214
f 2484/1219/2269 2407/1149/2214 2533/1239/2252
f 2539/1245/2270 2540/1246/2271 2433/1197/2272
f 2539/1245/2270 2433/1197/2272 2467/1212/2273
f 2461/1210/2274 2460/1209/2275 2541/1247/2276
f 2461/1210/2274 2541/1247/2276 2542/1248/2277
f 2542/1248/2277 2541/1247/2276 2457/1208/2278
f 2542/1248/2277 2457/1208/2278 2456/1207/2279
f 2443/1202/2280 2442/1201/2281 2543/1249/2282
f 2443/1202/2280 2543/1249/2282 2544/1250/2283
f 2544/1250/2283 2543/1249/2282 2490/1220/2284
f 2544/1250/2283 2490/1220/2284 2507/1227/2285
f 2526/1235/2286 2531/1238/2287 2545/1251/2288
f 2526/1235/2286 2545/1251/2288 2546/1252/2289
f 2546/1252/2289 2545/1251/2288 2452/1205/2290
f 2546/1252/2289 2452/1205/2290 2482/1218/2291
f 2449/1204/2292 2448/1203/2293 2547/1253/2294
f 2449/1204/2292 2547/1253/2294 2548/1254/2295
f 2548/1254/2295 2547/1253/2294 2469/1213/2296
f 2548/1254/2295 2469/1213/2296 2437/1199/2297
f 2472/1215/2298 2471/1214/2299 2549/1255/2300
f 2472/1215/2298 2549/1255/2300 2550/1256/2301
f 2550/1256/2301 2549/1255/2300 2498/1224/2302
f 2550/1256/2301 2498/1224/2302 2497/1223/2303
f 2520/1232/2304 2529/1237/2305 2540/1246/2271
f 2520/1232/2304 2540/1246/2271 2539/1245/2270
f 2529/1237/2305 2484/1219/2269 2533/1239/2252
f 2529/1237/2305 2533/1239/2252 2540/1246/2271
f 2549/1255/2300 2538/1244/2267 2527/1236/2268
f 2549/1255/2300 2527/1236/2268 2498/1224/2302
f 2471/1214/2299 2517/1231/2266 2538/1244/2267
f 2471/1214/2299 2538/1244/2267 2549/1255/2300
f 2547/1253/2294 2537/1243/2264 2509/1228/2265
f 2547/1253/2294 2509/1228/2265 2469/1213/2296
f 2448/1203/2293 2495/1222/2263 2537/1243/2264
f 2448/1203/2293 2537/1243/2264 2547/1253/2294
f 2545/1251/2288 2536/1242/2261 2453/1206/2262
f 2545/1251/2288 2453/1206/2262 2452/1205/2290
f 2531/1238/2287 2477/1217/2260 2536/1242/2261
f 2531/1238/2287 2536/1242/2261 2545/1251/2288
f 2543/1249/2282 2535/1241/2258 2491/1221/2259
f 2543/1249/2282 2491/1221/2259 2490/1220/2284
f 2442/1201/2281 2523/1234/2257 2535/1241/2258
f 2442/1201/2281 2535/1241/2258 2543/1249/2282
f 2541/1247/2276 2534/1240/2255 2515/1230/2256
f 2541/1247/2276 2515/1230/2256 2457/1208/2278
f 2460/1209/2275 2505/1226/2254 2534/1240/2255
f 2460/1209/2275 2534/1240/2255 2541/1247/2276
f 2540/1246/2271 2533/1239/2252 2434/1198/2253
f 2540/1246/2271 2434/1198/2253 2433/1197/2272
f 2529/1237/2207 2520/1232/2207 2519/1232/2207
f 2529/1237/2207 2519/1232/2207 2530/1237/2207
f 2531/1238/2195 2526/1235/2195 2525/1235/2195
f 2531/1238/2195 2525/1235/2195 2532/1238/2195
f 2527/1236/2193 2428/1192/2193 2504/1192/2193
f 2527/1236/2193 2504/1192/2193 2528/1236/2193
f 2515/1230/2201 2412/1160/2201 2441/1160/2201
f 2515/1230/2201 2441/1160/2201 2516/1230/2201
f 2509/1228/2213 2424/1184/2213 2466/1184/2213
f 2509/1228/2213 2466/1184/2213 2510/1228/2213
f 2491/1221/2205 2416/1168/2205 2512/1168/2205
f 2491/1221/2205 2512/1168/2205 2492/1221/2205
f 2453/1206/2209 2420/1176/2209 2494/1176/2209
f 2453/1206/2209 2494/1176/2209 2454/1206/2209
f 2434/1198/2197 2408/1152/2197 2487/1152/2197
f 2434/1198/2197 2487/1152/2197 2435/1198/2197
f 2482/1218/2291 2526/1235/2286 2546/1252/2289
f 2526/1235/2286 2482/1218/2291 2475/1216/2214
f 2526/1235/2286 2475/1216/2214 2522/1233/2214
f 2522/1233/2214 2475/1216/2214 2449/1204/2292
f 2522/1233/2214 2449/1204/2292 2507/1227/2285
f 2507/1227/2285 2449/1204/2292 2548/1254/2295
f 2507/1227/2285 2548/1254/2295 2544/1250/2283
f 2544/1250/2283 2548/1254/2295 2437/1199/2297
f 2544/1250/2283 2437/1199/2297 2443/1202/2280
f 2443/1202/2280 2437/1199/2297 2502/1225/2214
f 2502/1225/2214 2437/1199/2297 2440/1200/2214
f 2502/1225/2214 2440/1200/2214 2456/1207/2279
f 2456/1207/2279 2440/1200/2214 2472/1215/2298
f 2456/1207/2279 2472/1215/2298 2550/1256/2301
f 2456/1207/2279 2550/1256/2301 2542/1248/2277
f 2542/1248/2277 2550/1256/2301 2497/1223/2303
f 2542/1248/2277 2497/1223/2303 2461/1210/2274
f 2461/1210/2274 2497/1223/2303 2514/1229/2214
f 2461/1210/2274 2514/1229/2214 2464/1211/2214
f 2464/1211/2214 2514/1229/2214 2520/1232/2304
f 2464/1211/2214 2520/1232/2304 2467/1212/2273
f 2467/1212/2273 2520/1232/2304 2539/1245/2270
f 2381/1257/2306 2385/1258/2306 2383/1259/2306
f 2385/1258/2306 2381/1257/2306 2379/1260/2306
f 2385/1258/2306 2379/1260/2306 2387/1261/2306
f 2387/1261/2306 2379/1260/2306 2377/1262/2306
f 2387/1261/2306 2377/1262/2306 2389/1263/2306
f 2389/1263/2306 2377/1262/2306 2375/1264/2306
f 2389/1263/2306 2375/1264/2306 2391/1265/2306
f 2391/1265/2306 2375/1264/2306 2373/1266/2306
f 2391/1265/2306 2373/1266/2306 2393/1267/2306
f 2393/1267/2306 2373/1266/2306 2371/1268/2306
f 2393/1267/2306 2371/1268/2306 2395/1269/2306
f 2395/1269/2306 2371/1268/2306 2369/1270/2306
f 2395/1269/2306 2369/1270/2306 2397/1271/2306
f 2397/1271/2306 2369/1270/2306 2367/1272/2306
f 2397/1271/2306 2367/1272/2306 2399/1273/2306
f 2399/1273/2306 2367/1272/2306 2365/1274/2306
f 2399/1273/2306 2365/1274/2306 2401/1275/2306
f 2401/1275/2306 2365/1274/2306 2363/1276/2306
f 2401/1275/2306 2363/1276/2306 2403/1277/2306
f 2403/1277/2306 2363/1276/2306 2360/1278/2306
f 2403/1277/2306 2360/1278/2306 2405/1279/2306
f 2405/1279/2306 2360/1278/2306 2359/1280/2306
s off
g _9
v -0.896636 0.307735 -1.47142
v -0.896636 0.288965 -1.54147
v -0.896636 0.233846 -1.51864
v -0.896636 0.270106 -1.45583
v -0.896636 0.186515 -1.48232
v -0.896636 0.237794 -1.43104
v -0.896636 0.197414 -1.3611
v -0.896636 0.127365 -1.37987
v -0.896636 0.119578 -1.32072
v -0.896636 0.192098 -1.32072
v -0.896636 0.127365 -1.26157
v -0.896636 0.197414 -1.28033
v -0.896636 0.237794 -1.21039
v -0.896636 0.186515 -1.15911
v -0.896636 0.233847 -1.1228
v -0.896636 0.270107 -1.1856
v -0.896636 0.288966 -1.09996
v -0.896636 0.307735 -1.17001
v -0.896636 0.388496 -1.17001
v -0.896636 0.407265 -1.09996
v -0.896636 0.462384 -1.1228
v -0.896636 0.426124 -1.1856
v -0.896636 0.509716 -1.15911
v -0.896636 0.458437 -1.21039
v -0.896636 0.498817 -1.28034
v -0.896636 0.568866 -1.26157
v -0.896635 0.576653 -1.32072
v -0.896636 0.504133 -1.32072
v -0.896636 0.568866 -1.37987
v -0.896636 0.498817 -1.3611
v -0.896636 0.458437 -1.43104
v -0.896636 0.509716 -1.48232
v -0.896636 0.462384 -1.51864
v -0.896636 0.426124 -1.45583
v -0.896636 0.407265 -1.54147
v -0.896636 0.388496 -1.47142
v -0.858356 0.34115 -1.34671
v -0.881163 0.326505 -1.40137
v -0.881163 0.306367 -1.39303
v -0.858356 0.334658 -1.34402
v -0.881163 0.289073 -1.37976
v -0.858356 0.329084 -1.33975
v -0.858356 0.322118 -1.32768
v -0.881163 0.267463 -1.34233
v -0.881163 0.264618 -1.32072
v -0.858356 0.321201 -1.32072
v -0.881163 0.267463 -1.2991
v -0.858356 0.322118 -1.31375
v -0.858356 0.329084 -1.30168
v -0.881163 0.289074 -1.26167
v -0.881163 0.306367 -1.2484
v -0.858356 0.334658 -1.29741
v -0.881163 0.326505 -1.24006
v -0.858356 0.34115 -1.29472
v -0.858356 0.355081 -1.29472
v -0.881163 0.369726 -1.24006
v -0.881163 0.389864 -1.2484
v -0.858356 0.361573 -1.29741
v -0.881163 0.407157 -1.26167
v -0.858356 0.367147 -1.30168
v -0.858356 0.374113 -1.31375
v -0.881163 0.428768 -1.2991
v -0.881163 0.431613 -1.32072
v -0.858356 0.37503 -1.32072
v -0.881163 0.428768 -1.34233
v -0.858356 0.374113 -1.32768
v -0.858356 0.367147 -1.33975
v -0.881163 0.407157 -1.37976
v -0.881163 0.389864 -1.39303
v -0.858356 0.361573 -1.34402
v -0.881163 0.369726 -1.40137
v -0.858356 0.355081 -1.34671
v -0.9338 0.0149292 -1.21246
v -0.9338 0.0646903 -1.11479
v -0.953522 0.0929009 -1.13529
v -0.953522 0.0480928 -1.22323
v -0.9338 0.631541 -1.1148
v -0.9338 0.681302 -1.21246
v -0.953522 0.648138 -1.22323
v -0.953522 0.60333 -1.13529
v -0.9338 -0.00221736 -1.32072
v -0.953522 0.0326529 -1.32072
v -0.9338 0.554036 -1.03729
v -0.953522 0.53354 -1.0655
v -0.9338 0.456374 -1.6539
v -0.9338 0.348115 -1.67105
v -0.953522 0.348115 -1.63618
v -0.953522 0.445599 -1.62074
v -0.9338 0.0149291 -1.42897
v -0.953522 0.0480928 -1.4182
v -0.9338 0.456374 -0.987529
v -0.953522 0.445599 -1.02069
v -0.9338 0.554036 -1.60414
v -0.953522 0.53354 -1.57593
v -0.9338 0.0646902 -1.52664
v -0.953522 0.0929009 -1.50614
v -0.9338 0.348116 -0.970383
v -0.953522 0.348116 -1.00525
v -0.9338 0.631541 -1.52664
v -0.953522 0.60333 -1.50614
v -0.9338 0.142195 -1.60414
v -0.953522 0.162691 -1.57593
v -0.9338 0.239857 -0.987529
v -0.953522 0.250632 -1.02069
v -0.9338 0.681302 -1.42897
v -0.953522 0.648138 -1.4182
v -0.9338 0.239857 -1.6539
v -0.953522 0.250632 -1.62074
v -0.9338 0.142195 -1.03729
v -0.953522 0.162691 -1.0655
v -0.9338 0.698448 -1.32072
v -0.953522 0.663578 -1.32072
v -0.953522 0.512518 -1.09443
v -0.953522 0.434547 -1.05471
v -0.953522 0.434547 -1.58672
v -0.953522 0.512518 -1.547
v -0.953522 0.0821062 -1.40715
v -0.953522 0.121834 -1.48512
v -0.953522 0.348116 -1.04102
v -0.953522 0.574396 -1.48512
v -0.953522 0.183713 -1.547
v -0.953522 0.261684 -1.05471
v -0.953522 0.614125 -1.40715
v -0.953522 0.261684 -1.58672
v -0.953522 0.183713 -1.09443
v -0.953522 0.627814 -1.32072
v -0.953522 0.348115 -1.60041
v -0.953522 0.121834 -1.15631
v -0.953522 0.614125 -1.23428
v -0.953522 0.0821062 -1.23428
v -0.953522 0.574396 -1.15631
v -0.953522 0.0684168 -1.32072
v -0.802632 0.142195 -1.60414
v -0.802632 0.0646902 -1.52664
v -0.802632 0.239857 -0.987529
v -0.802632 0.348116 -0.970383
v -0.802632 0.681302 -1.42897
v -0.802632 0.631541 -1.52664
v -0.802632 0.239857 -1.6539
v -0.802632 0.142195 -1.03729
v -0.802632 0.698448 -1.32072
v -0.802632 0.348115 -1.67105
v -0.802632 0.0646903 -1.11479
v -0.802632 0.681302 -1.21246
v -0.802632 0.0149292 -1.21246
v -0.802632 0.631541 -1.1148
v -0.802632 -0.00221736 -1.32072
v -0.802632 0.554036 -1.03729
v -0.802632 0.456374 -1.6539
v -0.802632 0.0149291 -1.42897
v -0.802632 0.456374 -0.987529
v -0.802632 0.554036 -1.60414
v -0.677154 0.0149291 -1.21246
v -0.657432 0.0480927 -1.22323
v -0.657432 0.0929009 -1.13529
v -0.677154 0.0646903 -1.11479
v -0.677154 0.631541 -1.1148
v -0.657432 0.60333 -1.13529
v -0.657432 0.648138 -1.22323
v -0.677154 0.681302 -1.21246
v -0.677154 -0.00221739 -1.32072
v -0.657432 0.0326529 -1.32072
v -0.677154 0.554036 -1.03729
v -0.657432 0.53354 -1.0655
v -0.677154 0.456374 -1.6539
v -0.657432 0.445599 -1.62074
v -0.657432 0.348115 -1.63618
v -0.677154 0.348115 -1.67105
v -0.677154 0.0149291 -1.42897
v -0.657432 0.0480927 -1.4182
v -0.677154 0.456374 -0.987529
v -0.657432 0.445599 -1.02069
v -0.677154 0.554036 -1.60414
v -0.657432 0.53354 -1.57593
v -0.677154 0.0646902 -1.52664
v -0.657432 0.0929009 -1.50614
v -0.677154 0.348116 -0.970383
v -0.657432 0.348115 -1.00525
v -0.677154 0.631541 -1.52664
v -0.657432 0.60333 -1.50614
v -0.677154 0.142195 -1.60414
v -0.657432 0.162691 -1.57593
v -0.677154 0.239857 -0.987529
v -0.657432 0.250632 -1.02069
v -0.677154 0.681302 -1.42897
v -0.657432 0.648138 -1.4182
v -0.677154 0.239857 -1.6539
v -0.657432 0.250632 -1.62074
v -0.677154 0.142195 -1.03729
v -0.657432 0.162691 -1.0655
v -0.677154 0.698448 -1.32072
v -0.657432 0.663578 -1.32072
v -0.657432 0.434547 -1.05471
v -0.657432 0.512518 -1.09443
v -0.657432 0.512518 -1.547
v -0.657432 0.434547 -1.58672
v -0.657432 0.121834 -1.48512
v -0.657432 0.0821061 -1.40715
v -0.657432 0.348115 -1.04102
v -0.657432 0.574396 -1.48512
v -0.657432 0.183713 -1.547
v -0.657432 0.261684 -1.05471
v -0.657432 0.614125 -1.40715
v -0.657432 0.261684 -1.58672
v -0.657432 0.183713 -1.09443
v -0.657432 0.627814 -1.32072
v -0.657432 0.348115 -1.60041
v -0.657432 0.121834 -1.15631
v -0.657432 0.614125 -1.23428
v -0.657432 0.0821062 -1.23428
v -0.657432 0.574396 -1.15631
v -0.657432 0.0684167 -1.32072
vn -0.995277 0.0371482 0.0896835
vn -1 -8.83952e-08 1.44014e-14
vn -0.995357 0.048125 0.083355
vn -0.995277 0.059094 0.077013
vn -0.995277 0.0962425 0.0126702
vn -0.995357 0.0962503 -6.14965e-09
vn -0.995277 0.0962425 -0.0126702
vn -0.995277 0.059094 -0.077013
vn -0.995357 0.0481249 -0.083355
vn -0.995277 0.0371481 -0.0896835
vn -0.995277 -0.0371483 -0.0896835
vn -0.995357 -0.0481252 -0.083355
vn -0.995277 -0.0590943 -0.077013
vn -0.995277 -0.0962421 -0.0126709
vn -0.995357 -0.0962498 2.57525e-09
vn -0.995277 -0.0962421 0.0126709
vn -0.995277 -0.0590942 0.077013
vn -0.995357 -0.0481251 0.0833549
vn -0.995277 -0.0371483 0.0896836
vn -0.926372 0.144123 0.347941
vn -0.957631 0.110213 0.266076
vn -0.958308 0.142869 0.247455
vn -0.927494 0.18692 0.323754
vn -0.957631 0.175322 0.228485
vn -0.926372 0.229265 0.298784
vn -0.926372 0.373387 0.0491574
vn -0.957631 0.285535 0.0375914
vn -0.958308 0.285737 2.35754e-08
vn -0.927494 0.373839 5.59149e-08
vn -0.957631 0.285535 -0.0375913
vn -0.926372 0.373387 -0.0491573
vn -0.926372 0.229265 -0.298784
vn -0.957631 0.175322 -0.228485
vn -0.958308 0.142868 -0.247455
vn -0.927494 0.186919 -0.323754
vn -0.957631 0.110212 -0.266076
vn -0.926372 0.144122 -0.347941
vn -0.926372 -0.144123 -0.347941
vn -0.957631 -0.110213 -0.266076
vn -0.958308 -0.142869 -0.247455
vn -0.927494 -0.18692 -0.323754
vn -0.957631 -0.175323 -0.228485
vn -0.926372 -0.229265 -0.298784
vn -0.926372 -0.373387 -0.0491573
vn -0.957631 -0.285535 -0.0375914
vn -0.958308 -0.285737 -4.73475e-08
vn -0.927494 -0.373839 -1.06611e-07
vn -0.957631 -0.285535 0.0375913
vn -0.926372 -0.373387 0.0491571
vn -0.926372 -0.229265 0.298784
vn -0.957631 -0.175322 0.228485
vn -0.958308 -0.142869 0.247455
vn -0.927494 -0.18692 0.323754
vn -0.957631 -0.110213 0.266076
vn -0.926372 -0.144122 0.347941
vn -0.870428 -0.468201 0.152128
vn -0.870428 -0.398276 0.289365
vn -0.960577 -0.224919 0.163414
vn -0.960577 -0.264408 0.0859116
vn -0.870426 0.398279 0.289366
vn -0.870426 0.468204 0.152129
vn -0.960576 0.26441 0.085912
vn -0.960576 0.224921 0.163414
vn -0.870428 -0.492296 6.45731e-08
vn -0.960577 -0.278015 3.04635e-08
vn -0.870426 0.289366 0.398278
vn -0.960576 0.163414 0.224921
vn -0.870427 0.152129 -0.468203
vn -0.870427 2.81937e-07 -0.492297
vn -0.960577 1.01789e-07 -0.278016
vn -0.960576 0.0859119 -0.26441
vn -0.870428 -0.468201 -0.152128
vn -0.960577 -0.264408 -0.0859115
vn -0.870427 0.152129 0.468203
vn -0.960576 0.085912 0.26441
vn -0.870426 0.289366 -0.398278
vn -0.960576 0.163414 -0.224921
vn -0.870428 -0.398276 -0.289365
vn -0.960577 -0.22492 -0.163414
vn -0.870427 4.42348e-07 0.492297
vn -0.960577 1.93604e-07 0.278016
vn -0.870426 0.398279 -0.289366
vn -0.960576 0.224921 -0.163414
vn -0.870428 -0.289365 -0.398276
vn -0.960577 -0.163414 -0.224919
vn -0.870428 -0.152128 0.468201
vn -0.960577 -0.0859115 0.264408
vn -0.870426 0.468204 -0.152129
vn -0.960576 0.26441 -0.0859121
vn -0.870428 -0.152128 -0.468201
vn -0.960577 -0.0859116 -0.264408
vn -0.870428 -0.289364 0.398276
vn -0.960577 -0.163414 0.224919
vn -0.870426 0.492299 -6.45737e-08
vn -0.960576 0.278017 -4.52948e-08
vn -6.55858e-08 -0.809017 -0.587785
vn -9.83786e-08 -0.587785 -0.809017
vn 4.2936e-16 9.0886e-08 1
vn -3.07433e-08 -0.309017 0.951057
vn 6.55858e-08 0.809017 -0.587785
vn 0 0.951057 -0.309017
vn -3.07433e-08 -0.309017 -0.951057
vn -9.83786e-08 -0.587785 0.809017
vn 0 1 -1.62921e-07
vn 4.2936e-16 -2.34955e-07 -1
vn -6.55858e-08 -0.809017 0.587785
vn 0 0.951057 0.309017
vn 0 -0.951057 0.309017
vn 6.55858e-08 0.809017 0.587785
vn 0 -1 1.62921e-07
vn 6.55858e-08 0.587786 0.809017
vn -2.04956e-09 0.309017 -0.951057
vn 0 -0.951057 -0.309017
vn -2.04956e-09 0.309017 0.951057
vn 6.55858e-08 0.587785 -0.809017
vn 0.870426 -0.468204 0.152129
vn 0.960576 -0.26441 0.0859121
vn 0.960576 -0.22492 0.163415
vn 0.870426 -0.398278 0.289366
vn 0.870427 0.398276 0.289365
vn 0.960577 0.22492 0.163413
vn 0.960577 0.264409 0.0859114
vn 0.870427 0.468202 0.152128
vn 0.870426 -0.492299 7.23897e-08
vn 0.960576 -0.278017 7.14647e-09
vn 0.870428 0.289365 0.398276
vn 0.960577 0.163414 0.224919
vn 0.870428 0.152128 -0.468201
vn 0.960577 0.0859115 -0.264408
vn 0.960576 -2.87533e-07 -0.278016
vn 0.870427 -5.20508e-07 -0.492297
vn 0.870426 -0.468204 -0.152129
vn 0.960576 -0.26441 -0.0859121
vn 0.870428 0.152128 0.468201
vn 0.960577 0.0859116 0.264408
vn 0.870428 0.289365 -0.398276
vn 0.960577 0.163414 -0.224919
vn 0.870426 -0.398278 -0.289366
vn 0.960576 -0.224921 -0.163414
vn 0.870427 -3.52281e-07 0.492297
vn 0.960576 -1.89529e-07 0.278016
vn 0.870427 0.398276 -0.289365
vn 0.960577 0.22492 -0.163414
vn 0.870426 -0.289366 -0.398278
vn 0.960576 -0.163414 -0.224921
vn 0.870427 -0.152129 0.468203
vn 0.960576 -0.0859119 0.26441
vn 0.870427 0.468202 -0.152128
vn 0.960577 0.264409 -0.0859115
vn 0.870427 -0.152129 -0.468203
vn 0.960576 -0.085912 -0.26441
vn 0.870426 -0.289366 0.398278
vn 0.960576 -0.163414 0.224921
vn 0.870427 0.492297 -1.42734e-07
vn 0.960577 0.278016 -7.99001e-08
vn 1 6.65262e-08 -9.73447e-08
vt 0.286311 -0.385513
vt 0.303188 -0.448502
vt 0.352752 -0.427972
vt 0.320147 -0.371497
vt 0.395313 -0.395313
vt 0.349202 -0.349202
vt 0.385513 -0.286311
vt 0.448502 -0.303188
vt 0.455504 -0.25
vt 0.390293 -0.25
vt 0.448502 -0.196812
vt 0.385513 -0.21369
vt 0.349202 -0.150798
vt 0.395313 -0.104687
vt 0.352752 -0.0720285
vt 0.320147 -0.128503
vt 0.303188 -0.0514985
vt 0.286311 -0.114487
vt 0.21369 -0.114487
vt 0.196812 -0.0514985
vt 0.147248 -0.0720284
vt 0.179853 -0.128503
vt 0.104687 -0.104687
vt 0.150798 -0.150798
vt 0.114487 -0.21369
vt 0.0514985 -0.196812
vt 0.0444961 -0.25
vt 0.109707 -0.25
vt 0.0514985 -0.303188
vt 0.114487 -0.286311
vt 0.150798 -0.349202
vt 0.104687 -0.395313
vt 0.147248 -0.427972
vt 0.179854 -0.371497
vt 0.196812 -0.448502
vt 0.21369 -0.385513
vt 0.256264 -0.273377
vt 0.269433 -0.322524
vt 0.287541 -0.315023
vt 0.262101 -0.270959
vt 0.303091 -0.303091
vt 0.267113 -0.267113
vt 0.273377 -0.256264
vt 0.322524 -0.269433
vt 0.325082 -0.25
vt 0.274202 -0.25
vt 0.322524 -0.230567
vt 0.273377 -0.243736
vt 0.267113 -0.232887
vt 0.303091 -0.196909
vt 0.287541 -0.184977
vt 0.262101 -0.229041
vt 0.269433 -0.177476
vt 0.256264 -0.226623
vt 0.243736 -0.226623
vt 0.230567 -0.177476
vt 0.212459 -0.184977
vt 0.237899 -0.229041
vt 0.196909 -0.196909
vt 0.232887 -0.232887
vt 0.226623 -0.243736
vt 0.177476 -0.230567
vt 0.174918 -0.25
vt 0.225799 -0.25
vt 0.177476 -0.269433
vt 0.226623 -0.256264
vt 0.232887 -0.267113
vt 0.196909 -0.303091
vt 0.212459 -0.315023
vt 0.237899 -0.270959
vt 0.230567 -0.322524
vt 0.243736 -0.273377
vt 0 0
usemtl Plastic
f 2551/1281/2307 2552/1282/2308 2553/1283/2308
f 2551/1281/2307 2553/1283/2308 2554/1284/2309
f 2554/1284/2309 2553/1283/2308 2555/1285/2308
f 2554/1284/2309 2555/1285/2308 2556/1286/2310
f 2557/1287/2311 2558/1288/2308 2559/1289/2308
f 2557/1287/2311 2559/1289/2308 2560/1290/2312
f 2560/1290/2312 2559/1289/2308 2561/1291/2308
f 2560/1290/2312 2561/1291/2308 2562/1292/2313
f 2563/1293/2314 2564/1294/2308 2565/1295/2308
f 2563/1293/2314 2565/1295/2308 2566/1296/2315
f 2566/1296/2315 2565/1295/2308 2567/1297/2308
f 2566/1296/2315 2567/1297/2308 2568/1298/2316
f 2569/1299/2317 2570/1300/2308 2571/1301/2308
f 2569/1299/2317 2571/1301/2308 2572/1302/2318
f 2572/1302/2318 2571/1301/2308 2573/1303/2308
f 2572/1302/2318 2573/1303/2308 2574/1304/2319
f 2575/1305/2320 2576/1306/2308 2577/1307/2308
f 2575/1305/2320 2577/1307/2308 2578/1308/2321
f 2578/1308/2321 2577/1307/2308 2579/1309/2308
f 2578/1308/2321 2579/1309/2308 2580/1310/2322
f 2581/1311/2323 2582/1312/2308 2583/1313/2308
f 2581/1311/2323 2583/1313/2308 2584/1314/2324
f 2584/1314/2324 2583/1313/2308 2585/1315/2308
f 2584/1314/2324 2585/1315/2308 2586/1316/2325
f 2587/1317/2326 2588/1318/2327 2589/1319/2328
f 2587/1317/2326 2589/1319/2328 2590/1320/2329
f 2590/1320/2329 2589/1319/2328 2591/1321/2330
f 2590/1320/2329 2591/1321/2330 2592/1322/2331
f 2593/1323/2332 2594/1324/2333 2595/1325/2334
f 2593/1323/2332 2595/1325/2334 2596/1326/2335
f 2596/1326/2335 2595/1325/2334 2597/1327/2336
f 2596/1326/2335 2597/1327/2336 2598/1328/2337
f 2599/1329/2338 2600/1330/2339 2601/1331/2340
f 2599/1329/2338 2601/1331/2340 2602/1332/2341
f 2602/1332/2341 2601/1331/2340 2603/1333/2342
f 2602/1332/2341 2603/1333/2342 2604/1334/2343
f 2605/1335/2344 2606/1336/2345 2607/1337/2346
f 2605/1335/2344 2607/1337/2346 2608/1338/2347
f 2608/1338/2347 2607/1337/2346 2609/1339/2348
f 2608/1338/2347 2609/1339/2348 2610/1340/2349
f 2611/1341/2350 2612/1342/2351 2613/1343/2352
f 2611/1341/2350 2613/1343/2352 2614/1344/2353
f 2614/1344/2353 2613/1343/2352 2615/1345/2354
f 2614/1344/2353 2615/1345/2354 2616/1346/2355
f 2617/1347/2356 2618/1348/2357 2619/1349/2358
f 2617/1347/2356 2619/1349/2358 2620/1350/2359
f 2620/1350/2359 2619/1349/2358 2621/1351/2360
f 2620/1350/2359 2621/1351/2360 2622/1352/2361
f 2619/1349/2358 2584/1314/2324 2586/1316/2325
f 2619/1349/2358 2586/1316/2325 2621/1351/2360
f 2618/1348/2357 2581/1311/2323 2584/1314/2324
f 2618/1348/2357 2584/1314/2324 2619/1349/2358
f 2613/1343/2352 2578/1308/2321 2580/1310/2322
f 2613/1343/2352 2580/1310/2322 2615/1345/2354
f 2612/1342/2351 2575/1305/2320 2578/1308/2321
f 2612/1342/2351 2578/1308/2321 2613/1343/2352
f 2607/1337/2346 2572/1302/2318 2574/1304/2319
f 2607/1337/2346 2574/1304/2319 2609/1339/2348
f 2606/1336/2345 2569/1299/2317 2572/1302/2318
f 2606/1336/2345 2572/1302/2318 2607/1337/2346
f 2601/1331/2340 2566/1296/2315 2568/1298/2316
f 2601/1331/2340 2568/1298/2316 2603/1333/2342
f 2600/1330/2339 2563/1293/2314 2566/1296/2315
f 2600/1330/2339 2566/1296/2315 2601/1331/2340
f 2595/1325/2334 2560/1290/2312 2562/1292/2313
f 2595/1325/2334 2562/1292/2313 2597/1327/2336
f 2594/1324/2333 2557/1287/2311 2560/1290/2312
f 2594/1324/2333 2560/1290/2312 2595/1325/2334
f 2589/1319/2328 2554/1284/2309 2556/1286/2310
f 2589/1319/2328 2556/1286/2310 2591/1321/2330
f 2588/1318/2327 2551/1281/2307 2554/1284/2309
f 2588/1318/2327 2554/1284/2309 2589/1319/2328
f 2623/1353/2362 2624/1353/2363 2625/1353/2364
f 2623/1353/2362 2625/1353/2364 2626/1353/2365
f 2627/1353/2366 2628/1353/2367 2629/1353/2368
f 2627/1353/2366 2629/1353/2368 2630/1353/2369
f 2631/1353/2370 2623/1353/2362 2626/1353/2365
f 2631/1353/2370 2626/1353/2365 2632/1353/2371
f 2633/1353/2372 2627/1353/2366 2630/1353/2369
f 2633/1353/2372 2630/1353/2369 2634/1353/2373
f 2635/1353/2374 2636/1353/2375 2637/1353/2376
f 2635/1353/2374 2637/1353/2376 2638/1353/2377
f 2639/1353/2378 2631/1353/2370 2632/1353/2371
f 2639/1353/2378 2632/1353/2371 2640/1353/2379
f 2641/1353/2380 2633/1353/2372 2634/1353/2373
f 2641/1353/2380 2634/1353/2373 2642/1353/2381
f 2643/1353/2382 2635/1353/2374 2638/1353/2377
f 2643/1353/2382 2638/1353/2377 2644/1353/2383
f 2645/1353/2384 2639/1353/2378 2640/1353/2379
f 2645/1353/2384 2640/1353/2379 2646/1353/2385
f 2647/1353/2386 2641/1353/2380 2642/1353/2381
f 2647/1353/2386 2642/1353/2381 2648/1353/2387
f 2649/1353/2388 2643/1353/2382 2644/1353/2383
f 2649/1353/2388 2644/1353/2383 2650/1353/2389
f 2651/1353/2390 2645/1353/2384 2646/1353/2385
f 2651/1353/2390 2646/1353/2385 2652/1353/2391
f 2653/1353/2392 2647/1353/2386 2648/1353/2387
f 2653/1353/2392 2648/1353/2387 2654/1353/2393
f 2655/1353/2394 2649/1353/2388 2650/1353/2389
f 2655/1353/2394 2650/1353/2389 2656/1353/2395
f 2657/1353/2396 2651/1353/2390 2652/1353/2391
f 2657/1353/2396 2652/1353/2391 2658/1353/2397
f 2659/1353/2398 2653/1353/2392 2654/1353/2393
f 2659/1353/2398 2654/1353/2393 2660/1353/2399
f 2661/1353/2400 2655/1353/2394 2656/1353/2395
f 2661/1353/2400 2656/1353/2395 2662/1353/2401
f 2636/1353/2375 2657/1353/2396 2658/1353/2397
f 2636/1353/2375 2658/1353/2397 2637/1353/2376
f 2624/1353/2363 2659/1353/2398 2660/1353/2399
f 2624/1353/2363 2660/1353/2399 2625/1353/2364
f 2628/1353/2367 2661/1353/2400 2662/1353/2401
f 2628/1353/2367 2662/1353/2401 2629/1353/2368
f 2642/1353/2381 2634/1353/2373 2663/1353/2308
f 2642/1353/2381 2663/1353/2308 2664/1353/2308
f 2644/1353/2383 2638/1353/2377 2665/1353/2308
f 2644/1353/2383 2665/1353/2308 2666/1353/2308
f 2646/1353/2385 2640/1353/2379 2667/1353/2308
f 2646/1353/2385 2667/1353/2308 2668/1353/2308
f 2648/1353/2387 2642/1353/2381 2664/1353/2308
f 2648/1353/2387 2664/1353/2308 2669/1353/2308
f 2650/1353/2389 2644/1353/2383 2666/1353/2308
f 2650/1353/2389 2666/1353/2308 2670/1353/2308
f 2652/1353/2391 2646/1353/2385 2668/1353/2308
f 2652/1353/2391 2668/1353/2308 2671/1353/2308
f 2654/1353/2393 2648/1353/2387 2669/1353/2308
f 2654/1353/2393 2669/1353/2308 2672/1353/2308
f 2656/1353/2395 2650/1353/2389 2670/1353/2308
f 2656/1353/2395 2670/1353/2308 2673/1353/2308
f 2658/1353/2397 2652/1353/2391 2671/1353/2308
f 2658/1353/2397 2671/1353/2308 2674/1353/2308
f 2660/1353/2399 2654/1353/2393 2672/1353/2308
f 2660/1353/2399 2672/1353/2308 2675/1353/2308
f 2662/1353/2401 2656/1353/2395 2673/1353/2308
f 2662/1353/2401 2673/1353/2308 2676/1353/2308
f 2637/1353/2376 2658/1353/2397 2674/1353/2308
f 2637/1353/2376 2674/1353/2308 2677/1353/2308
f 2625/1353/2364 2660/1353/2399 2675/1353/2308
f 2625/1353/2364 2675/1353/2308 2678/1353/2308
f 2629/1353/2368 2662/1353/2401 2676/1353/2308
f 2629/1353/2368 2676/1353/2308 2679/1353/2308
f 2626/1353/2365 2625/1353/2364 2678/1353/2308
f 2626/1353/2365 2678/1353/2308 2680/1353/2308
f 2630/1353/2369 2629/1353/2368 2679/1353/2308
f 2630/1353/2369 2679/1353/2308 2681/1353/2308
f 2632/1353/2371 2626/1353/2365 2680/1353/2308
f 2632/1353/2371 2680/1353/2308 2682/1353/2308
f 2634/1353/2373 2630/1353/2369 2681/1353/2308
f 2634/1353/2373 2681/1353/2308 2663/1353/2308
f 2638/1353/2377 2637/1353/2376 2677/1353/2308
f 2638/1353/2377 2677/1353/2308 2665/1353/2308
f 2640/1353/2379 2632/1353/2371 2682/1353/2308
f 2640/1353/2379 2682/1353/2308 2667/1353/2308
f 2645/1353/2402 2651/1353/2403 2683/1353/2403
f 2645/1353/2402 2683/1353/2403 2684/1353/2402
f 2647/1353/2404 2653/1353/2405 2685/1353/2405
f 2647/1353/2404 2685/1353/2405 2686/1353/2404
f 2649/1353/2406 2655/1353/2407 2687/1353/2407
f 2649/1353/2406 2687/1353/2407 2688/1353/2406
f 2651/1353/2403 2657/1353/2408 2689/1353/2408
f 2651/1353/2403 2689/1353/2408 2683/1353/2403
f 2653/1353/2405 2659/1353/2409 2690/1353/2409
f 2653/1353/2405 2690/1353/2409 2685/1353/2405
f 2655/1353/2407 2661/1353/2410 2691/1353/2410
f 2655/1353/2407 2691/1353/2410 2687/1353/2407
f 2657/1353/2408 2636/1353/2411 2692/1353/2411
f 2657/1353/2408 2692/1353/2411 2689/1353/2408
f 2659/1353/2409 2624/1353/2412 2693/1353/2412
f 2659/1353/2409 2693/1353/2412 2690/1353/2409
f 2661/1353/2410 2628/1353/2413 2694/1353/2413
f 2661/1353/2410 2694/1353/2413 2691/1353/2410
f 2624/1353/2412 2623/1353/2414 2695/1353/2414
f 2624/1353/2412 2695/1353/2414 2693/1353/2412
f 2628/1353/2413 2627/1353/2415 2696/1353/2415
f 2628/1353/2413 2696/1353/2415 2694/1353/2413
f 2623/1353/2414 2631/1353/2416 2697/1353/2416
f 2623/1353/2414 2697/1353/2416 2695/1353/2414
f 2627/1353/2415 2633/1353/2417 2698/1353/2417
f 2627/1353/2415 2698/1353/2417 2696/1353/2415
f 2636/1353/2411 2635/1353/2418 2699/1353/2418
f 2636/1353/2411 2699/1353/2418 2692/1353/2411
f 2631/1353/2416 2639/1353/2419 2700/1353/2419
f 2631/1353/2416 2700/1353/2419 2697/1353/2416
f 2633/1353/2417 2641/1353/2420 2701/1353/2420
f 2633/1353/2417 2701/1353/2420 2698/1353/2417
f 2635/1353/2418 2643/1353/2421 2702/1353/2421
f 2635/1353/2418 2702/1353/2421 2699/1353/2418
f 2639/1353/2419 2645/1353/2402 2684/1353/2402
f 2639/1353/2419 2684/1353/2402 2700/1353/2419
f 2641/1353/2420 2647/1353/2404 2686/1353/2404
f 2641/1353/2420 2686/1353/2404 2701/1353/2420
f 2643/1353/2421 2649/1353/2406 2688/1353/2406
f 2643/1353/2421 2688/1353/2406 2702/1353/2421
f 2703/1353/2422 2704/1353/2423 2705/1353/2424
f 2703/1353/2422 2705/1353/2424 2706/1353/2425
f 2707/1353/2426 2708/1353/2427 2709/1353/2428
f 2707/1353/2426 2709/1353/2428 2710/1353/2429
f 2711/1353/2430 2712/1353/2431 2704/1353/2423
f 2711/1353/2430 2704/1353/2423 2703/1353/2422
f 2713/1353/2432 2714/1353/2433 2708/1353/2427
f 2713/1353/2432 2708/1353/2427 2707/1353/2426
f 2715/1353/2434 2716/1353/2435 2717/1353/2436
f 2715/1353/2434 2717/1353/2436 2718/1353/2437
f 2719/1353/2438 2720/1353/2439 2712/1353/2431
f 2719/1353/2438 2712/1353/2431 2711/1353/2430
f 2721/1353/2440 2722/1353/2441 2714/1353/2433
f 2721/1353/2440 2714/1353/2433 2713/1353/2432
f 2723/1353/2442 2724/1353/2443 2716/1353/2435
f 2723/1353/2442 2716/1353/2435 2715/1353/2434
f 2725/1353/2444 2726/1353/2445 2720/1353/2439
f 2725/1353/2444 2720/1353/2439 2719/1353/2438
f 2727/1353/2446 2728/1353/2447 2722/1353/2441
f 2727/1353/2446 2722/1353/2441 2721/1353/2440
f 2729/1353/2448 2730/1353/2449 2724/1353/2443
f 2729/1353/2448 2724/1353/2443 2723/1353/2442
f 2731/1353/2450 2732/1353/2451 2726/1353/2445
f 2731/1353/2450 2726/1353/2445 2725/1353/2444
f 2733/1353/2452 2734/1353/2453 2728/1353/2447
f 2733/1353/2452 2728/1353/2447 2727/1353/2446
f 2735/1353/2454 2736/1353/2455 2730/1353/2449
f 2735/1353/2454 2730/1353/2449 2729/1353/2448
f 2737/1353/2456 2738/1353/2457 2732/1353/2451
f 2737/1353/2456 2732/1353/2451 2731/1353/2450
f 2739/1353/2458 2740/1353/2459 2734/1353/2453
f 2739/1353/2458 2734/1353/2453 2733/1353/2452
f 2741/1353/2460 2742/1353/2461 2736/1353/2455
f 2741/1353/2460 2736/1353/2455 2735/1353/2454
f 2718/1353/2437 2717/1353/2436 2738/1353/2457
f 2718/1353/2437 2738/1353/2457 2737/1353/2456
f 2706/1353/2425 2705/1353/2424 2740/1353/2459
f 2706/1353/2425 2740/1353/2459 2739/1353/2458
f 2710/1353/2429 2709/1353/2428 2742/1353/2461
f 2710/1353/2429 2742/1353/2461 2741/1353/2460
f 2722/1353/2441 2743/1353/2462 2744/1353/2462
f 2722/1353/2441 2744/1353/2462 2714/1353/2433
f 2724/1353/2443 2745/1353/2462 2746/1353/2462
f 2724/1353/2443 2746/1353/2462 2716/1353/2435
f 2726/1353/2445 2747/1353/2462 2748/1353/2462
f 2726/1353/2445 2748/1353/2462 2720/1353/2439
f 2728/1353/2447 2749/1353/2462 2743/1353/2462
f 2728/1353/2447 2743/1353/2462 2722/1353/2441
f 2730/1353/2449 2750/1353/2462 2745/1353/2462
f 2730/1353/2449 2745/1353/2462 2724/1353/2443
f 2732/1353/2451 2751/1353/2462 2747/1353/2462
f 2732/1353/2451 2747/1353/2462 2726/1353/2445
f 2734/1353/2453 2752/1353/2462 2749/1353/2462
f 2734/1353/2453 2749/1353/2462 2728/1353/2447
f 2736/1353/2455 2753/1353/2462 2750/1353/2462
f 2736/1353/2455 2750/1353/2462 2730/1353/2449
f 2738/1353/2457 2754/1353/2462 2751/1353/2462
f 2738/1353/2457 2751/1353/2462 2732/1353/2451
f 2740/1353/2459 2755/1353/2462 2752/1353/2462
f 2740/1353/2459 2752/1353/2462 2734/1353/2453
f 2742/1353/2461 2756/1353/2462 2753/1353/2462
f 2742/1353/2461 2753/1353/2462 2736/1353/2455
f 2717/1353/2436 2757/1353/2462 2754/1353/2462
f 2717/1353/2436 2754/1353/2462 2738/1353/2457
f 2705/1353/2424 2758/1353/2462 2755/1353/2462
f 2705/1353/2424 2755/1353/2462 2740/1353/2459
f 2709/1353/2428 2759/1353/2462 2756/1353/2462
f 2709/1353/2428 2756/1353/2462 2742/1353/2461
f 2704/1353/2423 2760/1353/2462 2758/1353/2462
f 2704/1353/2423 2758/1353/2462 2705/1353/2424
f 2708/1353/2427 2761/1353/2462 2759/1353/2462
f 2708/1353/2427 2759/1353/2462 2709/1353/2428
f 2712/1353/2431 2762/1353/2462 2760/1353/2462
f 2712/1353/2431 2760/1353/2462 2704/1353/2423
f 2714/1353/2433 2744/1353/2462 2761/1353/2462
f 2714/1353/2433 2761/1353/2462 2708/1353/2427
f 2716/1353/2435 2746/1353/2462 2757/1353/2462
f 2716/1353/2435 2757/1353/2462 2717/1353/2436
f 2720/1353/2439 2748/1353/2462 2762/1353/2462
f 2720/1353/2439 2762/1353/2462 2712/1353/2431
f 2725/1353/2402 2684/1353/2402 2683/1353/2403
f 2725/1353/2402 2683/1353/2403 2731/1353/2403
f 2727/1353/2404 2686/1353/2404 2685/1353/2405
f 2727/1353/2404 2685/1353/2405 2733/1353/2405
f 2729/1353/2406 2688/1353/2406 2687/1353/2407
f 2729/1353/2406 2687/1353/2407 2735/1353/2407
f 2731/1353/2403 2683/1353/2403 2689/1353/2408
f 2731/1353/2403 2689/1353/2408 2737/1353/2408
f 2733/1353/2405 2685/1353/2405 2690/1353/2409
f 2733/1353/2405 2690/1353/2409 2739/1353/2409
f 2735/1353/2407 2687/1353/2407 2691/1353/2410
f 2735/1353/2407 2691/1353/2410 2741/1353/2410
f 2737/1353/2408 2689/1353/2408 2692/1353/2411
f 2737/1353/2408 2692/1353/2411 2718/1353/2411
f 2739/1353/2409 2690/1353/2409 2693/1353/2412
f 2739/1353/2409 2693/1353/2412 2706/1353/2412
f 2741/1353/2410 2691/1353/2410 2694/1353/2413
f 2741/1353/2410 2694/1353/2413 2710/1353/2413
f 2706/1353/2412 2693/1353/2412 2695/1353/2414
f 2706/1353/2412 2695/1353/2414 2703/1353/2414
f 2710/1353/2413 2694/1353/2413 2696/1353/2415
f 2710/1353/2413 2696/1353/2415 2707/1353/2415
f 2703/1353/2414 2695/1353/2414 2697/1353/2416
f 2703/1353/2414 2697/1353/2416 2711/1353/2416
f 2707/1353/2415 2696/1353/2415 2698/1353/2417
f 2707/1353/2415 2698/1353/2417 2713/1353/2417
f 2718/1353/2411 2692/1353/2411 2699/1353/2418
f 2718/1353/2411 2699/1353/2418 2715/1353/2418
f 2711/1353/2416 2697/1353/2416 2700/1353/2419
f 2711/1353/2416 2700/1353/2419 2719/1353/2419
f 2713/1353/2417 2698/1353/2417 2701/1353/2420
f 2713/1353/2417 2701/1353/2420 2721/1353/2420
f 2715/1353/2418 2699/1353/2418 2702/1353/2421
f 2715/1353/2418 2702/1353/2421 2723/1353/2421
f 2719/1353/2419 2700/1353/2419 2684/1353/2402
f 2719/1353/2419 2684/1353/2402 2725/1353/2402
f 2721/1353/2420 2701/1353/2420 2686/1353/2404
f 2721/1353/2420 2686/1353/2404 2727/1353/2404
f 2723/1353/2421 2702/1353/2421 2688/1353/2406
f 2723/1353/2421 2688/1353/2406 2729/1353/2406
f 2752/1353/2462 2743/1353/2462 2749/1353/2462
f 2743/1353/2462 2752/1353/2462 2755/1353/2462
f 2743/1353/2462 2755/1353/2462 2744/1353/2462
f 2744/1353/2462 2755/1353/2462 2758/1353/2462
f 2744/1353/2462 2758/1353/2462 2761/1353/2462
f 2761/1353/2462 2758/1353/2462 2760/1353/2462
f 2761/1353/2462 2760/1353/2462 2759/1353/2462
f 2759/1353/2462 2760/1353/2462 2762/1353/2462
f 2759/1353/2462 2762/1353/2462 2756/1353/2462
f 2756/1353/2462 2762/1353/2462 2748/1353/2462
f 2756/1353/2462 2748/1353/2462 2753/1353/2462
f 2753/1353/2462 2748/1353/2462 2747/1353/2462
f 2753/1353/2462 2747/1353/2462 2750/1353/2462
f 2750/1353/2462 2747/1353/2462 2751/1353/2462
f 2750/1353/2462 2751/1353/2462 2745/1353/2462
f 2745/1353/2462 2751/1353/2462 2754/1353/2462
f 2745/1353/2462 2754/1353/2462 2746/1353/2462
f 2746/1353/2462 2754/1353/2462 2757/1353/2462
s off
g _10
v 0.798926 0.348115 -1.6092
v 0.9569 0.348115 -1.6092
v 0.9569 0.27345 -1.59937
v 0.798926 0.27345 -1.59937
v 0.9569 0.203873 -1.57055
v 0.798926 0.203873 -1.57055
v 0.9569 0.144125 -1.52471
v 0.798926 0.144125 -1.52471
v 0.9569 0.0982797 -1.46496
v 0.798926 0.0982797 -1.46496
v 0.9569 0.0694599 -1.39538
v 0.798926 0.0694599 -1.39538
v 0.9569 0.05963 -1.32072
v 0.798926 0.05963 -1.32072
v 0.9569 0.0694599 -1.24605
v 0.798926 0.0694599 -1.24605
v 0.9569 0.0982797 -1.17647
v 0.798926 0.0982797 -1.17647
v 0.9569 0.144125 -1.11672
v 0.798926 0.144125 -1.11672
v 0.9569 0.203873 -1.07088
v 0.798926 0.203873 -1.07088
v 0.9569 0.27345 -1.04206
v 0.798926 0.27345 -1.04206
v 0.9569 0.348116 -1.03223
v 0.798926 0.348116 -1.03223
v 0.9569 0.422781 -1.04206
v 0.798926 0.422781 -1.04206
v 0.9569 0.492358 -1.07088
v 0.798926 0.492358 -1.07088
v 0.9569 0.552106 -1.11673
v 0.798926 0.552106 -1.11673
v 0.9569 0.597951 -1.17647
v 0.798926 0.597951 -1.17647
v 0.9569 0.626771 -1.24605
v 0.798926 0.626771 -1.24605
v 0.9569 0.636601 -1.32072
v 0.798926 0.636601 -1.32072
v 0.9569 0.626771 -1.39538
v 0.798926 0.626771 -1.39538
v 0.9569 0.597951 -1.46496
v 0.798926 0.597951 -1.46496
v 0.9569 0.552105 -1.52471
v 0.798926 0.552105 -1.52471
v 0.9569 0.492358 -1.57055
v 0.798926 0.492358 -1.57055
v 0.9569 0.422781 -1.59937
v 0.798926 0.422781 -1.59937
v 0.9569 0.348115 -1.58978
v 0.9569 0.278477 -1.58061
v 0.9569 0.213585 -1.55373
v 0.9569 0.157861 -1.51097
v 0.9569 0.115102 -1.45525
v 0.9569 0.0882224 -1.39035
v 0.9569 0.0790544 -1.32072
v 0.9569 0.0882224 -1.25108
v 0.9569 0.115102 -1.18618
v 0.9569 0.157861 -1.13046
v 0.9569 0.213585 -1.0877
v 0.9569 0.278477 -1.06082
v 0.9569 0.348116 -1.05165
v 0.9569 0.417754 -1.06082
v 0.9569 0.482646 -1.0877
v 0.9569 0.53837 -1.13046
v 0.9569 0.581129 -1.18618
v 0.9569 0.608009 -1.25108
v 0.9569 0.617177 -1.32072
v 0.9569 0.608009 -1.39035
v 0.9569 0.581129 -1.45525
v 0.9569 0.53837 -1.51097
v 0.9569 0.482646 -1.55373
v 0.9569 0.417754 -1.58061
v 0.896636 0.119578 -1.32072
v 0.896636 0.127365 -1.26157
v 0.940176 0.324757 -1.40789
v 0.881163 0.326505 -1.40137
v 0.896636 0.307735 -1.47142
v 0.9569 0.304469 -1.4836
v 0.915525 0.376215 -1.31319
v 0.915525 0.377206 -1.32072
v 0.858356 0.37503 -1.32072
v 0.858356 0.374113 -1.31375
v 0.896636 0.127365 -1.37987
v 0.940176 0.26094 -1.29736
v 0.881163 0.267463 -1.2991
v 0.858356 0.322118 -1.31375
v 0.915525 0.320016 -1.31319
v 0.896635 0.576653 -1.32072
v 0.896635 0.568866 -1.37987
v 0.940176 0.411932 -1.2569
v 0.881163 0.407157 -1.26167
v 0.858356 0.367147 -1.30168
v 0.915525 0.368686 -1.30014
v 0.940176 0.371474 -1.23354
v 0.881163 0.369726 -1.24006
v 0.896636 0.388496 -1.17001
v 0.9569 0.391762 -1.15783
v 0.915525 0.320016 -1.32824
v 0.858356 0.322118 -1.32768
v 0.881163 0.267463 -1.34233
v 0.940176 0.26094 -1.34407
v 0.940176 0.284299 -1.38453
v 0.881163 0.289074 -1.37976
v 0.858356 0.329084 -1.33975
v 0.915525 0.327545 -1.34129
v 0.915525 0.33357 -1.34591
v 0.858356 0.334658 -1.34402
v 0.896635 0.568866 -1.26157
v 0.915525 0.340586 -1.34881
v 0.858356 0.34115 -1.34671
v 0.881163 0.428768 -1.2991
v 0.940176 0.435291 -1.29736
v 0.940176 0.435291 -1.34407
v 0.881163 0.428768 -1.34233
v 0.858356 0.374113 -1.32768
v 0.915525 0.376215 -1.32824
v 0.915525 0.362661 -1.29552
v 0.858356 0.361573 -1.29741
v 0.896636 0.288966 -1.09996
v 0.896636 0.307735 -1.17001
v 0.9569 0.304469 -1.15783
v 0.896636 0.233846 -1.51863
v 0.896636 0.186515 -1.48232
v 0.915525 0.355645 -1.29262
v 0.858356 0.355081 -1.29472
v 0.896636 0.407265 -1.54147
v 0.896636 0.388496 -1.47142
v 0.9569 0.391762 -1.4836
v 0.896636 0.288965 -1.54147
v 0.896635 0.462384 -1.1228
v 0.896635 0.509716 -1.15911
v 0.940176 0.284299 -1.2569
v 0.881163 0.289074 -1.26167
v 0.896636 0.237794 -1.21039
v 0.9569 0.228872 -1.20147
v 0.896636 0.407265 -1.09996
v 0.896635 0.458437 -1.21039
v 0.9569 0.467359 -1.20147
v 0.915525 0.368686 -1.34129
v 0.858356 0.367147 -1.33975
v 0.881163 0.407157 -1.37976
v 0.940176 0.411932 -1.38453
v 0.915525 0.319025 -1.32072
v 0.858356 0.321201 -1.32072
v 0.896635 0.509716 -1.48232
v 0.896635 0.462384 -1.51863
v 0.896636 0.237794 -1.43104
v 0.9569 0.228872 -1.43996
v 0.915525 0.327545 -1.30014
v 0.858356 0.329084 -1.30168
v 0.896635 0.498817 -1.28033
v 0.9569 0.511005 -1.27707
v 0.896636 0.186515 -1.15911
v 0.896636 0.233847 -1.1228
v 0.915525 0.362661 -1.34591
v 0.858356 0.361573 -1.34402
v 0.896636 0.197414 -1.3611
v 0.9569 0.185226 -1.36436
v 0.896635 0.498817 -1.3611
v 0.9569 0.511005 -1.36436
v 0.915525 0.355645 -1.34881
v 0.858356 0.355081 -1.34671
v 0.915525 0.33357 -1.29552
v 0.858356 0.334658 -1.29741
v 0.896636 0.197414 -1.28033
v 0.9569 0.185226 -1.27707
v 0.915525 0.340586 -1.29262
v 0.858356 0.34115 -1.29472
v 0.896635 0.458437 -1.43104
v 0.9569 0.467359 -1.43996
v 0.881163 0.369726 -1.40137
v 0.940176 0.371474 -1.40789
v 0.881163 0.326505 -1.24006
v 0.940176 0.324757 -1.23354
v 0.9569 0.348115 -1.48935
v 0.9569 0.202073 -1.40503
v 0.9569 0.202073 -1.2364
v 0.9569 0.348116 -1.15208
v 0.9569 0.494158 -1.2364
v 0.9569 0.494158 -1.40503
v 0.915525 0.348115 -1.34981
v 0.940176 0.348115 -1.41097
v 0.915525 0.322922 -1.33526
v 0.940176 0.269956 -1.36584
v 0.915525 0.322922 -1.30617
v 0.940176 0.269956 -1.27559
v 0.915525 0.348116 -1.29162
v 0.940176 0.348116 -1.23046
v 0.915525 0.373309 -1.30617
v 0.940176 0.426275 -1.27559
v 0.915525 0.373309 -1.33526
v 0.940176 0.426275 -1.36584
vn -2.46743e-09 -2.92092e-07 -1
vn 2.59079e-08 -0.258819 -0.965926
vn 1.97394e-08 -0.5 -0.866025
vn 0 -0.707107 -0.707107
vn 0 -0.866026 -0.5
vn 0 -0.965926 -0.258819
vn 0 -1 1.62921e-07
vn 0 -0.965926 0.258819
vn 0 -0.866025 0.5
vn 0 -0.707107 0.707107
vn 1.97394e-08 -0.5 0.866026
vn 2.59079e-08 -0.258819 0.965926
vn -1.23371e-09 9.82899e-09 1
vn -1.7272e-08 0.258819 0.965926
vn -9.86969e-09 0.5 0.866025
vn 0 0.707107 0.707107
vn 0 0.866026 0.5
vn 0 0.965926 0.258819
vn 0 1 -1.62921e-07
vn 0 0.965926 -0.258819
vn 0 0.866025 -0.5
vn 0 0.707107 -0.707107
vn -9.86969e-09 0.5 -0.866025
vn -1.85057e-08 0.258819 -0.965926
vn 1 1.30275e-07 4.2767e-07
vn 0.5547 0.824932 -0.108604
vn 0.558 0.829841 -1.25191e-07
vn -0.0377207 0.990739 0.130434
vn -0.0380457 0.999276 5.52282e-07
vn 0.554699 0.824933 0.108604
vn 0.554699 -0.824933 0.108605
vn 0.558 -0.829841 1.25191e-07
vn -0.0380456 -0.499639 -0.865398
vn -0.0377206 -0.608328 -0.792789
vn 0.554699 -0.824933 -0.108605
vn -0.0377206 -0.382413 -0.923221
vn -0.0380458 0.499638 0.865398
vn -0.0377208 0.608328 0.792789
vn 0.554699 0.506521 0.66011
vn 0.558 0.414921 0.718663
vn -0.0377208 0.382413 0.923221
vn 0.554699 0.318412 0.768715
vn 0.5547 -0.506521 -0.66011
vn 0.558 -0.414921 -0.718663
vn 0.5547 -0.318412 -0.768715
vn -0.0377207 0.990739 -0.130433
vn -0.0377207 -0.990739 -0.130433
vn -0.0380457 -0.999276 -3.02723e-07
vn 0.558 -0.41492 0.718664
vn 0.554699 -0.506521 0.66011
vn -0.0377207 -0.990739 0.130433
vn 0.554699 -0.318412 0.768715
vn 0.558 0.41492 -0.718663
vn 0.5547 0.50652 -0.66011
vn -0.0377206 0.608328 -0.792789
vn -0.0380456 0.499638 -0.865398
vn 0.5547 0.318412 -0.768715
vn -0.0377206 0.382412 -0.923222
vn -0.0377207 -0.608328 0.792789
vn -0.0380458 -0.499638 0.865399
vn -0.0377208 -0.382412 0.923222
vn 0.995357 5.32115e-08 0.0962503
vn 0.995277 0.0126707 0.0962427
vn 0.995277 0.0770133 0.0590944
vn 0.995357 0.0833553 0.0481252
vn 0.995277 0.0896838 0.0371482
vn 0.995277 0.0896838 -0.0371484
vn 0.995357 0.0833553 -0.0481253
vn 0.995277 0.0770133 -0.0590945
vn 0.995277 0.0126707 -0.0962426
vn 0.995357 5.79539e-08 -0.0962502
vn 0.995277 -0.0126706 -0.0962425
vn 0.995277 -0.0770132 -0.0590943
vn 0.995357 -0.0833552 -0.0481252
vn 0.995277 -0.0896837 -0.0371483
vn 0.995277 -0.0896837 0.0371483
vn 0.995357 -0.0833552 0.0481252
vn 0.995277 -0.0770132 0.0590944
vn 0.995277 -0.0126706 0.0962426
vn 0.978637 -6.50707e-09 0.205598
vn 0.989889 0.0185144 0.140632
vn 0.957631 0.0375913 0.285534
vn 0.958308 -2.11983e-08 0.285736
vn 0.989889 0.112533 0.0863496
vn 0.978637 0.178053 0.102799
vn 0.958308 0.247455 0.142868
vn 0.957631 0.228484 0.175322
vn 0.989889 0.131048 0.0542817
vn 0.957631 0.266075 0.110212
vn 0.989889 0.131048 -0.0542818
vn 0.978637 0.178053 -0.102799
vn 0.958308 0.247455 -0.142868
vn 0.957631 0.266075 -0.110212
vn 0.989889 0.112533 -0.0863499
vn 0.957631 0.228484 -0.175322
vn 0.989889 0.0185145 -0.140631
vn 0.978637 1.98414e-08 -0.205598
vn 0.958308 1.76325e-08 -0.285736
vn 0.957631 0.0375913 -0.285534
vn 0.989889 -0.0185144 -0.140632
vn 0.957631 -0.0375913 -0.285534
vn 0.989889 -0.112533 -0.0863497
vn 0.978637 -0.178053 -0.102799
vn 0.958308 -0.247455 -0.142868
vn 0.957631 -0.228484 -0.175322
vn 0.989889 -0.131047 -0.0542818
vn 0.957631 -0.266075 -0.110212
vn 0.989889 -0.131048 0.0542819
vn 0.978637 -0.178053 0.102799
vn 0.958308 -0.247455 0.142868
vn 0.957631 -0.266075 0.110212
vn 0.989889 -0.112533 0.0863495
vn 0.957631 -0.228484 0.175322
vn 0.989889 -0.0185144 0.140631
vn 0.957631 -0.0375913 0.285534
vn -1 -7.92876e-08 1.08093e-08
vt 1 -0.8631
vt 1 -1
vt 0.958333 -1
vt 0.958333 -0.8631
vt 0.916667 -1
vt 0.916667 -0.8631
vt 0.875 -1
vt 0.875 -0.8631
vt 0.833333 -1
vt 0.833333 -0.8631
vt 0.791667 -1
vt 0.791667 -0.8631
vt 0.75 -1
vt 0.75 -0.8631
vt 0.708333 -1
vt 0.708333 -0.8631
vt 0.666667 -1
vt 0.666667 -0.8631
vt 0.625 -1
vt 0.625 -0.8631
vt 0.583333 -1
vt 0.583333 -0.8631
vt 0.541666 -1
vt 0.541666 -0.8631
vt 0.5 -1
vt 0.5 -0.8631
vt 0.458333 -1
vt 0.458333 -0.8631
vt 0.416666 -1
vt 0.416666 -0.8631
vt 0.375 -1
vt 0.375 -0.8631
vt 0.333333 -1
vt 0.333333 -0.8631
vt 0.291667 -1
vt 0.291667 -0.8631
vt 0.25 -1
vt 0.25 -0.8631
vt 0.208333 -1
vt 0.208333 -0.8631
vt 0.166666 -1
vt 0.166666 -0.8631
vt 0.125 -1
vt 0.125 -0.8631
vt 0.0833331 -1
vt 0.0833331 -0.8631
vt 0.0416665 -1
vt 0.0416665 -0.8631
vt -1.86265e-07 -1
vt -1.86265e-07 -0.8631
vt 0.25 -0.455504
vt 0.303188 -0.448502
vt 0.312117 -0.481822
vt 0.25 -0.49
vt 0.352752 -0.427972
vt 0.37 -0.457846
vt 0.395313 -0.395313
vt 0.419706 -0.419706
vt 0.427972 -0.352752
vt 0.457846 -0.37
vt 0.448502 -0.303188
vt 0.481822 -0.312117
vt 0.455504 -0.25
vt 0.49 -0.25
vt 0.448502 -0.196812
vt 0.481822 -0.187883
vt 0.427972 -0.147248
vt 0.457846 -0.13
vt 0.395313 -0.104687
vt 0.419706 -0.0802944
vt 0.352752 -0.0720285
vt 0.37 -0.042154
vt 0.303188 -0.0514985
vt 0.312117 -0.0181777
vt 0.25 -0.0444962
vt 0.25 -0.00999999
vt 0.196812 -0.0514985
vt 0.187883 -0.0181777
vt 0.147248 -0.0720284
vt 0.13 -0.042154
vt 0.104687 -0.104687
vt 0.0802944 -0.0802944
vt 0.0720285 -0.147248
vt 0.0421539 -0.13
vt 0.0514985 -0.196812
vt 0.0181778 -0.187883
vt 0.0444961 -0.25
vt 0.01 -0.25
vt 0.0514985 -0.303188
vt 0.0181778 -0.312117
vt 0.0720285 -0.352752
vt 0.0421539 -0.37
vt 0.104687 -0.395313
vt 0.0802944 -0.419706
vt 0.147248 -0.427972
vt 0.13 -0.457846
vt 0.196812 -0.448502
vt 0.187883 -0.481822
vt 0.269433 -0.322524
vt 0.286311 -0.385513
vt 0.226623 -0.243736
vt 0.225799 -0.25
vt 0.322524 -0.230567
vt 0.273377 -0.243736
vt 0.196909 -0.196909
vt 0.232887 -0.232887
vt 0.230567 -0.177476
vt 0.21369 -0.114487
vt 0.273377 -0.256264
vt 0.322524 -0.269433
vt 0.303091 -0.303091
vt 0.267113 -0.267113
vt 0.262101 -0.270959
vt 0.256264 -0.273377
vt 0.177476 -0.230567
vt 0.177476 -0.269433
vt 0.226623 -0.256264
vt 0.237899 -0.229041
vt 0.286311 -0.114487
vt 0.243736 -0.226623
vt 0.21369 -0.385513
vt 0.303091 -0.196909
vt 0.349202 -0.150798
vt 0.150798 -0.150798
vt 0.232887 -0.267113
vt 0.196909 -0.303091
vt 0.274202 -0.25
vt 0.349202 -0.349202
vt 0.267113 -0.232887
vt 0.114487 -0.21369
vt 0.237899 -0.270959
vt 0.385513 -0.286311
vt 0.114487 -0.286311
vt 0.243736 -0.273377
vt 0.262101 -0.229041
vt 0.385513 -0.21369
vt 0.256264 -0.226623
vt 0.150798 -0.349202
vt 0.230567 -0.322524
vt 0.269433 -0.177476
vt 0.25 -0.390293
vt 0.371497 -0.320147
vt 0.371497 -0.179853
vt 0.25 -0.109707
vt 0.128503 -0.179853
vt 0.128503 -0.320147
vt 0.25 -0.274202
vt 0.25 -0.325082
vt 0.270959 -0.262101
vt 0.315023 -0.287541
vt 0.270959 -0.237899
vt 0.315023 -0.212459
vt 0.25 -0.225799
vt 0.25 -0.174918
vt 0.229041 -0.237899
vt 0.184977 -0.212459
vt 0.229041 -0.262101
vt 0.184977 -0.287541
vt 0.687883 -0.0181777
vt 0.812117 -0.0181777
vt 0.75 -0.00999999
vt 0.63 -0.042154
vt 0.87 -0.042154
vt 0.580294 -0.0802944
vt 0.919706 -0.0802944
vt 0.542154 -0.13
vt 0.957846 -0.13
vt 0.518178 -0.187883
vt 0.981822 -0.187883
vt 0.51 -0.25
vt 0.99 -0.25
vt 0.518178 -0.312117
vt 0.981822 -0.312117
vt 0.542154 -0.37
vt 0.957846 -0.37
vt 0.580294 -0.419706
vt 0.919706 -0.419706
vt 0.63 -0.457846
vt 0.87 -0.457846
vt 0.687883 -0.481822
vt 0.812117 -0.481822
vt 0.75 -0.49
usemtl Rims
f 2763/1354/2463 2764/1355/2463 2765/1356/2464
f 2763/1354/2463 2765/1356/2464 2766/1357/2464
f 2766/1357/2464 2765/1356/2464 2767/1358/2465
f 2766/1357/2464 2767/1358/2465 2768/1359/2465
f 2768/1359/2465 2767/1358/2465 2769/1360/2466
f 2768/1359/2465 2769/1360/2466 2770/1361/2466
f 2770/1361/2466 2769/1360/2466 2771/1362/2467
f 2770/1361/2466 2771/1362/2467 2772/1363/2467
f 2772/1363/2467 2771/1362/2467 2773/1364/2468
f 2772/1363/2467 2773/1364/2468 2774/1365/2468
f 2774/1365/2468 2773/1364/2468 2775/1366/2469
f 2774/1365/2468 2775/1366/2469 2776/1367/2469
f 2776/1367/2469 2775/1366/2469 2777/1368/2470
f 2776/1367/2469 2777/1368/2470 2778/1369/2470
f 2778/1369/2470 2777/1368/2470 2779/1370/2471
f 2778/1369/2470 2779/1370/2471 2780/1371/2471
f 2780/1371/2471 2779/1370/2471 2781/1372/2472
f 2780/1371/2471 2781/1372/2472 2782/1373/2472
f 2782/1373/2472 2781/1372/2472 2783/1374/2473
f 2782/1373/2472 2783/1374/2473 2784/1375/2473
f 2784/1375/2473 2783/1374/2473 2785/1376/2474
f 2784/1375/2473 2785/1376/2474 2786/1377/2474
f 2786/1377/2474 2785/1376/2474 2787/1378/2475
f 2786/1377/2474 2787/1378/2475 2788/1379/2475
f 2788/1379/2475 2787/1378/2475 2789/1380/2476
f 2788/1379/2475 2789/1380/2476 2790/1381/2476
f 2790/1381/2476 2789/1380/2476 2791/1382/2477
f 2790/1381/2476 2791/1382/2477 2792/1383/2477
f 2792/1383/2477 2791/1382/2477 2793/1384/2478
f 2792/1383/2477 2793/1384/2478 2794/1385/2478
f 2794/1385/2478 2793/1384/2478 2795/1386/2479
f 2794/1385/2478 2795/1386/2479 2796/1387/2479
f 2796/1387/2479 2795/1386/2479 2797/1388/2480
f 2796/1387/2479 2797/1388/2480 2798/1389/2480
f 2798/1389/2480 2797/1388/2480 2799/1390/2481
f 2798/1389/2480 2799/1390/2481 2800/1391/2481
f 2800/1391/2481 2799/1390/2481 2801/1392/2482
f 2800/1391/2481 2801/1392/2482 2802/1393/2482
f 2802/1393/2482 2801/1392/2482 2803/1394/2483
f 2802/1393/2482 2803/1394/2483 2804/1395/2483
f 2804/1395/2483 2803/1394/2483 2805/1396/2484
f 2804/1395/2483 2805/1396/2484 2806/1397/2484
f 2806/1397/2484 2805/1396/2484 2807/1398/2485
f 2806/1397/2484 2807/1398/2485 2808/1399/2485
f 2808/1399/2485 2807/1398/2485 2809/1400/2486
f 2808/1399/2485 2809/1400/2486 2810/1401/2486
f 2810/1401/2486 2809/1400/2486 2764/1402/2463
f 2810/1401/2486 2764/1402/2463 2763/1403/2463
f 2811/1404/2487 2812/1405/2487 2765/1406/2487
f 2811/1404/2487 2765/1406/2487 2764/1407/2487
f 2812/1405/2487 2813/1408/2487 2767/1409/2487
f 2812/1405/2487 2767/1409/2487 2765/1406/2487
f 2813/1408/2487 2814/1410/2487 2769/1411/2487
f 2813/1408/2487 2769/1411/2487 2767/1409/2487
f 2814/1410/2487 2815/1412/2487 2771/1413/2487
f 2814/1410/2487 2771/1413/2487 2769/1411/2487
f 2815/1412/2487 2816/1414/2487 2773/1415/2487
f 2815/1412/2487 2773/1415/2487 2771/1413/2487
f 2816/1414/2487 2817/1416/2487 2775/1417/2487
f 2816/1414/2487 2775/1417/2487 2773/1415/2487
f 2817/1416/2487 2818/1418/2487 2777/1419/2487
f 2817/1416/2487 2777/1419/2487 2775/1417/2487
f 2818/1418/2487 2819/1420/2487 2779/1421/2487
f 2818/1418/2487 2779/1421/2487 2777/1419/2487
f 2819/1420/2487 2820/1422/2487 2781/1423/2487
f 2819/1420/2487 2781/1423/2487 2779/1421/2487
f 2820/1422/2487 2821/1424/2487 2783/1425/2487
f 2820/1422/2487 2783/1425/2487 2781/1423/2487
f 2821/1424/2487 2822/1426/2487 2785/1427/2487
f 2821/1424/2487 2785/1427/2487 2783/1425/2487
f 2822/1426/2487 2823/1428/2487 2787/1429/2487
f 2822/1426/2487 2787/1429/2487 2785/1427/2487
f 2823/1428/2487 2824/1430/2487 2789/1431/2487
f 2823/1428/2487 2789/1431/2487 2787/1429/2487
f 2824/1430/2487 2825/1432/2487 2791/1433/2487
f 2824/1430/2487 2791/1433/2487 2789/1431/2487
f 2825/1432/2487 2826/1434/2487 2793/1435/2487
f 2825/1432/2487 2793/1435/2487 2791/1433/2487
f 2826/1434/2487 2827/1436/2487 2795/1437/2487
f 2826/1434/2487 2795/1437/2487 2793/1435/2487
f 2827/1436/2487 2828/1438/2487 2797/1439/2487
f 2827/1436/2487 2797/1439/2487 2795/1437/2487
f 2828/1438/2487 2829/1440/2487 2799/1441/2487
f 2828/1438/2487 2799/1441/2487 2797/1439/2487
f 2829/1440/2487 2830/1442/2487 2801/1443/2487
f 2829/1440/2487 2801/1443/2487 2799/1441/2487
f 2830/1442/2487 2831/1444/2487 2803/1445/2487
f 2830/1442/2487 2803/1445/2487 2801/1443/2487
f 2831/1444/2487 2832/1446/2487 2805/1447/2487
f 2831/1444/2487 2805/1447/2487 2803/1445/2487
f 2832/1446/2487 2833/1448/2487 2807/1449/2487
f 2832/1446/2487 2807/1449/2487 2805/1447/2487
f 2833/1448/2487 2834/1450/2487 2809/1451/2487
f 2833/1448/2487 2809/1451/2487 2807/1449/2487
f 2834/1450/2487 2811/1404/2487 2764/1407/2487
f 2834/1450/2487 2764/1407/2487 2809/1451/2487
f 2818/1418/2488 2817/1416/2489 2835/1416/2489
f 2818/1418/2488 2835/1416/2489 2836/1418/2488
f 2837/1452/2470 2838/1452/2470 2839/1453/2470
f 2837/1452/2470 2839/1453/2470 2840/1453/2470
f 2841/1454/2490 2842/1455/2491 2843/1455/2491
f 2841/1454/2490 2843/1455/2491 2844/1454/2490
f 2817/1416/2489 2816/1414/2492 2845/1414/2492
f 2817/1416/2489 2845/1414/2492 2835/1416/2489
f 2846/1456/2464 2847/1456/2464 2848/1457/2464
f 2846/1456/2464 2848/1457/2464 2849/1457/2464
f 2830/1442/2493 2829/1440/2494 2850/1440/2494
f 2830/1442/2493 2850/1440/2494 2851/1442/2493
f 2852/1458/2472 2853/1458/2472 2854/1459/2472
f 2852/1458/2472 2854/1459/2472 2855/1459/2472
f 2856/1460/2482 2857/1460/2482 2858/1461/2482
f 2856/1460/2482 2858/1461/2482 2859/1461/2482
f 2860/1462/2474 2861/1462/2474 2862/1463/2474
f 2860/1462/2474 2862/1463/2474 2863/1463/2474
f 2864/1464/2484 2865/1464/2484 2866/1465/2484
f 2864/1464/2484 2866/1465/2484 2867/1465/2484
f 2868/1466/2495 2867/1465/2496 2866/1465/2496
f 2868/1466/2495 2866/1465/2496 2869/1466/2495
f 2829/1440/2494 2828/1438/2497 2870/1438/2497
f 2829/1440/2494 2870/1438/2497 2850/1440/2494
f 2871/1467/2498 2868/1466/2495 2869/1466/2495
f 2871/1467/2498 2869/1466/2495 2872/1467/2498
f 2841/1454/2486 2844/1454/2486 2873/1468/2486
f 2841/1454/2486 2873/1468/2486 2874/1468/2486
f 2875/1469/2476 2876/1469/2476 2877/1470/2476
f 2875/1469/2476 2877/1470/2476 2878/1470/2476
f 2879/1471/2499 2855/1459/2500 2854/1459/2500
f 2879/1471/2499 2854/1459/2500 2880/1471/2499
f 2822/1426/2468 2881/1426/2468 2882/1472/2468
f 2822/1426/2468 2882/1472/2468 2883/1472/2468
f 2814/1410/2501 2813/1408/2502 2884/1408/2502
f 2814/1410/2501 2884/1408/2502 2885/1410/2501
f 2886/1473/2503 2879/1471/2499 2880/1471/2499
f 2886/1473/2503 2880/1471/2499 2887/1473/2503
f 2834/1450/2480 2888/1450/2480 2889/1474/2480
f 2834/1450/2480 2889/1474/2480 2890/1474/2480
f 2813/1408/2502 2812/1405/2504 2891/1405/2504
f 2813/1408/2502 2891/1405/2504 2884/1408/2502
f 2826/1434/2505 2825/1432/2506 2892/1432/2506
f 2826/1434/2505 2892/1432/2506 2893/1434/2505
f 2894/1475/2478 2895/1475/2478 2896/1476/2478
f 2894/1475/2478 2896/1476/2478 2897/1476/2478
f 2871/1467/2470 2872/1467/2470 2838/1452/2470
f 2871/1467/2470 2838/1452/2470 2837/1452/2470
f 2825/1432/2506 2824/1430/2507 2898/1430/2507
f 2825/1432/2506 2898/1430/2507 2892/1432/2506
f 2826/1434/2472 2893/1434/2472 2899/1477/2472
f 2826/1434/2472 2899/1477/2472 2900/1477/2472
f 2842/1455/2491 2878/1470/2508 2877/1470/2508
f 2842/1455/2491 2877/1470/2508 2843/1455/2491
f 2901/1478/2466 2902/1478/2466 2903/1479/2466
f 2901/1478/2466 2903/1479/2466 2904/1479/2466
f 2860/1462/2509 2905/1480/2510 2906/1480/2510
f 2860/1462/2509 2906/1480/2510 2861/1462/2509
f 2833/1448/2511 2832/1446/2512 2907/1446/2512
f 2833/1448/2511 2907/1446/2512 2908/1448/2511
f 2814/1410/2484 2885/1410/2484 2909/1481/2484
f 2814/1410/2484 2909/1481/2484 2910/1481/2484
f 2905/1480/2510 2849/1457/2513 2848/1457/2513
f 2905/1480/2510 2848/1457/2513 2906/1480/2510
f 2911/1482/2478 2912/1482/2478 2895/1475/2478
f 2911/1482/2478 2895/1475/2478 2894/1475/2478
f 2874/1468/2486 2873/1468/2486 2913/1483/2486
f 2874/1468/2486 2913/1483/2486 2914/1483/2486
f 2834/1450/2514 2833/1448/2511 2908/1448/2511
f 2834/1450/2514 2908/1448/2511 2888/1450/2514
f 2821/1424/2515 2820/1422/2516 2915/1422/2516
f 2821/1424/2515 2915/1422/2516 2916/1424/2515
f 2901/1478/2517 2917/1484/2518 2918/1484/2518
f 2901/1478/2517 2918/1484/2518 2902/1478/2517
f 2863/1463/2474 2862/1463/2474 2919/1485/2474
f 2863/1463/2474 2919/1485/2474 2920/1485/2474
f 2822/1426/2519 2821/1424/2515 2916/1424/2515
f 2822/1426/2519 2916/1424/2515 2881/1426/2519
f 2830/1442/2476 2851/1442/2476 2921/1486/2476
f 2830/1442/2476 2921/1486/2476 2922/1486/2476
f 2917/1484/2518 2923/1487/2520 2924/1487/2520
f 2917/1484/2518 2924/1487/2520 2918/1484/2518
f 2911/1482/2521 2925/1488/2522 2926/1488/2522
f 2911/1482/2521 2926/1488/2522 2912/1482/2521
f 2818/1418/2464 2836/1418/2464 2927/1489/2464
f 2818/1418/2464 2927/1489/2464 2928/1489/2464
f 2925/1488/2522 2929/1490/2523 2930/1490/2523
f 2925/1488/2522 2930/1490/2523 2926/1488/2522
f 2886/1473/2482 2887/1473/2482 2857/1460/2482
f 2886/1473/2482 2857/1460/2482 2856/1460/2482
f 2904/1479/2466 2903/1479/2466 2931/1491/2466
f 2904/1479/2466 2931/1491/2466 2932/1491/2466
f 2928/1489/2464 2927/1489/2464 2847/1456/2464
f 2928/1489/2464 2847/1456/2464 2846/1456/2464
f 2922/1486/2476 2921/1486/2476 2876/1469/2476
f 2922/1486/2476 2876/1469/2476 2875/1469/2476
f 2910/1481/2484 2909/1481/2484 2865/1464/2484
f 2910/1481/2484 2865/1464/2484 2864/1464/2484
f 2900/1477/2472 2899/1477/2472 2853/1458/2472
f 2900/1477/2472 2853/1458/2472 2852/1458/2472
f 2890/1474/2480 2889/1474/2480 2933/1492/2480
f 2890/1474/2480 2933/1492/2480 2934/1492/2480
f 2883/1472/2468 2882/1472/2468 2935/1493/2468
f 2883/1472/2468 2935/1493/2468 2936/1493/2468
f 2937/1494/2524 2840/1453/2525 2812/1405/2487
f 2937/1494/2524 2812/1405/2487 2811/1404/2487
f 2910/1481/2526 2938/1495/2527 2815/1412/2487
f 2910/1481/2526 2815/1412/2487 2814/1410/2487
f 2938/1495/2527 2920/1485/2528 2816/1414/2487
f 2938/1495/2527 2816/1414/2487 2815/1412/2487
f 2928/1489/2529 2939/1496/2530 2819/1420/2487
f 2928/1489/2529 2819/1420/2487 2818/1418/2487
f 2939/1496/2530 2897/1476/2531 2820/1422/2487
f 2939/1496/2530 2820/1422/2487 2819/1420/2487
f 2883/1472/2532 2940/1497/2533 2823/1428/2487
f 2883/1472/2532 2823/1428/2487 2822/1426/2487
f 2940/1497/2533 2859/1461/2534 2824/1430/2487
f 2940/1497/2533 2824/1430/2487 2823/1428/2487
f 2900/1477/2535 2941/1498/2536 2827/1436/2487
f 2900/1477/2535 2827/1436/2487 2826/1434/2487
f 2941/1498/2536 2914/1483/2537 2828/1438/2487
f 2941/1498/2536 2828/1438/2487 2827/1436/2487
f 2922/1486/2538 2942/1499/2539 2831/1444/2487
f 2922/1486/2538 2831/1444/2487 2830/1442/2487
f 2942/1499/2539 2932/1491/2540 2832/1446/2487
f 2942/1499/2539 2832/1446/2487 2831/1444/2487
f 2890/1474/2541 2937/1494/2524 2811/1404/2487
f 2890/1474/2541 2811/1404/2487 2834/1450/2487
f 2943/1500/2542 2871/1467/2543 2837/1452/2544
f 2943/1500/2542 2837/1452/2544 2944/1501/2545
f 2867/1465/2546 2945/1502/2547 2946/1503/2548
f 2867/1465/2546 2946/1503/2548 2864/1464/2549
f 2945/1502/2547 2860/1462/2550 2863/1463/2551
f 2945/1502/2547 2863/1463/2551 2946/1503/2548
f 2849/1457/2552 2947/1504/2553 2948/1505/2554
f 2849/1457/2552 2948/1505/2554 2846/1456/2555
f 2947/1504/2553 2911/1482/2556 2894/1475/2557
f 2947/1504/2553 2894/1475/2557 2948/1505/2554
f 2929/1490/2558 2949/1506/2559 2950/1507/2560
f 2929/1490/2558 2950/1507/2560 2936/1493/2561
f 2949/1506/2559 2886/1473/2562 2856/1460/2563
f 2949/1506/2559 2856/1460/2563 2950/1507/2560
f 2855/1459/2564 2951/1508/2565 2952/1509/2566
f 2855/1459/2564 2952/1509/2566 2852/1458/2567
f 2951/1508/2565 2841/1454/2568 2874/1468/2569
f 2951/1508/2565 2874/1468/2569 2952/1509/2566
f 2878/1470/2570 2953/1510/2571 2954/1511/2572
f 2878/1470/2570 2954/1511/2572 2875/1469/2573
f 2953/1510/2571 2901/1478/2574 2904/1479/2575
f 2953/1510/2571 2904/1479/2575 2954/1511/2572
f 2923/1487/2576 2943/1500/2542 2944/1501/2545
f 2923/1487/2576 2944/1501/2545 2934/1492/2577
f 2934/1492/2577 2944/1501/2545 2937/1494/2524
f 2934/1492/2577 2937/1494/2524 2890/1474/2541
f 2954/1511/2572 2904/1479/2575 2932/1491/2540
f 2954/1511/2572 2932/1491/2540 2942/1499/2539
f 2875/1469/2573 2954/1511/2572 2942/1499/2539
f 2875/1469/2573 2942/1499/2539 2922/1486/2538
f 2952/1509/2566 2874/1468/2569 2914/1483/2537
f 2952/1509/2566 2914/1483/2537 2941/1498/2536
f 2852/1458/2567 2952/1509/2566 2941/1498/2536
f 2852/1458/2567 2941/1498/2536 2900/1477/2535
f 2950/1507/2560 2856/1460/2563 2859/1461/2534
f 2950/1507/2560 2859/1461/2534 2940/1497/2533
f 2936/1493/2561 2950/1507/2560 2940/1497/2533
f 2936/1493/2561 2940/1497/2533 2883/1472/2532
f 2948/1505/2554 2894/1475/2557 2897/1476/2531
f 2948/1505/2554 2897/1476/2531 2939/1496/2530
f 2846/1456/2555 2948/1505/2554 2939/1496/2530
f 2846/1456/2555 2939/1496/2530 2928/1489/2529
f 2946/1503/2548 2863/1463/2551 2920/1485/2528
f 2946/1503/2548 2920/1485/2528 2938/1495/2527
f 2864/1464/2549 2946/1503/2548 2938/1495/2527
f 2864/1464/2549 2938/1495/2527 2910/1481/2526
f 2944/1501/2545 2837/1452/2544 2840/1453/2525
f 2944/1501/2545 2840/1453/2525 2937/1494/2524
f 2934/1492/2480 2933/1492/2480 2924/1487/2480
f 2934/1492/2480 2924/1487/2480 2923/1487/2480
f 2936/1493/2468 2935/1493/2468 2930/1490/2468
f 2936/1493/2468 2930/1490/2468 2929/1490/2468
f 2932/1491/2466 2931/1491/2466 2907/1446/2466
f 2932/1491/2466 2907/1446/2466 2832/1446/2466
f 2920/1485/2474 2919/1485/2474 2845/1414/2474
f 2920/1485/2474 2845/1414/2474 2816/1414/2474
f 2914/1483/2486 2913/1483/2486 2870/1438/2486
f 2914/1483/2486 2870/1438/2486 2828/1438/2486
f 2897/1476/2478 2896/1476/2478 2915/1422/2478
f 2897/1476/2478 2915/1422/2478 2820/1422/2478
f 2859/1461/2482 2858/1461/2482 2898/1430/2482
f 2859/1461/2482 2898/1430/2482 2824/1430/2482
f 2840/1453/2470 2839/1453/2470 2891/1405/2470
f 2840/1453/2470 2891/1405/2470 2812/1405/2470
f 2929/1490/2558 2886/1473/2562 2949/1506/2559
f 2886/1473/2562 2929/1490/2558 2879/1471/2487
f 2879/1471/2487 2929/1490/2558 2925/1488/2487
f 2879/1471/2487 2925/1488/2487 2855/1459/2564
f 2855/1459/2564 2925/1488/2487 2911/1482/2556
f 2855/1459/2564 2911/1482/2556 2951/1508/2565
f 2951/1508/2565 2911/1482/2556 2947/1504/2553
f 2951/1508/2565 2947/1504/2553 2841/1454/2568
f 2841/1454/2568 2947/1504/2553 2849/1457/2552
f 2841/1454/2568 2849/1457/2552 2905/1480/2487
f 2841/1454/2568 2905/1480/2487 2842/1455/2487
f 2842/1455/2487 2905/1480/2487 2860/1462/2550
f 2842/1455/2487 2860/1462/2550 2878/1470/2570
f 2878/1470/2570 2860/1462/2550 2953/1510/2571
f 2953/1510/2571 2860/1462/2550 2945/1502/2547
f 2953/1510/2571 2945/1502/2547 2901/1478/2574
f 2901/1478/2574 2945/1502/2547 2867/1465/2546
f 2901/1478/2574 2867/1465/2546 2868/1466/2487
f 2901/1478/2574 2868/1466/2487 2917/1484/2487
f 2917/1484/2487 2868/1466/2487 2923/1487/2576
f 2923/1487/2576 2868/1466/2487 2871/1467/2543
f 2923/1487/2576 2871/1467/2543 2943/1500/2542
f 2790/1512/2578 2786/1513/2578 2788/1514/2578
f 2786/1513/2578 2790/1512/2578 2792/1515/2578
f 2786/1513/2578 2792/1515/2578 2784/1516/2578
f 2784/1516/2578 2792/1515/2578 2794/1517/2578
f 2784/1516/2578 2794/1517/2578 2782/1518/2578
f 2782/1518/2578 2794/1517/2578 2796/1519/2578
f 2782/1518/2578 2796/1519/2578 2780/1520/2578
f 2780/1520/2578 2796/1519/2578 2798/1521/2578
f 2780/1520/2578 2798/1521/2578 2778/1522/2578
f 2778/1522/2578 2798/1521/2578 2800/1523/2578
f 2778/1522/2578 2800/1523/2578 2776/1524/2578
f 2776/1524/2578 2800/1523/2578 2802/1525/2578
f 2776/1524/2578 2802/1525/2578 2774/1526/2578
f 2774/1526/2578 2802/1525/2578 2804/1527/2578
f 2774/1526/2578 2804/1527/2578 2772/1528/2578
f 2772/1528/2578 2804/1527/2578 2806/1529/2578
f 2772/1528/2578 2806/1529/2578 2770/1530/2578
f 2770/1530/2578 2806/1529/2578 2808/1531/2578
f 2770/1530/2578 2808/1531/2578 2768/1532/2578
f 2768/1532/2578 2808/1531/2578 2810/1533/2578
f 2768/1532/2578 2810/1533/2578 2766/1534/2578
f 2766/1534/2578 2810/1533/2578 2763/1535/2578
s off
g _11
v 0.896636 0.307735 -1.47142
v 0.896636 0.270106 -1.45583
v 0.896636 0.233846 -1.51863
v 0.896636 0.288965 -1.54147
v 0.896636 0.237794 -1.43104
v 0.896636 0.186515 -1.48232
v 0.896636 0.197414 -1.3611
v 0.896636 0.192098 -1.32072
v 0.896636 0.119578 -1.32072
v 0.896636 0.127365 -1.37987
v 0.896636 0.197414 -1.28033
v 0.896636 0.127365 -1.26157
v 0.896636 0.237794 -1.21039
v 0.896636 0.270107 -1.1856
v 0.896636 0.233847 -1.1228
v 0.896636 0.186515 -1.15911
v 0.896636 0.307735 -1.17001
v 0.896636 0.288966 -1.09996
v 0.896636 0.388496 -1.17001
v 0.896636 0.426124 -1.1856
v 0.896635 0.462384 -1.1228
v 0.896636 0.407265 -1.09996
v 0.896635 0.458437 -1.21039
v 0.896635 0.509716 -1.15911
v 0.896635 0.498817 -1.28033
v 0.896635 0.504133 -1.32072
v 0.896635 0.576653 -1.32072
v 0.896635 0.568866 -1.26157
v 0.896635 0.498817 -1.3611
v 0.896635 0.568866 -1.37987
v 0.896635 0.458437 -1.43104
v 0.896636 0.426124 -1.45583
v 0.896635 0.462384 -1.51863
v 0.896635 0.509716 -1.48232
v 0.896636 0.388496 -1.47142
v 0.896636 0.407265 -1.54147
v 0.858356 0.34115 -1.34671
v 0.858356 0.334658 -1.34402
v 0.881163 0.306367 -1.39303
v 0.881163 0.326505 -1.40137
v 0.858356 0.329084 -1.33975
v 0.881163 0.289074 -1.37976
v 0.858356 0.322118 -1.32768
v 0.858356 0.321201 -1.32072
v 0.881163 0.264618 -1.32072
v 0.881163 0.267463 -1.34233
v 0.858356 0.322118 -1.31375
v 0.881163 0.267463 -1.2991
v 0.858356 0.329084 -1.30168
v 0.858356 0.334658 -1.29741
v 0.881163 0.306367 -1.2484
v 0.881163 0.289074 -1.26167
v 0.858356 0.34115 -1.29472
v 0.881163 0.326505 -1.24006
v 0.858356 0.355081 -1.29472
v 0.858356 0.361573 -1.29741
v 0.881163 0.389864 -1.2484
v 0.881163 0.369726 -1.24006
v 0.858356 0.367147 -1.30168
v 0.881163 0.407157 -1.26167
v 0.858356 0.374113 -1.31375
v 0.858356 0.37503 -1.32072
v 0.881163 0.431613 -1.32072
v 0.881163 0.428768 -1.2991
v 0.858356 0.374113 -1.32768
v 0.881163 0.428768 -1.34233
v 0.858356 0.367147 -1.33975
v 0.858356 0.361573 -1.34402
v 0.881163 0.389864 -1.39303
v 0.881163 0.407157 -1.37976
v 0.858356 0.355081 -1.34671
v 0.881163 0.369726 -1.40137
v 0.935086 0.0149291 -1.21246
v 0.954808 0.0480928 -1.22323
v 0.954808 0.0929009 -1.13529
v 0.935086 0.0646903 -1.11479
v 0.935086 0.631541 -1.11479
v 0.954808 0.60333 -1.13529
v 0.954808 0.648138 -1.22323
v 0.935086 0.681302 -1.21246
v 0.935086 -0.00221736 -1.32072
v 0.954808 0.0326529 -1.32072
v 0.935086 0.554036 -1.03729
v 0.954808 0.53354 -1.0655
v 0.935086 0.456374 -1.6539
v 0.954808 0.445599 -1.62074
v 0.954808 0.348115 -1.63618
v 0.935086 0.348115 -1.67105
v 0.935086 0.0149291 -1.42897
v 0.954808 0.0480927 -1.4182
v 0.935086 0.456374 -0.987529
v 0.954808 0.445599 -1.02069
v 0.935086 0.554036 -1.60414
v 0.954808 0.53354 -1.57593
v 0.935086 0.0646902 -1.52664
v 0.954808 0.0929009 -1.50614
v 0.935086 0.348116 -0.970383
v 0.954808 0.348116 -1.00525
v 0.935086 0.631541 -1.52664
v 0.954808 0.60333 -1.50614
v 0.935086 0.142195 -1.60414
v 0.954808 0.162691 -1.57593
v 0.935086 0.239857 -0.987529
v 0.954808 0.250632 -1.02069
v 0.935086 0.681302 -1.42897
v 0.954808 0.648138 -1.4182
v 0.935086 0.239857 -1.6539
v 0.954808 0.250632 -1.62074
v 0.935086 0.142195 -1.03729
v 0.954808 0.162691 -1.0655
v 0.935086 0.698448 -1.32072
v 0.954808 0.663578 -1.32072
v 0.954808 0.434547 -1.05471
v 0.954808 0.512518 -1.09443
v 0.954808 0.512518 -1.547
v 0.954808 0.434547 -1.58672
v 0.954808 0.121834 -1.48512
v 0.954808 0.0821061 -1.40715
v 0.954808 0.348115 -1.04102
v 0.954808 0.574396 -1.48512
v 0.954808 0.183713 -1.547
v 0.954808 0.261684 -1.05471
v 0.954808 0.614125 -1.40715
v 0.954808 0.261684 -1.58672
v 0.954808 0.183713 -1.09443
v 0.954808 0.627814 -1.32072
v 0.954808 0.348115 -1.60041
v 0.954808 0.121834 -1.15631
v 0.954808 0.614125 -1.23428
v 0.954808 0.0821062 -1.23428
v 0.954808 0.574396 -1.15631
v 0.954808 0.0684167 -1.32072
v 0.802632 0.0646902 -1.52664
v 0.802632 0.142195 -1.60414
v 0.802632 0.348116 -0.970383
v 0.802632 0.239857 -0.987529
v 0.802632 0.631541 -1.52664
v 0.802632 0.681302 -1.42897
v 0.802632 0.239857 -1.6539
v 0.802632 0.142195 -1.03729
v 0.802632 0.698448 -1.32072
v 0.802632 0.348115 -1.67105
v 0.802632 0.0646903 -1.11479
v 0.802632 0.681302 -1.21246
v 0.802632 0.0149291 -1.21246
v 0.802632 0.631541 -1.11479
v 0.802632 -0.00221736 -1.32072
v 0.802632 0.554036 -1.03729
v 0.802632 0.456374 -1.6539
v 0.802632 0.0149291 -1.42897
v 0.802632 0.456374 -0.987529
v 0.802632 0.554036 -1.60414
v 0.677154 0.0149291 -1.21246
v 0.677154 0.0646903 -1.11479
v 0.657432 0.0929009 -1.13529
v 0.657432 0.0480928 -1.22323
v 0.677154 0.631541 -1.11479
v 0.677154 0.681302 -1.21246
v 0.657432 0.648138 -1.22323
v 0.657432 0.60333 -1.13529
v 0.677154 -0.00221736 -1.32072
v 0.657432 0.0326529 -1.32072
v 0.677154 0.554036 -1.03729
v 0.657432 0.53354 -1.0655
v 0.677154 0.456374 -1.6539
v 0.677154 0.348115 -1.67105
v 0.657432 0.348115 -1.63618
v 0.657432 0.445599 -1.62074
v 0.677154 0.0149291 -1.42897
v 0.657432 0.0480927 -1.4182
v 0.677154 0.456374 -0.987529
v 0.657432 0.445599 -1.02069
v 0.677154 0.554036 -1.60414
v 0.657432 0.53354 -1.57593
v 0.677154 0.0646902 -1.52664
v 0.657432 0.0929008 -1.50614
v 0.677154 0.348115 -0.970383
v 0.657432 0.348115 -1.00525
v 0.677154 0.631541 -1.52664
v 0.657432 0.60333 -1.50614
v 0.677154 0.142195 -1.60414
v 0.657432 0.162691 -1.57593
v 0.677154 0.239857 -0.987529
v 0.657432 0.250632 -1.02069
v 0.677154 0.681302 -1.42897
v 0.657432 0.648138 -1.4182
v 0.677154 0.239857 -1.6539
v 0.657432 0.250632 -1.62074
v 0.677154 0.142195 -1.03729
v 0.657432 0.162691 -1.0655
v 0.677154 0.698448 -1.32072
v 0.657432 0.663578 -1.32072
v 0.657432 0.512518 -1.09443
v 0.657432 0.434547 -1.05471
v 0.657432 0.434547 -1.58672
v 0.657432 0.512518 -1.547
v 0.657432 0.0821061 -1.40715
v 0.657432 0.121834 -1.48512
v 0.657432 0.348115 -1.04102
v 0.657432 0.574396 -1.48512
v 0.657432 0.183713 -1.547
v 0.657432 0.261684 -1.05471
v 0.657432 0.614125 -1.40715
v 0.657432 0.261684 -1.58672
v 0.657432 0.183713 -1.09443
v 0.657432 0.627814 -1.32072
v 0.657432 0.348115 -1.60041
v 0.657432 0.121834 -1.15631
v 0.657432 0.614125 -1.23428
v 0.657432 0.0821062 -1.23428
v 0.657432 0.574396 -1.15631
v 0.657432 0.0684167 -1.32072
vn 0.995277 0.0371483 0.0896835
vn 0.995357 0.0481252 0.083355
vn 1 8.94084e-08 3.22572e-08
vn 0.995277 0.0590942 0.077013
vn 0.995277 0.0962424 0.0126706
vn 0.995357 0.0962501 5.95317e-09
vn 0.995277 0.0962424 -0.0126705
vn 0.995277 0.0590942 -0.0770131
vn 0.995357 0.0481251 -0.083355
vn 0.995277 0.0371483 -0.0896835
vn 0.995277 -0.0371482 -0.0896835
vn 0.995357 -0.048125 -0.083355
vn 0.995277 -0.0590941 -0.0770131
vn 0.995277 -0.0962423 -0.0126705
vn 0.995357 -0.09625 2.57528e-09
vn 0.995277 -0.0962423 0.0126705
vn 0.995277 -0.059094 0.0770131
vn 0.995357 -0.0481249 0.083355
vn 0.995277 -0.0371481 0.0896836
vn 0.926372 0.144123 0.347941
vn 0.927494 0.18692 0.323754
vn 0.958308 0.142869 0.247455
vn 0.957631 0.110213 0.266076
vn 0.926372 0.229265 0.298784
vn 0.957631 0.175323 0.228485
vn 0.926372 0.373387 0.0491575
vn 0.927494 0.373839 7.13441e-08
vn 0.958308 0.285737 4.37817e-08
vn 0.957631 0.285535 0.0375914
vn 0.926372 0.373387 -0.0491573
vn 0.957631 0.285535 -0.0375914
vn 0.926372 0.229265 -0.298784
vn 0.927494 0.18692 -0.323754
vn 0.958308 0.142869 -0.247455
vn 0.957631 0.175322 -0.228485
vn 0.926372 0.144122 -0.347941
vn 0.957631 0.110213 -0.266076
vn 0.926372 -0.144123 -0.347941
vn 0.927494 -0.18692 -0.323754
vn 0.958308 -0.142869 -0.247455
vn 0.957631 -0.110213 -0.266076
vn 0.926372 -0.229265 -0.298784
vn 0.957631 -0.175322 -0.228485
vn 0.926372 -0.373387 -0.0491574
vn 0.927494 -0.373839 -1.26448e-07
vn 0.958308 -0.285737 -5.62621e-08
vn 0.957631 -0.285535 -0.0375914
vn 0.926372 -0.373387 0.0491572
vn 0.957631 -0.285535 0.0375913
vn 0.926372 -0.229265 0.298784
vn 0.927494 -0.186919 0.323754
vn 0.958308 -0.142868 0.247455
vn 0.957631 -0.175322 0.228485
vn 0.926372 -0.144122 0.347941
vn 0.957631 -0.110212 0.266076
vn 0.870427 -0.468203 0.152128
vn 0.960576 -0.264409 0.0859118
vn 0.960576 -0.22492 0.163414
vn 0.870427 -0.398277 0.289365
vn 0.870427 0.398277 0.289365
vn 0.960576 0.22492 0.163414
vn 0.960576 0.264409 0.0859117
vn 0.870427 0.468203 0.152128
vn 0.870427 -0.492298 7.23895e-08
vn 0.960576 -0.278016 4.0351e-08
vn 0.870427 0.289365 0.398277
vn 0.960576 0.163414 0.22492
vn 0.870427 0.152128 -0.468203
vn 0.960576 0.0859119 -0.264409
vn 0.960576 9.08549e-09 -0.278016
vn 0.870427 -8.02055e-08 -0.492298
vn 0.870427 -0.468203 -0.152128
vn 0.960576 -0.264409 -0.0859118
vn 0.870427 0.152128 0.468203
vn 0.960576 0.0859119 0.264409
vn 0.870427 0.289365 -0.398277
vn 0.960576 0.163414 -0.22492
vn 0.870427 -0.398277 -0.289365
vn 0.960576 -0.22492 -0.163414
vn 0.870427 7.76001e-08 0.492298
vn 0.960576 9.84291e-08 0.278016
vn 0.870427 0.398277 -0.289365
vn 0.960576 0.22492 -0.163414
vn 0.870427 -0.289365 -0.398277
vn 0.960576 -0.163414 -0.22492
vn 0.870427 -0.152128 0.468203
vn 0.960576 -0.0859117 0.264409
vn 0.870427 0.468203 -0.152128
vn 0.960576 0.264409 -0.0859118
vn 0.870427 -0.152128 -0.468203
vn 0.960576 -0.0859118 -0.264409
vn 0.870427 -0.289365 0.398277
vn 0.960576 -0.163414 0.22492
vn 0.870427 0.492298 -7.76001e-08
vn 0.960576 0.278016 -5.94251e-08
vn 0 -0.809017 -0.587785
vn 3.42799e-08 -0.587786 -0.809017
vn 1.4312e-16 1.58118e-07 1
vn 4.17222e-08 -0.309017 0.951057
vn 0 0.809017 -0.587785
vn 0 0.951057 -0.309017
vn 4.06509e-08 -0.309017 -0.951057
vn 3.42799e-08 -0.587785 0.809017
vn 0 1 -1.58118e-07
vn 1.07125e-09 -4.76652e-08 -1
vn 0 -0.809017 0.587785
vn 0 0.951057 0.309017
vn 0 -0.951057 0.309017
vn -3.42799e-08 0.809017 0.587785
vn 0 -1 1.62921e-07
vn -6.76571e-08 0.587785 0.809017
vn -3.8677e-08 0.309017 -0.951057
vn 0 -0.951057 -0.309017
vn -3.8677e-08 0.309017 0.951057
vn -6.76571e-08 0.587785 -0.809017
vn -0.870427 -0.468203 0.152128
vn -0.870427 -0.398277 0.289365
vn -0.960576 -0.22492 0.163414
vn -0.960576 -0.264409 0.0859118
vn -0.870427 0.398277 0.289365
vn -0.870427 0.468203 0.152128
vn -0.960576 0.264409 0.0859118
vn -0.960576 0.22492 0.163414
vn -0.870427 -0.492298 5.41521e-08
vn -0.960576 -0.278017 3.04637e-08
vn -0.870427 0.289365 0.398277
vn -0.960576 0.163414 0.22492
vn -0.870427 0.152128 -0.468203
vn -0.870427 -6.97842e-08 -0.492298
vn -0.960576 -3.78792e-08 -0.278016
vn -0.960576 0.0859117 -0.264409
vn -0.870427 -0.468203 -0.152128
vn -0.960576 -0.264409 -0.0859117
vn -0.870427 0.152128 0.468203
vn -0.960576 0.0859118 0.264409
vn -0.870427 0.289365 -0.398277
vn -0.960576 0.163414 -0.22492
vn -0.870427 -0.398277 -0.289365
vn -0.960576 -0.22492 -0.163414
vn -0.870427 9.06269e-08 0.492298
vn -0.960576 5.02383e-08 0.278017
vn -0.870427 0.398277 -0.289365
vn -0.960576 0.22492 -0.163414
vn -0.870427 -0.289365 -0.398277
vn -0.960576 -0.163414 -0.22492
vn -0.870427 -0.152128 0.468203
vn -0.960576 -0.0859118 0.264409
vn -0.870427 0.468203 -0.152128
vn -0.960576 0.264409 -0.0859119
vn -0.870427 -0.152128 -0.468203
vn -0.960576 -0.085912 -0.264409
vn -0.870427 -0.289365 0.398277
vn -0.960576 -0.163414 0.22492
vn -0.870427 0.492298 -1.1668e-07
vn -0.960576 0.278016 -6.7541e-08
vn -1 -8.01812e-08 -1.7336e-08
vt 0.286311 -0.385513
vt 0.320147 -0.371497
vt 0.352752 -0.427972
vt 0.303188 -0.448502
vt 0.349202 -0.349202
vt 0.395313 -0.395313
vt 0.385513 -0.286311
vt 0.390293 -0.25
vt 0.455504 -0.25
vt 0.448502 -0.303188
vt 0.385513 -0.21369
vt 0.448502 -0.196812
vt 0.349202 -0.150798
vt 0.320147 -0.128503
vt 0.352752 -0.0720285
vt 0.395313 -0.104687
vt 0.286311 -0.114487
vt 0.303188 -0.0514985
vt 0.21369 -0.114487
vt 0.179853 -0.128503
vt 0.147248 -0.0720284
vt 0.196812 -0.0514985
vt 0.150798 -0.150798
vt 0.104687 -0.104687
vt 0.114487 -0.21369
vt 0.109707 -0.25
vt 0.0444961 -0.25
vt 0.0514985 -0.196812
vt 0.114487 -0.286311
vt 0.0514985 -0.303188
vt 0.150798 -0.349202
vt 0.179854 -0.371497
vt 0.147248 -0.427972
vt 0.104687 -0.395313
vt 0.21369 -0.385513
vt 0.196812 -0.448502
vt 0.256264 -0.273377
vt 0.262101 -0.270959
vt 0.287541 -0.315023
vt 0.269433 -0.322524
vt 0.267113 -0.267113
vt 0.303091 -0.303091
vt 0.273377 -0.256264
vt 0.274202 -0.25
vt 0.325082 -0.25
vt 0.322524 -0.269433
vt 0.273377 -0.243736
vt 0.322524 -0.230567
vt 0.267113 -0.232887
vt 0.262101 -0.229041
vt 0.287541 -0.184977
vt 0.303091 -0.196909
vt 0.256264 -0.226623
vt 0.269433 -0.177476
vt 0.243736 -0.226623
vt 0.237899 -0.229041
vt 0.212459 -0.184977
vt 0.230567 -0.177476
vt 0.232887 -0.232887
vt 0.196909 -0.196909
vt 0.226623 -0.243736
vt 0.225799 -0.25
vt 0.174918 -0.25
vt 0.177476 -0.230567
vt 0.226623 -0.256264
vt 0.177476 -0.269433
vt 0.232887 -0.267113
vt 0.237899 -0.270959
vt 0.212459 -0.315023
vt 0.196909 -0.303091
vt 0.243736 -0.273377
vt 0.230567 -0.322524
vt 0 0
usemtl Plastic
f 2955/1536/2579 2956/1537/2580 2957/1538/2581
f 2955/1536/2579 2957/1538/2581 2958/1539/2581
f 2956/1537/2580 2959/1540/2582 2960/1541/2581
f 2956/1537/2580 2960/1541/2581 2957/1538/2581
f 2961/1542/2583 2962/1543/2584 2963/1544/2581
f 2961/1542/2583 2963/1544/2581 2964/1545/2581
f 2962/1543/2584 2965/1546/2585 2966/1547/2581
f 2962/1543/2584 2966/1547/2581 2963/1544/2581
f 2967/1548/2586 2968/1549/2587 2969/1550/2581
f 2967/1548/2586 2969/1550/2581 2970/1551/2581
f 2968/1549/2587 2971/1552/2588 2972/1553/2581
f 2968/1549/2587 2972/1553/2581 2969/1550/2581
f 2973/1554/2589 2974/1555/2590 2975/1556/2581
f 2973/1554/2589 2975/1556/2581 2976/1557/2581
f 2974/1555/2590 2977/1558/2591 2978/1559/2581
f 2974/1555/2590 2978/1559/2581 2975/1556/2581
f 2979/1560/2592 2980/1561/2593 2981/1562/2581
f 2979/1560/2592 2981/1562/2581 2982/1563/2581
f 2980/1561/2593 2983/1564/2594 2984/1565/2581
f 2980/1561/2593 2984/1565/2581 2981/1562/2581
f 2985/1566/2595 2986/1567/2596 2987/1568/2581
f 2985/1566/2595 2987/1568/2581 2988/1569/2581
f 2986/1567/2596 2989/1570/2597 2990/1571/2581
f 2986/1567/2596 2990/1571/2581 2987/1568/2581
f 2991/1572/2598 2992/1573/2599 2993/1574/2600
f 2991/1572/2598 2993/1574/2600 2994/1575/2601
f 2992/1573/2599 2995/1576/2602 2996/1577/2603
f 2992/1573/2599 2996/1577/2603 2993/1574/2600
f 2997/1578/2604 2998/1579/2605 2999/1580/2606
f 2997/1578/2604 2999/1580/2606 3000/1581/2607
f 2998/1579/2605 3001/1582/2608 3002/1583/2609
f 2998/1579/2605 3002/1583/2609 2999/1580/2606
f 3003/1584/2610 3004/1585/2611 3005/1586/2612
f 3003/1584/2610 3005/1586/2612 3006/1587/2613
f 3004/1585/2611 3007/1588/2614 3008/1589/2615
f 3004/1585/2611 3008/1589/2615 3005/1586/2612
f 3009/1590/2616 3010/1591/2617 3011/1592/2618
f 3009/1590/2616 3011/1592/2618 3012/1593/2619
f 3010/1591/2617 3013/1594/2620 3014/1595/2621
f 3010/1591/2617 3014/1595/2621 3011/1592/2618
f 3015/1596/2622 3016/1597/2623 3017/1598/2624
f 3015/1596/2622 3017/1598/2624 3018/1599/2625
f 3016/1597/2623 3019/1600/2626 3020/1601/2627
f 3016/1597/2623 3020/1601/2627 3017/1598/2624
f 3021/1602/2628 3022/1603/2629 3023/1604/2630
f 3021/1602/2628 3023/1604/2630 3024/1605/2631
f 3022/1603/2629 3025/1606/2632 3026/1607/2633
f 3022/1603/2629 3026/1607/2633 3023/1604/2630
f 3023/1604/2630 3026/1607/2633 2989/1570/2597
f 3023/1604/2630 2989/1570/2597 2986/1567/2596
f 3024/1605/2631 3023/1604/2630 2986/1567/2596
f 3024/1605/2631 2986/1567/2596 2985/1566/2595
f 3017/1598/2624 3020/1601/2627 2983/1564/2594
f 3017/1598/2624 2983/1564/2594 2980/1561/2593
f 3018/1599/2625 3017/1598/2624 2980/1561/2593
f 3018/1599/2625 2980/1561/2593 2979/1560/2592
f 3011/1592/2618 3014/1595/2621 2977/1558/2591
f 3011/1592/2618 2977/1558/2591 2974/1555/2590
f 3012/1593/2619 3011/1592/2618 2974/1555/2590
f 3012/1593/2619 2974/1555/2590 2973/1554/2589
f 3005/1586/2612 3008/1589/2615 2971/1552/2588
f 3005/1586/2612 2971/1552/2588 2968/1549/2587
f 3006/1587/2613 3005/1586/2612 2968/1549/2587
f 3006/1587/2613 2968/1549/2587 2967/1548/2586
f 2999/1580/2606 3002/1583/2609 2965/1546/2585
f 2999/1580/2606 2965/1546/2585 2962/1543/2584
f 3000/1581/2607 2999/1580/2606 2962/1543/2584
f 3000/1581/2607 2962/1543/2584 2961/1542/2583
f 2993/1574/2600 2996/1577/2603 2959/1540/2582
f 2993/1574/2600 2959/1540/2582 2956/1537/2580
f 2994/1575/2601 2993/1574/2600 2956/1537/2580
f 2994/1575/2601 2956/1537/2580 2955/1536/2579
f 3027/1608/2634 3028/1608/2635 3029/1608/2636
f 3027/1608/2634 3029/1608/2636 3030/1608/2637
f 3031/1608/2638 3032/1608/2639 3033/1608/2640
f 3031/1608/2638 3033/1608/2640 3034/1608/2641
f 3035/1608/2642 3036/1608/2643 3028/1608/2635
f 3035/1608/2642 3028/1608/2635 3027/1608/2634
f 3037/1608/2644 3038/1608/2645 3032/1608/2639
f 3037/1608/2644 3032/1608/2639 3031/1608/2638
f 3039/1608/2646 3040/1608/2647 3041/1608/2648
f 3039/1608/2646 3041/1608/2648 3042/1608/2649
f 3043/1608/2650 3044/1608/2651 3036/1608/2643
f 3043/1608/2650 3036/1608/2643 3035/1608/2642
f 3045/1608/2652 3046/1608/2653 3038/1608/2645
f 3045/1608/2652 3038/1608/2645 3037/1608/2644
f 3047/1608/2654 3048/1608/2655 3040/1608/2647
f 3047/1608/2654 3040/1608/2647 3039/1608/2646
f 3049/1608/2656 3050/1608/2657 3044/1608/2651
f 3049/1608/2656 3044/1608/2651 3043/1608/2650
f 3051/1608/2658 3052/1608/2659 3046/1608/2653
f 3051/1608/2658 3046/1608/2653 3045/1608/2652
f 3053/1608/2660 3054/1608/2661 3048/1608/2655
f 3053/1608/2660 3048/1608/2655 3047/1608/2654
f 3055/1608/2662 3056/1608/2663 3050/1608/2657
f 3055/1608/2662 3050/1608/2657 3049/1608/2656
f 3057/1608/2664 3058/1608/2665 3052/1608/2659
f 3057/1608/2664 3052/1608/2659 3051/1608/2658
f 3059/1608/2666 3060/1608/2667 3054/1608/2661
f 3059/1608/2666 3054/1608/2661 3053/1608/2660
f 3061/1608/2668 3062/1608/2669 3056/1608/2663
f 3061/1608/2668 3056/1608/2663 3055/1608/2662
f 3063/1608/2670 3064/1608/2671 3058/1608/2665
f 3063/1608/2670 3058/1608/2665 3057/1608/2664
f 3065/1608/2672 3066/1608/2673 3060/1608/2667
f 3065/1608/2672 3060/1608/2667 3059/1608/2666
f 3042/1608/2649 3041/1608/2648 3062/1608/2669
f 3042/1608/2649 3062/1608/2669 3061/1608/2668
f 3030/1608/2637 3029/1608/2636 3064/1608/2671
f 3030/1608/2637 3064/1608/2671 3063/1608/2670
f 3034/1608/2641 3033/1608/2640 3066/1608/2673
f 3034/1608/2641 3066/1608/2673 3065/1608/2672
f 3046/1608/2653 3067/1608/2581 3068/1608/2581
f 3046/1608/2653 3068/1608/2581 3038/1608/2645
f 3048/1608/2655 3069/1608/2581 3070/1608/2581
f 3048/1608/2655 3070/1608/2581 3040/1608/2647
f 3050/1608/2657 3071/1608/2581 3072/1608/2581
f 3050/1608/2657 3072/1608/2581 3044/1608/2651
f 3052/1608/2659 3073/1608/2581 3067/1608/2581
f 3052/1608/2659 3067/1608/2581 3046/1608/2653
f 3054/1608/2661 3074/1608/2581 3069/1608/2581
f 3054/1608/2661 3069/1608/2581 3048/1608/2655
f 3056/1608/2663 3075/1608/2581 3071/1608/2581
f 3056/1608/2663 3071/1608/2581 3050/1608/2657
f 3058/1608/2665 3076/1608/2581 3073/1608/2581
f 3058/1608/2665 3073/1608/2581 3052/1608/2659
f 3060/1608/2667 3077/1608/2581 3074/1608/2581
f 3060/1608/2667 3074/1608/2581 3054/1608/2661
f 3062/1608/2669 3078/1608/2581 3075/1608/2581
f 3062/1608/2669 3075/1608/2581 3056/1608/2663
f 3064/1608/2671 3079/1608/2581 3076/1608/2581
f 3064/1608/2671 3076/1608/2581 3058/1608/2665
f 3066/1608/2673 3080/1608/2581 3077/1608/2581
f 3066/1608/2673 3077/1608/2581 3060/1608/2667
f 3041/1608/2648 3081/1608/2581 3078/1608/2581
f 3041/1608/2648 3078/1608/2581 3062/1608/2669
f 3029/1608/2636 3082/1608/2581 3079/1608/2581
f 3029/1608/2636 3079/1608/2581 3064/1608/2671
f 3033/1608/2640 3083/1608/2581 3080/1608/2581
f 3033/1608/2640 3080/1608/2581 3066/1608/2673
f 3028/1608/2635 3084/1608/2581 3082/1608/2581
f 3028/1608/2635 3082/1608/2581 3029/1608/2636
f 3032/1608/2639 3085/1608/2581 3083/1608/2581
f 3032/1608/2639 3083/1608/2581 3033/1608/2640
f 3036/1608/2643 3086/1608/2581 3084/1608/2581
f 3036/1608/2643 3084/1608/2581 3028/1608/2635
f 3038/1608/2645 3068/1608/2581 3085/1608/2581
f 3038/1608/2645 3085/1608/2581 3032/1608/2639
f 3040/1608/2647 3070/1608/2581 3081/1608/2581
f 3040/1608/2647 3081/1608/2581 3041/1608/2648
f 3044/1608/2651 3072/1608/2581 3086/1608/2581
f 3044/1608/2651 3086/1608/2581 3036/1608/2643
f 3049/1608/2674 3087/1608/2674 3088/1608/2675
f 3049/1608/2674 3088/1608/2675 3055/1608/2675
f 3051/1608/2676 3089/1608/2676 3090/1608/2677
f 3051/1608/2676 3090/1608/2677 3057/1608/2677
f 3053/1608/2678 3091/1608/2678 3092/1608/2679
f 3053/1608/2678 3092/1608/2679 3059/1608/2679
f 3055/1608/2675 3088/1608/2675 3093/1608/2680
f 3055/1608/2675 3093/1608/2680 3061/1608/2680
f 3057/1608/2677 3090/1608/2677 3094/1608/2681
f 3057/1608/2677 3094/1608/2681 3063/1608/2681
f 3059/1608/2679 3092/1608/2679 3095/1608/2682
f 3059/1608/2679 3095/1608/2682 3065/1608/2682
f 3061/1608/2680 3093/1608/2680 3096/1608/2683
f 3061/1608/2680 3096/1608/2683 3042/1608/2683
f 3063/1608/2681 3094/1608/2681 3097/1608/2684
f 3063/1608/2681 3097/1608/2684 3030/1608/2684
f 3065/1608/2682 3095/1608/2682 3098/1608/2685
f 3065/1608/2682 3098/1608/2685 3034/1608/2685
f 3030/1608/2684 3097/1608/2684 3099/1608/2686
f 3030/1608/2684 3099/1608/2686 3027/1608/2686
f 3034/1608/2685 3098/1608/2685 3100/1608/2687
f 3034/1608/2685 3100/1608/2687 3031/1608/2687
f 3027/1608/2686 3099/1608/2686 3101/1608/2688
f 3027/1608/2686 3101/1608/2688 3035/1608/2688
f 3031/1608/2687 3100/1608/2687 3102/1608/2689
f 3031/1608/2687 3102/1608/2689 3037/1608/2689
f 3042/1608/2683 3096/1608/2683 3103/1608/2690
f 3042/1608/2683 3103/1608/2690 3039/1608/2690
f 3035/1608/2688 3101/1608/2688 3104/1608/2691
f 3035/1608/2688 3104/1608/2691 3043/1608/2691
f 3037/1608/2689 3102/1608/2689 3105/1608/2692
f 3037/1608/2689 3105/1608/2692 3045/1608/2692
f 3039/1608/2690 3103/1608/2690 3106/1608/2693
f 3039/1608/2690 3106/1608/2693 3047/1608/2693
f 3043/1608/2691 3104/1608/2691 3087/1608/2674
f 3043/1608/2691 3087/1608/2674 3049/1608/2674
f 3045/1608/2692 3105/1608/2692 3089/1608/2676
f 3045/1608/2692 3089/1608/2676 3051/1608/2676
f 3047/1608/2693 3106/1608/2693 3091/1608/2678
f 3047/1608/2693 3091/1608/2678 3053/1608/2678
f 3107/1608/2694 3108/1608/2695 3109/1608/2696
f 3107/1608/2694 3109/1608/2696 3110/1608/2697
f 3111/1608/2698 3112/1608/2699 3113/1608/2700
f 3111/1608/2698 3113/1608/2700 3114/1608/2701
f 3115/1608/2702 3107/1608/2694 3110/1608/2697
f 3115/1608/2702 3110/1608/2697 3116/1608/2703
f 3117/1608/2704 3111/1608/2698 3114/1608/2701
f 3117/1608/2704 3114/1608/2701 3118/1608/2705
f 3119/1608/2706 3120/1608/2707 3121/1608/2708
f 3119/1608/2706 3121/1608/2708 3122/1608/2709
f 3123/1608/2710 3115/1608/2702 3116/1608/2703
f 3123/1608/2710 3116/1608/2703 3124/1608/2711
f 3125/1608/2712 3117/1608/2704 3118/1608/2705
f 3125/1608/2712 3118/1608/2705 3126/1608/2713
f 3127/1608/2714 3119/1608/2706 3122/1608/2709
f 3127/1608/2714 3122/1608/2709 3128/1608/2715
f 3129/1608/2716 3123/1608/2710 3124/1608/2711
f 3129/1608/2716 3124/1608/2711 3130/1608/2717
f 3131/1608/2718 3125/1608/2712 3126/1608/2713
f 3131/1608/2718 3126/1608/2713 3132/1608/2719
f 3133/1608/2720 3127/1608/2714 3128/1608/2715
f 3133/1608/2720 3128/1608/2715 3134/1608/2721
f 3135/1608/2722 3129/1608/2716 3130/1608/2717
f 3135/1608/2722 3130/1608/2717 3136/1608/2723
f 3137/1608/2724 3131/1608/2718 3132/1608/2719
f 3137/1608/2724 3132/1608/2719 3138/1608/2725
f 3139/1608/2726 3133/1608/2720 3134/1608/2721
f 3139/1608/2726 3134/1608/2721 3140/1608/2727
f 3141/1608/2728 3135/1608/2722 3136/1608/2723
f 3141/1608/2728 3136/1608/2723 3142/1608/2729
f 3143/1608/2730 3137/1608/2724 3138/1608/2725
f 3143/1608/2730 3138/1608/2725 3144/1608/2731
f 3145/1608/2732 3139/1608/2726 3140/1608/2727
f 3145/1608/2732 3140/1608/2727 3146/1608/2733
f 3120/1608/2707 3141/1608/2728 3142/1608/2729
f 3120/1608/2707 3142/1608/2729 3121/1608/2708
f 3108/1608/2695 3143/1608/2730 3144/1608/2731
f 3108/1608/2695 3144/1608/2731 3109/1608/2696
f 3112/1608/2699 3145/1608/2732 3146/1608/2733
f 3112/1608/2699 3146/1608/2733 3113/1608/2700
f 3126/1608/2713 3118/1608/2705 3147/1608/2734
f 3126/1608/2713 3147/1608/2734 3148/1608/2734
f 3128/1608/2715 3122/1608/2709 3149/1608/2734
f 3128/1608/2715 3149/1608/2734 3150/1608/2734
f 3130/1608/2717 3124/1608/2711 3151/1608/2734
f 3130/1608/2717 3151/1608/2734 3152/1608/2734
f 3132/1608/2719 3126/1608/2713 3148/1608/2734
f 3132/1608/2719 3148/1608/2734 3153/1608/2734
f 3134/1608/2721 3128/1608/2715 3150/1608/2734
f 3134/1608/2721 3150/1608/2734 3154/1608/2734
f 3136/1608/2723 3130/1608/2717 3152/1608/2734
f 3136/1608/2723 3152/1608/2734 3155/1608/2734
f 3138/1608/2725 3132/1608/2719 3153/1608/2734
f 3138/1608/2725 3153/1608/2734 3156/1608/2734
f 3140/1608/2727 3134/1608/2721 3154/1608/2734
f 3140/1608/2727 3154/1608/2734 3157/1608/2734
f 3142/1608/2729 3136/1608/2723 3155/1608/2734
f 3142/1608/2729 3155/1608/2734 3158/1608/2734
f 3144/1608/2731 3138/1608/2725 3156/1608/2734
f 3144/1608/2731 3156/1608/2734 3159/1608/2734
f 3146/1608/2733 3140/1608/2727 3157/1608/2734
f 3146/1608/2733 3157/1608/2734 3160/1608/2734
f 3121/1608/2708 3142/1608/2729 3158/1608/2734
f 3121/1608/2708 3158/1608/2734 3161/1608/2734
f 3109/1608/2696 3144/1608/2731 3159/1608/2734
f 3109/1608/2696 3159/1608/2734 3162/1608/2734
f 3113/1608/2700 3146/1608/2733 3160/1608/2734
f 3113/1608/2700 3160/1608/2734 3163/1608/2734
f 3110/1608/2697 3109/1608/2696 3162/1608/2734
f 3110/1608/2697 3162/1608/2734 3164/1608/2734
f 3114/1608/2701 3113/1608/2700 3163/1608/2734
f 3114/1608/2701 3163/1608/2734 3165/1608/2734
f 3116/1608/2703 3110/1608/2697 3164/1608/2734
f 3116/1608/2703 3164/1608/2734 3166/1608/2734
f 3118/1608/2705 3114/1608/2701 3165/1608/2734
f 3118/1608/2705 3165/1608/2734 3147/1608/2734
f 3122/1608/2709 3121/1608/2708 3161/1608/2734
f 3122/1608/2709 3161/1608/2734 3149/1608/2734
f 3124/1608/2711 3116/1608/2703 3166/1608/2734
f 3124/1608/2711 3166/1608/2734 3151/1608/2734
f 3129/1608/2674 3135/1608/2675 3088/1608/2675
f 3129/1608/2674 3088/1608/2675 3087/1608/2674
f 3131/1608/2676 3137/1608/2677 3090/1608/2677
f 3131/1608/2676 3090/1608/2677 3089/1608/2676
f 3133/1608/2678 3139/1608/2679 3092/1608/2679
f 3133/1608/2678 3092/1608/2679 3091/1608/2678
f 3135/1608/2675 3141/1608/2680 3093/1608/2680
f 3135/1608/2675 3093/1608/2680 3088/1608/2675
f 3137/1608/2677 3143/1608/2681 3094/1608/2681
f 3137/1608/2677 3094/1608/2681 3090/1608/2677
f 3139/1608/2679 3145/1608/2682 3095/1608/2682
f 3139/1608/2679 3095/1608/2682 3092/1608/2679
f 3141/1608/2680 3120/1608/2683 3096/1608/2683
f 3141/1608/2680 3096/1608/2683 3093/1608/2680
f 3143/1608/2681 3108/1608/2684 3097/1608/2684
f 3143/1608/2681 3097/1608/2684 3094/1608/2681
f 3145/1608/2682 3112/1608/2685 3098/1608/2685
f 3145/1608/2682 3098/1608/2685 3095/1608/2682
f 3108/1608/2684 3107/1608/2686 3099/1608/2686
f 3108/1608/2684 3099/1608/2686 3097/1608/2684
f 3112/1608/2685 3111/1608/2687 3100/1608/2687
f 3112/1608/2685 3100/1608/2687 3098/1608/2685
f 3107/1608/2686 3115/1608/2688 3101/1608/2688
f 3107/1608/2686 3101/1608/2688 3099/1608/2686
f 3111/1608/2687 3117/1608/2689 3102/1608/2689
f 3111/1608/2687 3102/1608/2689 3100/1608/2687
f 3120/1608/2683 3119/1608/2690 3103/1608/2690
f 3120/1608/2683 3103/1608/2690 3096/1608/2683
f 3115/1608/2688 3123/1608/2691 3104/1608/2691
f 3115/1608/2688 3104/1608/2691 3101/1608/2688
f 3117/1608/2689 3125/1608/2692 3105/1608/2692
f 3117/1608/2689 3105/1608/2692 3102/1608/2689
f 3119/1608/2690 3127/1608/2693 3106/1608/2693
f 3119/1608/2690 3106/1608/2693 3103/1608/2690
f 3123/1608/2691 3129/1608/2674 3087/1608/2674
f 3123/1608/2691 3087/1608/2674 3104/1608/2691
f 3125/1608/2692 3131/1608/2676 3089/1608/2676
f 3125/1608/2692 3089/1608/2676 3105/1608/2692
f 3127/1608/2693 3133/1608/2678 3091/1608/2678
f 3127/1608/2693 3091/1608/2678 3106/1608/2693
f 3148/1608/2734 3156/1608/2734 3153/1608/2734
f 3156/1608/2734 3148/1608/2734 3147/1608/2734
f 3156/1608/2734 3147/1608/2734 3159/1608/2734
f 3159/1608/2734 3147/1608/2734 3165/1608/2734
f 3159/1608/2734 3165/1608/2734 3162/1608/2734
f 3162/1608/2734 3165/1608/2734 3163/1608/2734
f 3162/1608/2734 3163/1608/2734 3164/1608/2734
f 3164/1608/2734 3163/1608/2734 3160/1608/2734
f 3164/1608/2734 3160/1608/2734 3166/1608/2734
f 3166/1608/2734 3160/1608/2734 3157/1608/2734
f 3166/1608/2734 3157/1608/2734 3151/1608/2734
f 3151/1608/2734 3157/1608/2734 3154/1608/2734
f 3151/1608/2734 3154/1608/2734 3152/1608/2734
f 3152/1608/2734 3154/1608/2734 3150/1608/2734
f 3152/1608/2734 3150/1608/2734 3155/1608/2734
f 3155/1608/2734 3150/1608/2734 3149/1608/2734
f 3155/1608/2734 3149/1608/2734 3158/1608/2734
f 3158/1608/2734 3149/1608/2734 3161/1608/2734
s off
g _12
v 0.792981 0.348116 1.28948
v 0.950955 0.348116 1.28948
v 0.950955 0.27345 1.29931
v 0.792981 0.27345 1.29931
v 0.950955 0.203873 1.32813
v 0.792981 0.203873 1.32813
v 0.950955 0.144126 1.37397
v 0.792981 0.144126 1.37397
v 0.950955 0.0982801 1.43372
v 0.792981 0.0982801 1.43372
v 0.950955 0.0694603 1.5033
v 0.792981 0.0694603 1.5033
v 0.950955 0.0596304 1.57796
v 0.792981 0.0596304 1.57796
v 0.950955 0.0694604 1.65263
v 0.792981 0.0694604 1.65263
v 0.950955 0.0982802 1.72221
v 0.792981 0.0982802 1.72221
v 0.950955 0.144126 1.78195
v 0.792981 0.144126 1.78195
v 0.950955 0.203873 1.8278
v 0.792981 0.203873 1.8278
v 0.950955 0.27345 1.85662
v 0.792981 0.27345 1.85662
v 0.950955 0.348116 1.86645
v 0.792981 0.348116 1.86645
v 0.950955 0.422782 1.85662
v 0.792981 0.422782 1.85662
v 0.950955 0.492359 1.8278
v 0.792981 0.492359 1.8278
v 0.950955 0.552106 1.78195
v 0.792981 0.552106 1.78195
v 0.950955 0.597952 1.72221
v 0.792981 0.597952 1.72221
v 0.950955 0.626772 1.65263
v 0.792981 0.626772 1.65263
v 0.950955 0.636601 1.57796
v 0.792981 0.636601 1.57796
v 0.950955 0.626772 1.5033
v 0.792981 0.626772 1.5033
v 0.950955 0.597952 1.43372
v 0.792981 0.597952 1.43372
v 0.950955 0.552106 1.37397
v 0.792981 0.552106 1.37397
v 0.950955 0.492359 1.32813
v 0.792981 0.492359 1.32813
v 0.950955 0.422781 1.29931
v 0.792981 0.422781 1.29931
v 0.950955 0.348116 1.3089
v 0.950955 0.278478 1.31807
v 0.950955 0.213585 1.34495
v 0.950955 0.157861 1.38771
v 0.950955 0.115102 1.44343
v 0.950955 0.0882229 1.50832
v 0.950955 0.0790549 1.57796
v 0.950955 0.0882229 1.6476
v 0.950955 0.115102 1.71249
v 0.950955 0.157861 1.76822
v 0.950955 0.213585 1.81098
v 0.950955 0.278478 1.83786
v 0.950955 0.348116 1.84702
v 0.950955 0.417754 1.83786
v 0.950955 0.482647 1.81098
v 0.950955 0.538371 1.76822
v 0.950955 0.58113 1.71249
v 0.950955 0.608009 1.6476
v 0.950955 0.617177 1.57796
v 0.950955 0.608009 1.50832
v 0.950955 0.58113 1.44343
v 0.950955 0.538371 1.38771
v 0.950955 0.482646 1.34495
v 0.950955 0.417754 1.31807
v 0.890691 0.119578 1.57796
v 0.890691 0.127365 1.63711
v 0.934231 0.324757 1.49079
v 0.875218 0.326505 1.49731
v 0.890691 0.307736 1.42726
v 0.950955 0.30447 1.41507
v 0.90958 0.376215 1.58549
v 0.90958 0.377207 1.57796
v 0.852411 0.37503 1.57796
v 0.852411 0.374113 1.58493
v 0.890691 0.127365 1.51881
v 0.934231 0.260941 1.60132
v 0.875218 0.267463 1.59957
v 0.852411 0.322119 1.58493
v 0.90958 0.320016 1.58549
v 0.890691 0.576654 1.57796
v 0.890691 0.568867 1.51881
v 0.934231 0.411933 1.64178
v 0.875218 0.407158 1.637
v 0.852411 0.367147 1.59699
v 0.90958 0.368686 1.59853
v 0.934231 0.371475 1.66514
v 0.875218 0.369727 1.65862
v 0.890691 0.388496 1.72866
v 0.950955 0.391762 1.74085
v 0.90958 0.320016 1.57043
v 0.852411 0.322119 1.571
v 0.875218 0.267463 1.55635
v 0.934231 0.260941 1.5546
v 0.934231 0.284299 1.51415
v 0.875218 0.289074 1.51892
v 0.852411 0.329085 1.55893
v 0.90958 0.327546 1.55739
v 0.90958 0.333571 1.55277
v 0.852411 0.334659 1.55465
v 0.890691 0.568867 1.63711
v 0.90958 0.340587 1.54986
v 0.852411 0.34115 1.55197
v 0.875218 0.428769 1.59957
v 0.934231 0.435291 1.60132
v 0.934231 0.435291 1.5546
v 0.875218 0.428769 1.55635
v 0.852411 0.374113 1.571
v 0.90958 0.376215 1.57043
v 0.90958 0.362661 1.60316
v 0.852411 0.361573 1.60127
v 0.890691 0.288966 1.79871
v 0.890691 0.307736 1.72866
v 0.950955 0.30447 1.74085
v 0.890691 0.233847 1.38004
v 0.890691 0.186515 1.41636
v 0.90958 0.355645 1.60606
v 0.852411 0.355082 1.60396
v 0.890691 0.407266 1.35721
v 0.890691 0.388496 1.42726
v 0.950955 0.391762 1.41507
v 0.890691 0.288966 1.35721
v 0.890691 0.462385 1.77588
v 0.890691 0.509717 1.73956
v 0.934231 0.284299 1.64178
v 0.875218 0.289074 1.637
v 0.890691 0.237795 1.68828
v 0.950955 0.228873 1.69721
v 0.890691 0.407266 1.79871
v 0.890691 0.458437 1.68828
v 0.950955 0.467359 1.69721
v 0.90958 0.368686 1.55739
v 0.852411 0.367147 1.55893
v 0.875218 0.407158 1.51892
v 0.934231 0.411933 1.51415
v 0.90958 0.319025 1.57796
v 0.852411 0.321202 1.57796
v 0.890691 0.509717 1.41636
v 0.890691 0.462385 1.38004
v 0.890691 0.237795 1.46764
v 0.950955 0.228873 1.45872
v 0.90958 0.327546 1.59853
v 0.852411 0.329085 1.59699
v 0.890691 0.498818 1.61834
v 0.950955 0.511005 1.62161
v 0.890691 0.186515 1.73956
v 0.890691 0.233847 1.77588
v 0.90958 0.362661 1.55277
v 0.852411 0.361573 1.55465
v 0.890691 0.197414 1.53758
v 0.950955 0.185227 1.53432
v 0.890691 0.498818 1.53758
v 0.950955 0.511005 1.53432
v 0.90958 0.355645 1.54986
v 0.852411 0.355082 1.55197
v 0.90958 0.333571 1.60316
v 0.852411 0.334659 1.60127
v 0.890691 0.197414 1.61834
v 0.950955 0.185227 1.62161
v 0.90958 0.340587 1.60606
v 0.852411 0.34115 1.60396
v 0.890691 0.458437 1.46764
v 0.950955 0.467359 1.45872
v 0.875218 0.369727 1.49731
v 0.934231 0.371475 1.49079
v 0.875218 0.326505 1.65862
v 0.934231 0.324757 1.66514
v 0.950955 0.348116 1.40933
v 0.950955 0.202073 1.49365
v 0.950955 0.202073 1.66228
v 0.950955 0.348116 1.7466
v 0.950955 0.494159 1.66228
v 0.950955 0.494159 1.49365
v 0.90958 0.348116 1.54887
v 0.934231 0.348116 1.48771
v 0.90958 0.322923 1.56342
v 0.934231 0.269957 1.53284
v 0.90958 0.322923 1.59251
v 0.934231 0.269957 1.62309
v 0.90958 0.348116 1.60705
v 0.934231 0.348116 1.66821
v 0.90958 0.373309 1.59251
v 0.934231 0.426275 1.62309
v 0.90958 0.373309 1.56342
v 0.934231 0.426275 1.53284
vn -1.23371e-09 -3.16012e-07 -1
vn 2.59079e-08 -0.258819 -0.965926
vn 1.97394e-08 -0.5 -0.866025
vn 0 -0.707107 -0.707107
vn 0 -0.866026 -0.5
vn 0 -0.965926 -0.258819
vn 0 -1 1.62921e-07
vn 0 -0.965926 0.258819
vn 0 -0.866025 0.5
vn 0 -0.707107 0.707107
vn 1.97394e-08 -0.5 0.866026
vn 2.59079e-08 -0.258819 0.965926
vn -1.23371e-09 9.82896e-09 1
vn -1.7272e-08 0.258819 0.965926
vn -9.86969e-09 0.5 0.866025
vn 0 0.707107 0.707107
vn 0 0.866026 0.5
vn 0 0.965926 0.258819
vn 0 1 -1.48568e-07
vn 0 0.965926 -0.258819
vn 0 0.866025 -0.5
vn 0 0.707107 -0.707107
vn -9.86969e-09 0.5 -0.866025
vn -1.7272e-08 0.258819 -0.965926
vn 1 8.68498e-08 3.18924e-07
vn 0.5547 0.824932 -0.108604
vn 0.558 0.829841 -1.25191e-07
vn -0.0377207 0.990739 0.130434
vn -0.0380457 0.999276 5.57081e-07
vn 0.5547 0.824932 0.108604
vn 0.554699 -0.824933 0.108605
vn 0.558 -0.829841 1.40202e-07
vn -0.0380456 -0.499639 -0.865398
vn -0.0377206 -0.608328 -0.792789
vn 0.554699 -0.824932 -0.108605
vn -0.0377206 -0.382413 -0.923221
vn -0.0380458 0.499639 0.865398
vn -0.0377208 0.608328 0.792789
vn 0.554699 0.506521 0.66011
vn 0.558 0.414921 0.718663
vn -0.0377208 0.382413 0.923221
vn 0.554699 0.318412 0.768715
vn 0.5547 -0.50652 -0.66011
vn 0.558 -0.41492 -0.718663
vn 0.5547 -0.318412 -0.768715
vn -0.0377207 0.990739 -0.130433
vn -0.0377206 -0.990739 -0.130433
vn -0.0380457 -0.999276 -2.40333e-07
vn 0.558 -0.41492 0.718663
vn 0.554699 -0.50652 0.66011
vn -0.0377207 -0.990739 0.130433
vn 0.554699 -0.318412 0.768715
vn 0.558 0.41492 -0.718663
vn 0.5547 0.50652 -0.66011
vn -0.0377206 0.608328 -0.792789
vn -0.0380456 0.499638 -0.865398
vn 0.5547 0.318412 -0.768715
vn -0.0377206 0.382412 -0.923222
vn -0.0377207 -0.608328 0.792789
vn -0.0380458 -0.499638 0.865398
vn -0.0377208 -0.382412 0.923222
vn 0.995357 3.53399e-08 0.0962503
vn 0.995277 0.0126706 0.0962426
vn 0.995277 0.0770133 0.0590944
vn 0.995357 0.0833553 0.0481252
vn 0.995277 0.0896838 0.0371483
vn 0.995277 0.0896838 -0.0371483
vn 0.995357 0.0833553 -0.0481252
vn 0.995277 0.0770133 -0.0590944
vn 0.995277 0.0126707 -0.0962426
vn 0.995357 6.09325e-08 -0.0962503
vn 0.995277 -0.0126706 -0.0962426
vn 0.995277 -0.0770132 -0.0590943
vn 0.995357 -0.0833552 -0.0481252
vn 0.995277 -0.0896838 -0.0371483
vn 0.995277 -0.0896837 0.0371483
vn 0.995357 -0.0833552 0.0481252
vn 0.995277 -0.0770132 0.0590944
vn 0.995277 -0.0126705 0.0962426
vn 0.978637 -3.68125e-08 0.205598
vn 0.989889 0.0185144 0.140631
vn 0.957631 0.0375911 0.285534
vn 0.958308 -4.61591e-08 0.285736
vn 0.989889 0.112533 0.0863497
vn 0.978637 0.178053 0.102799
vn 0.958308 0.247455 0.142868
vn 0.957631 0.228484 0.175322
vn 0.989889 0.131048 0.0542818
vn 0.957631 0.266075 0.110212
vn 0.989889 0.131048 -0.0542819
vn 0.978637 0.178053 -0.102799
vn 0.958308 0.247455 -0.142868
vn 0.957631 0.266075 -0.110212
vn 0.989889 0.112533 -0.0863498
vn 0.957631 0.228484 -0.175322
vn 0.989889 0.0185145 -0.140631
vn 0.978637 8.40891e-08 -0.205598
vn 0.958308 9.66749e-08 -0.285736
vn 0.957631 0.0375914 -0.285534
vn 0.989889 -0.0185144 -0.140631
vn 0.957631 -0.0375912 -0.285534
vn 0.989889 -0.112533 -0.0863497
vn 0.978637 -0.178053 -0.102799
vn 0.958308 -0.247455 -0.142868
vn 0.957631 -0.228484 -0.175322
vn 0.989889 -0.131047 -0.0542816
vn 0.957631 -0.266075 -0.110212
vn 0.989889 -0.131048 0.054282
vn 0.978637 -0.178053 0.102799
vn 0.958308 -0.247455 0.142868
vn 0.957631 -0.266075 0.110213
vn 0.989889 -0.112533 0.0863497
vn 0.957631 -0.228484 0.175322
vn 0.989889 -0.0185144 0.140631
vn 0.957631 -0.0375912 0.285534
vn -1 -7.46684e-08 1.2165e-14
vt 1 -0.8631
vt 1 -1
vt 0.958333 -1
vt 0.958333 -0.8631
vt 0.916667 -1
vt 0.916667 -0.8631
vt 0.875 -1
vt 0.875 -0.8631
vt 0.833333 -1
vt 0.833333 -0.8631
vt 0.791667 -1
vt 0.791667 -0.8631
vt 0.75 -1
vt 0.75 -0.8631
vt 0.708333 -1
vt 0.708333 -0.8631
vt 0.666667 -1
vt 0.666667 -0.8631
vt 0.625 -1
vt 0.625 -0.8631
vt 0.583333 -1
vt 0.583333 -0.8631
vt 0.541666 -1
vt 0.541666 -0.8631
vt 0.5 -1
vt 0.5 -0.8631
vt 0.458333 -1
vt 0.458333 -0.8631
vt 0.416666 -1
vt 0.416666 -0.8631
vt 0.375 -1
vt 0.375 -0.8631
vt 0.333333 -1
vt 0.333333 -0.8631
vt 0.291667 -1
vt 0.291667 -0.8631
vt 0.25 -1
vt 0.25 -0.8631
vt 0.208333 -1
vt 0.208333 -0.8631
vt 0.166666 -1
vt 0.166666 -0.8631
vt 0.125 -1
vt 0.125 -0.8631
vt 0.0833331 -1
vt 0.0833331 -0.8631
vt 0.0416665 -1
vt 0.0416665 -0.8631
vt -1.86265e-07 -1
vt -1.86265e-07 -0.8631
vt 0.25 -0.455504
vt 0.303188 -0.448502
vt 0.312117 -0.481822
vt 0.25 -0.49
vt 0.352752 -0.427972
vt 0.37 -0.457846
vt 0.395313 -0.395313
vt 0.419706 -0.419706
vt 0.427972 -0.352752
vt 0.457846 -0.37
vt 0.448502 -0.303188
vt 0.481822 -0.312117
vt 0.455504 -0.25
vt 0.49 -0.25
vt 0.448502 -0.196812
vt 0.481822 -0.187883
vt 0.427972 -0.147248
vt 0.457846 -0.13
vt 0.395313 -0.104687
vt 0.419706 -0.0802944
vt 0.352752 -0.0720285
vt 0.37 -0.042154
vt 0.303188 -0.0514985
vt 0.312117 -0.0181777
vt 0.25 -0.0444962
vt 0.25 -0.00999999
vt 0.196812 -0.0514985
vt 0.187883 -0.0181777
vt 0.147248 -0.0720284
vt 0.13 -0.042154
vt 0.104687 -0.104687
vt 0.0802944 -0.0802944
vt 0.0720285 -0.147248
vt 0.0421539 -0.13
vt 0.0514985 -0.196812
vt 0.0181778 -0.187883
vt 0.0444961 -0.25
vt 0.01 -0.25
vt 0.0514985 -0.303188
vt 0.0181778 -0.312117
vt 0.0720285 -0.352752
vt 0.0421539 -0.37
vt 0.104687 -0.395313
vt 0.0802944 -0.419706
vt 0.147248 -0.427972
vt 0.13 -0.457846
vt 0.196812 -0.448502
vt 0.187883 -0.481822
vt 0.269433 -0.322524
vt 0.286311 -0.385513
vt 0.226623 -0.243736
vt 0.225799 -0.25
vt 0.322524 -0.230567
vt 0.273377 -0.243736
vt 0.196909 -0.196909
vt 0.232887 -0.232887
vt 0.230567 -0.177476
vt 0.21369 -0.114487
vt 0.273377 -0.256264
vt 0.322524 -0.269433
vt 0.303091 -0.303091
vt 0.267113 -0.267113
vt 0.262101 -0.270959
vt 0.256264 -0.273377
vt 0.177476 -0.230567
vt 0.177476 -0.269433
vt 0.226623 -0.256264
vt 0.237899 -0.229041
vt 0.286311 -0.114487
vt 0.243736 -0.226623
vt 0.21369 -0.385513
vt 0.303091 -0.196909
vt 0.349202 -0.150798
vt 0.150798 -0.150798
vt 0.232887 -0.267113
vt 0.196909 -0.303091
vt 0.274202 -0.25
vt 0.349202 -0.349202
vt 0.267113 -0.232887
vt 0.114487 -0.21369
vt 0.237899 -0.270959
vt 0.385513 -0.286311
vt 0.114487 -0.286311
vt 0.243736 -0.273377
vt 0.262101 -0.229041
vt 0.385513 -0.21369
vt 0.256264 -0.226623
vt 0.150798 -0.349202
vt 0.230567 -0.322524
vt 0.269433 -0.177476
vt 0.25 -0.390293
vt 0.371497 -0.320147
vt 0.371497 -0.179853
vt 0.25 -0.109707
vt 0.128503 -0.179853
vt 0.128503 -0.320147
vt 0.25 -0.274202
vt 0.25 -0.325082
vt 0.270959 -0.262101
vt 0.315023 -0.287541
vt 0.270959 -0.237899
vt 0.315023 -0.212459
vt 0.25 -0.225799
vt 0.25 -0.174918
vt 0.229041 -0.237899
vt 0.184977 -0.212459
vt 0.229041 -0.262101
vt 0.184977 -0.287541
vt 0.687883 -0.0181777
vt 0.812117 -0.0181777
vt 0.75 -0.00999999
vt 0.63 -0.042154
vt 0.87 -0.042154
vt 0.580294 -0.0802944
vt 0.919706 -0.0802944
vt 0.542154 -0.13
vt 0.957846 -0.13
vt 0.518178 -0.187883
vt 0.981822 -0.187883
vt 0.51 -0.25
vt 0.99 -0.25
vt 0.518178 -0.312117
vt 0.981822 -0.312117
vt 0.542154 -0.37
vt 0.957846 -0.37
vt 0.580294 -0.419706
vt 0.919706 -0.419706
vt 0.63 -0.457846
vt 0.87 -0.457846
vt 0.687883 -0.481822
vt 0.812117 -0.481822
vt 0.75 -0.49
usemtl Rims
f 3167/1609/2735 3168/1610/2735 3169/1611/2736
f 3167/1609/2735 3169/1611/2736 3170/1612/2736
f 3170/1612/2736 3169/1611/2736 3171/1613/2737
f 3170/1612/2736 3171/1613/2737 3172/1614/2737
f 3172/1614/2737 3171/1613/2737 3173/1615/2738
f 3172/1614/2737 3173/1615/2738 3174/1616/2738
f 3174/1616/2738 3173/1615/2738 3175/1617/2739
f 3174/1616/2738 3175/1617/2739 3176/1618/2739
f 3176/1618/2739 3175/1617/2739 3177/1619/2740
f 3176/1618/2739 3177/1619/2740 3178/1620/2740
f 3178/1620/2740 3177/1619/2740 3179/1621/2741
f 3178/1620/2740 3179/1621/2741 3180/1622/2741
f 3180/1622/2741 3179/1621/2741 3181/1623/2742
f 3180/1622/2741 3181/1623/2742 3182/1624/2742
f 3182/1624/2742 3181/1623/2742 3183/1625/2743
f 3182/1624/2742 3183/1625/2743 3184/1626/2743
f 3184/1626/2743 3183/1625/2743 3185/1627/2744
f 3184/1626/2743 3185/1627/2744 3186/1628/2744
f 3186/1628/2744 3185/1627/2744 3187/1629/2745
f 3186/1628/2744 3187/1629/2745 3188/1630/2745
f 3188/1630/2745 3187/1629/2745 3189/1631/2746
f 3188/1630/2745 3189/1631/2746 3190/1632/2746
f 3190/1632/2746 3189/1631/2746 3191/1633/2747
f 3190/1632/2746 3191/1633/2747 3192/1634/2747
f 3192/1634/2747 3191/1633/2747 3193/1635/2748
f 3192/1634/2747 3193/1635/2748 3194/1636/2748
f 3194/1636/2748 3193/1635/2748 3195/1637/2749
f 3194/1636/2748 3195/1637/2749 3196/1638/2749
f 3196/1638/2749 3195/1637/2749 3197/1639/2750
f 3196/1638/2749 3197/1639/2750 3198/1640/2750
f 3198/1640/2750 3197/1639/2750 3199/1641/2751
f 3198/1640/2750 3199/1641/2751 3200/1642/2751
f 3200/1642/2751 3199/1641/2751 3201/1643/2752
f 3200/1642/2751 3201/1643/2752 3202/1644/2752
f 3202/1644/2752 3201/1643/2752 3203/1645/2753
f 3202/1644/2752 3203/1645/2753 3204/1646/2753
f 3204/1646/2753 3203/1645/2753 3205/1647/2754
f 3204/1646/2753 3205/1647/2754 3206/1648/2754
f 3206/1648/2754 3205/1647/2754 3207/1649/2755
f 3206/1648/2754 3207/1649/2755 3208/1650/2755
f 3208/1650/2755 3207/1649/2755 3209/1651/2756
f 3208/1650/2755 3209/1651/2756 3210/1652/2756
f 3210/1652/2756 3209/1651/2756 3211/1653/2757
f 3210/1652/2756 3211/1653/2757 3212/1654/2757
f 3212/1654/2757 3211/1653/2757 3213/1655/2758
f 3212/1654/2757 3213/1655/2758 3214/1656/2758
f 3214/1656/2758 3213/1655/2758 3168/1657/2735
f 3214/1656/2758 3168/1657/2735 3167/1658/2735
f 3215/1659/2759 3216/1660/2759 3169/1661/2759
f 3215/1659/2759 3169/1661/2759 3168/1662/2759
f 3216/1660/2759 3217/1663/2759 3171/1664/2759
f 3216/1660/2759 3171/1664/2759 3169/1661/2759
f 3217/1663/2759 3218/1665/2759 3173/1666/2759
f 3217/1663/2759 3173/1666/2759 3171/1664/2759
f 3218/1665/2759 3219/1667/2759 3175/1668/2759
f 3218/1665/2759 3175/1668/2759 3173/1666/2759
f 3219/1667/2759 3220/1669/2759 3177/1670/2759
f 3219/1667/2759 3177/1670/2759 3175/1668/2759
f 3220/1669/2759 3221/1671/2759 3179/1672/2759
f 3220/1669/2759 3179/1672/2759 3177/1670/2759
f 3221/1671/2759 3222/1673/2759 3181/1674/2759
f 3221/1671/2759 3181/1674/2759 3179/1672/2759
f 3222/1673/2759 3223/1675/2759 3183/1676/2759
f 3222/1673/2759 3183/1676/2759 3181/1674/2759
f 3223/1675/2759 3224/1677/2759 3185/1678/2759
f 3223/1675/2759 3185/1678/2759 3183/1676/2759
f 3224/1677/2759 3225/1679/2759 3187/1680/2759
f 3224/1677/2759 3187/1680/2759 3185/1678/2759
f 3225/1679/2759 3226/1681/2759 3189/1682/2759
f 3225/1679/2759 3189/1682/2759 3187/1680/2759
f 3226/1681/2759 3227/1683/2759 3191/1684/2759
f 3226/1681/2759 3191/1684/2759 3189/1682/2759
f 3227/1683/2759 3228/1685/2759 3193/1686/2759
f 3227/1683/2759 3193/1686/2759 3191/1684/2759
f 3228/1685/2759 3229/1687/2759 3195/1688/2759
f 3228/1685/2759 3195/1688/2759 3193/1686/2759
f 3229/1687/2759 3230/1689/2759 3197/1690/2759
f 3229/1687/2759 3197/1690/2759 3195/1688/2759
f 3230/1689/2759 3231/1691/2759 3199/1692/2759
f 3230/1689/2759 3199/1692/2759 3197/1690/2759
f 3231/1691/2759 3232/1693/2759 3201/1694/2759
f 3231/1691/2759 3201/1694/2759 3199/1692/2759
f 3232/1693/2759 3233/1695/2759 3203/1696/2759
f 3232/1693/2759 3203/1696/2759 3201/1694/2759
f 3233/1695/2759 3234/1697/2759 3205/1698/2759
f 3233/1695/2759 3205/1698/2759 3203/1696/2759
f 3234/1697/2759 3235/1699/2759 3207/1700/2759
f 3234/1697/2759 3207/1700/2759 3205/1698/2759
f 3235/1699/2759 3236/1701/2759 3209/1702/2759
f 3235/1699/2759 3209/1702/2759 3207/1700/2759
f 3236/1701/2759 3237/1703/2759 3211/1704/2759
f 3236/1701/2759 3211/1704/2759 3209/1702/2759
f 3237/1703/2759 3238/1705/2759 3213/1706/2759
f 3237/1703/2759 3213/1706/2759 3211/1704/2759
f 3238/1705/2759 3215/1659/2759 3168/1662/2759
f 3238/1705/2759 3168/1662/2759 3213/1706/2759
f 3222/1673/2760 3221/1671/2761 3239/1671/2761
f 3222/1673/2760 3239/1671/2761 3240/1673/2760
f 3241/1707/2742 3242/1707/2742 3243/1708/2742
f 3241/1707/2742 3243/1708/2742 3244/1708/2742
f 3245/1709/2762 3246/1710/2763 3247/1710/2763
f 3245/1709/2762 3247/1710/2763 3248/1709/2762
f 3221/1671/2761 3220/1669/2764 3249/1669/2764
f 3221/1671/2761 3249/1669/2764 3239/1671/2761
f 3250/1711/2736 3251/1711/2736 3252/1712/2736
f 3250/1711/2736 3252/1712/2736 3253/1712/2736
f 3234/1697/2765 3233/1695/2766 3254/1695/2766
f 3234/1697/2765 3254/1695/2766 3255/1697/2765
f 3256/1713/2744 3257/1713/2744 3258/1714/2744
f 3256/1713/2744 3258/1714/2744 3259/1714/2744
f 3260/1715/2754 3261/1715/2754 3262/1716/2754
f 3260/1715/2754 3262/1716/2754 3263/1716/2754
f 3264/1717/2746 3265/1717/2746 3266/1718/2746
f 3264/1717/2746 3266/1718/2746 3267/1718/2746
f 3268/1719/2756 3269/1719/2756 3270/1720/2756
f 3268/1719/2756 3270/1720/2756 3271/1720/2756
f 3272/1721/2767 3271/1720/2768 3270/1720/2768
f 3272/1721/2767 3270/1720/2768 3273/1721/2767
f 3233/1695/2766 3232/1693/2769 3274/1693/2769
f 3233/1695/2766 3274/1693/2769 3254/1695/2766
f 3275/1722/2770 3272/1721/2767 3273/1721/2767
f 3275/1722/2770 3273/1721/2767 3276/1722/2770
f 3245/1709/2758 3248/1709/2758 3277/1723/2758
f 3245/1709/2758 3277/1723/2758 3278/1723/2758
f 3279/1724/2748 3280/1724/2748 3281/1725/2748
f 3279/1724/2748 3281/1725/2748 3282/1725/2748
f 3283/1726/2771 3259/1714/2772 3258/1714/2772
f 3283/1726/2771 3258/1714/2772 3284/1726/2771
f 3226/1681/2740 3285/1681/2740 3286/1727/2740
f 3226/1681/2740 3286/1727/2740 3287/1727/2740
f 3218/1665/2773 3217/1663/2774 3288/1663/2774
f 3218/1665/2773 3288/1663/2774 3289/1665/2773
f 3290/1728/2775 3283/1726/2771 3284/1726/2771
f 3290/1728/2775 3284/1726/2771 3291/1728/2775
f 3238/1705/2752 3292/1705/2752 3293/1729/2752
f 3238/1705/2752 3293/1729/2752 3294/1729/2752
f 3217/1663/2774 3216/1660/2776 3295/1660/2776
f 3217/1663/2774 3295/1660/2776 3288/1663/2774
f 3230/1689/2777 3229/1687/2778 3296/1687/2778
f 3230/1689/2777 3296/1687/2778 3297/1689/2777
f 3298/1730/2750 3299/1730/2750 3300/1731/2750
f 3298/1730/2750 3300/1731/2750 3301/1731/2750
f 3275/1722/2742 3276/1722/2742 3242/1707/2742
f 3275/1722/2742 3242/1707/2742 3241/1707/2742
f 3229/1687/2778 3228/1685/2779 3302/1685/2779
f 3229/1687/2778 3302/1685/2779 3296/1687/2778
f 3230/1689/2744 3297/1689/2744 3303/1732/2744
f 3230/1689/2744 3303/1732/2744 3304/1732/2744
f 3246/1710/2763 3282/1725/2780 3281/1725/2780
f 3246/1710/2763 3281/1725/2780 3247/1710/2763
f 3305/1733/2738 3306/1733/2738 3307/1734/2738
f 3305/1733/2738 3307/1734/2738 3308/1734/2738
f 3264/1717/2781 3309/1735/2782 3310/1735/2782
f 3264/1717/2781 3310/1735/2782 3265/1717/2781
f 3237/1703/2783 3236/1701/2784 3311/1701/2784
f 3237/1703/2783 3311/1701/2784 3312/1703/2783
f 3218/1665/2756 3289/1665/2756 3313/1736/2756
f 3218/1665/2756 3313/1736/2756 3314/1736/2756
f 3309/1735/2782 3253/1712/2785 3252/1712/2785
f 3309/1735/2782 3252/1712/2785 3310/1735/2782
f 3315/1737/2750 3316/1737/2750 3299/1730/2750
f 3315/1737/2750 3299/1730/2750 3298/1730/2750
f 3278/1723/2758 3277/1723/2758 3317/1738/2758
f 3278/1723/2758 3317/1738/2758 3318/1738/2758
f 3238/1705/2786 3237/1703/2783 3312/1703/2783
f 3238/1705/2786 3312/1703/2783 3292/1705/2786
f 3225/1679/2787 3224/1677/2788 3319/1677/2788
f 3225/1679/2787 3319/1677/2788 3320/1679/2787
f 3305/1733/2789 3321/1739/2790 3322/1739/2790
f 3305/1733/2789 3322/1739/2790 3306/1733/2789
f 3267/1718/2746 3266/1718/2746 3323/1740/2746
f 3267/1718/2746 3323/1740/2746 3324/1740/2746
f 3226/1681/2791 3225/1679/2787 3320/1679/2787
f 3226/1681/2791 3320/1679/2787 3285/1681/2791
f 3234/1697/2748 3255/1697/2748 3325/1741/2748
f 3234/1697/2748 3325/1741/2748 3326/1741/2748
f 3321/1739/2790 3327/1742/2792 3328/1742/2792
f 3321/1739/2790 3328/1742/2792 3322/1739/2790
f 3315/1737/2793 3329/1743/2794 3330/1743/2794
f 3315/1737/2793 3330/1743/2794 3316/1737/2793
f 3222/1673/2736 3240/1673/2736 3331/1744/2736
f 3222/1673/2736 3331/1744/2736 3332/1744/2736
f 3329/1743/2794 3333/1745/2795 3334/1745/2795
f 3329/1743/2794 3334/1745/2795 3330/1743/2794
f 3290/1728/2754 3291/1728/2754 3261/1715/2754
f 3290/1728/2754 3261/1715/2754 3260/1715/2754
f 3308/1734/2738 3307/1734/2738 3335/1746/2738
f 3308/1734/2738 3335/1746/2738 3336/1746/2738
f 3332/1744/2736 3331/1744/2736 3251/1711/2736
f 3332/1744/2736 3251/1711/2736 3250/1711/2736
f 3326/1741/2748 3325/1741/2748 3280/1724/2748
f 3326/1741/2748 3280/1724/2748 3279/1724/2748
f 3314/1736/2756 3313/1736/2756 3269/1719/2756
f 3314/1736/2756 3269/1719/2756 3268/1719/2756
f 3304/1732/2744 3303/1732/2744 3257/1713/2744
f 3304/1732/2744 3257/1713/2744 3256/1713/2744
f 3294/1729/2752 3293/1729/2752 3337/1747/2752
f 3294/1729/2752 3337/1747/2752 3338/1747/2752
f 3287/1727/2740 3286/1727/2740 3339/1748/2740
f 3287/1727/2740 3339/1748/2740 3340/1748/2740
f 3341/1749/2796 3244/1708/2797 3216/1660/2759
f 3341/1749/2796 3216/1660/2759 3215/1659/2759
f 3314/1736/2798 3342/1750/2799 3219/1667/2759
f 3314/1736/2798 3219/1667/2759 3218/1665/2759
f 3342/1750/2799 3324/1740/2800 3220/1669/2759
f 3342/1750/2799 3220/1669/2759 3219/1667/2759
f 3332/1744/2801 3343/1751/2802 3223/1675/2759
f 3332/1744/2801 3223/1675/2759 3222/1673/2759
f 3343/1751/2802 3301/1731/2803 3224/1677/2759
f 3343/1751/2802 3224/1677/2759 3223/1675/2759
f 3287/1727/2804 3344/1752/2805 3227/1683/2759
f 3287/1727/2804 3227/1683/2759 3226/1681/2759
f 3344/1752/2805 3263/1716/2806 3228/1685/2759
f 3344/1752/2805 3228/1685/2759 3227/1683/2759
f 3304/1732/2807 3345/1753/2808 3231/1691/2759
f 3304/1732/2807 3231/1691/2759 3230/1689/2759
f 3345/1753/2808 3318/1738/2809 3232/1693/2759
f 3345/1753/2808 3232/1693/2759 3231/1691/2759
f 3326/1741/2810 3346/1754/2811 3235/1699/2759
f 3326/1741/2810 3235/1699/2759 3234/1697/2759
f 3346/1754/2811 3336/1746/2812 3236/1701/2759
f 3346/1754/2811 3236/1701/2759 3235/1699/2759
f 3294/1729/2813 3341/1749/2796 3215/1659/2759
f 3294/1729/2813 3215/1659/2759 3238/1705/2759
f 3347/1755/2814 3275/1722/2815 3241/1707/2816
f 3347/1755/2814 3241/1707/2816 3348/1756/2817
f 3271/1720/2818 3349/1757/2819 3350/1758/2820
f 3271/1720/2818 3350/1758/2820 3268/1719/2821
f 3349/1757/2819 3264/1717/2822 3267/1718/2823
f 3349/1757/2819 3267/1718/2823 3350/1758/2820
f 3253/1712/2824 3351/1759/2825 3352/1760/2826
f 3253/1712/2824 3352/1760/2826 3250/1711/2827
f 3351/1759/2825 3315/1737/2828 3298/1730/2829
f 3351/1759/2825 3298/1730/2829 3352/1760/2826
f 3333/1745/2830 3353/1761/2831 3354/1762/2832
f 3333/1745/2830 3354/1762/2832 3340/1748/2833
f 3353/1761/2831 3290/1728/2834 3260/1715/2835
f 3353/1761/2831 3260/1715/2835 3354/1762/2832
f 3259/1714/2836 3355/1763/2837 3356/1764/2838
f 3259/1714/2836 3356/1764/2838 3256/1713/2839
f 3355/1763/2837 3245/1709/2840 3278/1723/2841
f 3355/1763/2837 3278/1723/2841 3356/1764/2838
f 3282/1725/2842 3357/1765/2843 3358/1766/2844
f 3282/1725/2842 3358/1766/2844 3279/1724/2845
f 3357/1765/2843 3305/1733/2846 3308/1734/2847
f 3357/1765/2843 3308/1734/2847 3358/1766/2844
f 3327/1742/2848 3347/1755/2814 3348/1756/2817
f 3327/1742/2848 3348/1756/2817 3338/1747/2849
f 3338/1747/2849 3348/1756/2817 3341/1749/2796
f 3338/1747/2849 3341/1749/2796 3294/1729/2813
f 3358/1766/2844 3308/1734/2847 3336/1746/2812
f 3358/1766/2844 3336/1746/2812 3346/1754/2811
f 3279/1724/2845 3358/1766/2844 3346/1754/2811
f 3279/1724/2845 3346/1754/2811 3326/1741/2810
f 3356/1764/2838 3278/1723/2841 3318/1738/2809
f 3356/1764/2838 3318/1738/2809 3345/1753/2808
f 3256/1713/2839 3356/1764/2838 3345/1753/2808
f 3256/1713/2839 3345/1753/2808 3304/1732/2807
f 3354/1762/2832 3260/1715/2835 3263/1716/2806
f 3354/1762/2832 3263/1716/2806 3344/1752/2805
f 3340/1748/2833 3354/1762/2832 3344/1752/2805
f 3340/1748/2833 3344/1752/2805 3287/1727/2804
f 3352/1760/2826 3298/1730/2829 3301/1731/2803
f 3352/1760/2826 3301/1731/2803 3343/1751/2802
f 3250/1711/2827 3352/1760/2826 3343/1751/2802
f 3250/1711/2827 3343/1751/2802 3332/1744/2801
f 3350/1758/2820 3267/1718/2823 3324/1740/2800
f 3350/1758/2820 3324/1740/2800 3342/1750/2799
f 3268/1719/2821 3350/1758/2820 3342/1750/2799
f 3268/1719/2821 3342/1750/2799 3314/1736/2798
f 3348/1756/2817 3241/1707/2816 3244/1708/2797
f 3348/1756/2817 3244/1708/2797 3341/1749/2796
f 3338/1747/2752 3337/1747/2752 3328/1742/2752
f 3338/1747/2752 3328/1742/2752 3327/1742/2752
f 3340/1748/2740 3339/1748/2740 3334/1745/2740
f 3340/1748/2740 3334/1745/2740 3333/1745/2740
f 3336/1746/2738 3335/1746/2738 3311/1701/2738
f 3336/1746/2738 3311/1701/2738 3236/1701/2738
f 3324/1740/2746 3323/1740/2746 3249/1669/2746
f 3324/1740/2746 3249/1669/2746 3220/1669/2746
f 3318/1738/2758 3317/1738/2758 3274/1693/2758
f 3318/1738/2758 3274/1693/2758 3232/1693/2758
f 3301/1731/2750 3300/1731/2750 3319/1677/2750
f 3301/1731/2750 3319/1677/2750 3224/1677/2750
f 3263/1716/2754 3262/1716/2754 3302/1685/2754
f 3263/1716/2754 3302/1685/2754 3228/1685/2754
f 3244/1708/2742 3243/1708/2742 3295/1660/2742
f 3244/1708/2742 3295/1660/2742 3216/1660/2742
f 3333/1745/2830 3290/1728/2834 3353/1761/2831
f 3290/1728/2834 3333/1745/2830 3283/1726/2759
f 3283/1726/2759 3333/1745/2830 3329/1743/2759
f 3283/1726/2759 3329/1743/2759 3259/1714/2836
f 3259/1714/2836 3329/1743/2759 3315/1737/2828
f 3259/1714/2836 3315/1737/2828 3355/1763/2837
f 3355/1763/2837 3315/1737/2828 3351/1759/2825
f 3355/1763/2837 3351/1759/2825 3245/1709/2840
f 3245/1709/2840 3351/1759/2825 3253/1712/2824
f 3245/1709/2840 3253/1712/2824 3309/1735/2759
f 3245/1709/2840 3309/1735/2759 3246/1710/2759
f 3246/1710/2759 3309/1735/2759 3264/1717/2822
f 3246/1710/2759 3264/1717/2822 3282/1725/2842
f 3282/1725/2842 3264/1717/2822 3357/1765/2843
f 3357/1765/2843 3264/1717/2822 3349/1757/2819
f 3357/1765/2843 3349/1757/2819 3305/1733/2846
f 3305/1733/2846 3349/1757/2819 3271/1720/2818
f 3305/1733/2846 3271/1720/2818 3272/1721/2759
f 3305/1733/2846 3272/1721/2759 3321/1739/2759
f 3321/1739/2759 3272/1721/2759 3327/1742/2848
f 3327/1742/2848 3272/1721/2759 3275/1722/2815
f 3327/1742/2848 3275/1722/2815 3347/1755/2814
f 3194/1767/2850 3190/1768/2850 3192/1769/2850
f 3190/1768/2850 3194/1767/2850 3196/1770/2850
f 3190/1768/2850 3196/1770/2850 3188/1771/2850
f 3188/1771/2850 3196/1770/2850 3198/1772/2850
f 3188/1771/2850 3198/1772/2850 3186/1773/2850
f 3186/1773/2850 3198/1772/2850 3200/1774/2850
f 3186/1773/2850 3200/1774/2850 3184/1775/2850
f 3184/1775/2850 3200/1774/2850 3202/1776/2850
f 3184/1775/2850 3202/1776/2850 3182/1777/2850
f 3182/1777/2850 3202/1776/2850 3204/1778/2850
f 3182/1777/2850 3204/1778/2850 3180/1779/2850
f 3180/1779/2850 3204/1778/2850 3206/1780/2850
f 3180/1779/2850 3206/1780/2850 3178/1781/2850
f 3178/1781/2850 3206/1780/2850 3208/1782/2850
f 3178/1781/2850 3208/1782/2850 3176/1783/2850
f 3176/1783/2850 3208/1782/2850 3210/1784/2850
f 3176/1783/2850 3210/1784/2850 3174/1785/2850
f 3174/1785/2850 3210/1784/2850 3212/1786/2850
f 3174/1785/2850 3212/1786/2850 3172/1787/2850
f 3172/1787/2850 3212/1786/2850 3214/1788/2850
f 3172/1787/2850 3214/1788/2850 3170/1789/2850
f 3170/1789/2850 3214/1788/2850 3167/1790/2850
s off
g _13
v 0.890691 0.307736 1.42726
v 0.890691 0.270107 1.44285
v 0.890691 0.233847 1.38004
v 0.890691 0.288966 1.35721
v 0.890691 0.237795 1.46764
v 0.890691 0.186515 1.41636
v 0.890691 0.197414 1.53758
v 0.890691 0.192098 1.57796
v 0.890691 0.119578 1.57796
v 0.890691 0.127365 1.51881
v 0.890691 0.197414 1.61834
v 0.890691 0.127365 1.63711
v 0.890691 0.237795 1.68828
v 0.890691 0.270107 1.71308
v 0.890691 0.233847 1.77588
v 0.890691 0.186515 1.73956
v 0.890691 0.307736 1.72866
v 0.890691 0.288966 1.79871
v 0.890691 0.388496 1.72866
v 0.890691 0.426125 1.71308
v 0.890691 0.462385 1.77588
v 0.890691 0.407266 1.79871
v 0.890691 0.458437 1.68828
v 0.890691 0.509717 1.73956
v 0.890691 0.498818 1.61834
v 0.890691 0.504134 1.57796
v 0.890691 0.576654 1.57796
v 0.890691 0.568867 1.63711
v 0.890691 0.498818 1.53758
v 0.890691 0.568867 1.51881
v 0.890691 0.458437 1.46764
v 0.890691 0.426125 1.44285
v 0.890691 0.462385 1.38004
v 0.890691 0.509717 1.41636
v 0.890691 0.388496 1.42726
v 0.890691 0.407266 1.35721
v 0.852411 0.34115 1.55197
v 0.852411 0.334659 1.55465
v 0.875218 0.306367 1.50565
v 0.875218 0.326505 1.49731
v 0.852411 0.329085 1.55893
v 0.875218 0.289074 1.51892
v 0.852411 0.322119 1.571
v 0.852411 0.321202 1.57796
v 0.875218 0.264618 1.57796
v 0.875218 0.267463 1.55635
v 0.852411 0.322119 1.58493
v 0.875218 0.267463 1.59957
v 0.852411 0.329085 1.59699
v 0.852411 0.334659 1.60127
v 0.875218 0.306367 1.65027
v 0.875218 0.289074 1.637
v 0.852411 0.34115 1.60396
v 0.875218 0.326505 1.65862
v 0.852411 0.355082 1.60396
v 0.852411 0.361573 1.60127
v 0.875218 0.389865 1.65027
v 0.875218 0.369727 1.65862
v 0.852411 0.367147 1.59699
v 0.875218 0.407158 1.637
v 0.852411 0.374113 1.58493
v 0.852411 0.37503 1.57796
v 0.875218 0.431614 1.57796
v 0.875218 0.428769 1.59957
v 0.852411 0.374113 1.571
v 0.875218 0.428769 1.55635
v 0.852411 0.367147 1.55893
v 0.852411 0.361573 1.55465
v 0.875218 0.389865 1.50565
v 0.875218 0.407158 1.51892
v 0.852411 0.355082 1.55197
v 0.875218 0.369727 1.49731
v 0.927755 0.0149296 1.68622
v 0.947477 0.0480932 1.67545
v 0.947477 0.0929014 1.76339
v 0.927755 0.0646908 1.78388
v 0.927755 0.631541 1.78388
v 0.947477 0.60333 1.76339
v 0.947477 0.648139 1.67545
v 0.927755 0.681302 1.68622
v 0.927755 -0.00221689 1.57796
v 0.947477 0.0326534 1.57796
v 0.927755 0.554036 1.86139
v 0.947477 0.53354 1.83318
v 0.927755 0.456375 1.24478
v 0.947477 0.445599 1.27794
v 0.947477 0.348116 1.2625
v 0.927755 0.348116 1.22763
v 0.927755 0.0149296 1.4697
v 0.947477 0.0480932 1.48048
v 0.927755 0.456375 1.91115
v 0.947477 0.445599 1.87799
v 0.927755 0.554036 1.29454
v 0.947477 0.53354 1.32275
v 0.927755 0.0646907 1.37204
v 0.947477 0.0929013 1.39254
v 0.927755 0.348116 1.9283
v 0.947477 0.348116 1.89343
v 0.927755 0.631541 1.37204
v 0.947477 0.60333 1.39254
v 0.927755 0.142195 1.29454
v 0.947477 0.162692 1.32275
v 0.927755 0.239857 1.91115
v 0.947477 0.250633 1.87799
v 0.927755 0.681302 1.4697
v 0.947477 0.648139 1.48048
v 0.927755 0.239857 1.24478
v 0.947477 0.250633 1.27794
v 0.927755 0.142196 1.86139
v 0.947477 0.162692 1.83318
v 0.927755 0.698449 1.57796
v 0.947477 0.663578 1.57796
v 0.947477 0.434548 1.84397
v 0.947477 0.512519 1.80424
v 0.947477 0.512519 1.35168
v 0.947477 0.434548 1.31195
v 0.947477 0.121835 1.41356
v 0.947477 0.0821066 1.49153
v 0.947477 0.348116 1.85766
v 0.947477 0.574397 1.41356
v 0.947477 0.183713 1.35168
v 0.947477 0.261684 1.84397
v 0.947477 0.614125 1.49153
v 0.947477 0.261684 1.31195
v 0.947477 0.183713 1.80424
v 0.947477 0.627815 1.57796
v 0.947477 0.348116 1.29826
v 0.947477 0.121835 1.74237
v 0.947477 0.614125 1.66439
v 0.947477 0.0821066 1.66439
v 0.947477 0.574397 1.74237
v 0.947477 0.0684172 1.57796
v 0.796687 0.0646907 1.37204
v 0.796687 0.142195 1.29454
v 0.796687 0.348116 1.9283
v 0.796687 0.239857 1.91115
v 0.796687 0.631541 1.37204
v 0.796687 0.681302 1.4697
v 0.796687 0.239857 1.24478
v 0.796687 0.142196 1.86139
v 0.796687 0.698449 1.57796
v 0.796687 0.348116 1.22763
v 0.796687 0.0646908 1.78388
v 0.796687 0.681302 1.68622
v 0.796687 0.0149296 1.68622
v 0.796687 0.631541 1.78388
v 0.796687 -0.00221689 1.57796
v 0.796687 0.554036 1.86139
v 0.796687 0.456375 1.24478
v 0.796687 0.0149296 1.4697
v 0.796687 0.456375 1.91115
v 0.796687 0.554036 1.29454
v 0.671209 0.0149296 1.68622
v 0.671209 0.0646907 1.78388
v 0.651487 0.0929014 1.76339
v 0.651487 0.0480932 1.67545
v 0.671209 0.631541 1.78388
v 0.671209 0.681302 1.68622
v 0.651487 0.648139 1.67545
v 0.651487 0.60333 1.76339
v 0.671209 -0.00221689 1.57796
v 0.651487 0.0326534 1.57796
v 0.671209 0.554036 1.86139
v 0.651487 0.53354 1.83318
v 0.671209 0.456375 1.24478
v 0.671209 0.348116 1.22763
v 0.651487 0.348116 1.2625
v 0.651487 0.445599 1.27794
v 0.671209 0.0149296 1.4697
v 0.651487 0.0480932 1.48048
v 0.671209 0.456375 1.91115
v 0.651487 0.445599 1.87799
v 0.671209 0.554036 1.29454
v 0.651487 0.53354 1.32275
v 0.671209 0.0646907 1.37204
v 0.651487 0.0929013 1.39254
v 0.671209 0.348116 1.9283
v 0.651487 0.348116 1.89343
v 0.671209 0.631541 1.37204
v 0.651487 0.60333 1.39254
v 0.671209 0.142195 1.29454
v 0.651487 0.162692 1.32275
v 0.671209 0.239857 1.91115
v 0.651487 0.250633 1.87799
v 0.671209 0.681302 1.4697
v 0.651487 0.648139 1.48048
v 0.671209 0.239857 1.24478
v 0.651487 0.250633 1.27794
v 0.671209 0.142195 1.86139
v 0.651487 0.162692 1.83318
v 0.671209 0.698449 1.57796
v 0.651487 0.663578 1.57796
v 0.651487 0.512519 1.80424
v 0.651487 0.434548 1.84397
v 0.651487 0.434548 1.31195
v 0.651487 0.512519 1.35168
v 0.651487 0.0821066 1.49153
v 0.651487 0.121835 1.41356
v 0.651487 0.348116 1.85766
v 0.651487 0.574397 1.41356
v 0.651487 0.183713 1.35168
v 0.651487 0.261684 1.84397
v 0.651487 0.614125 1.49153
v 0.651487 0.261684 1.31195
v 0.651487 0.183713 1.80424
v 0.651487 0.627815 1.57796
v 0.651487 0.348116 1.29826
v 0.651487 0.121835 1.74237
v 0.651487 0.614125 1.66439
v 0.651487 0.0821066 1.66439
v 0.651487 0.574397 1.74237
v 0.651487 0.0684172 1.57796
vn 0.995277 0.0371483 0.0896836
vn 0.995357 0.0481251 0.083355
vn 1 1.01593e-07 1.61286e-08
vn 0.995277 0.0590943 0.077013
vn 0.995277 0.0962424 0.0126706
vn 0.995357 0.0962501 9.30858e-09
vn 0.995277 0.0962424 -0.0126705
vn 0.995277 0.0590943 -0.077013
vn 0.995357 0.0481251 -0.083355
vn 0.995277 0.0371482 -0.0896836
vn 0.995277 -0.0371481 -0.0896835
vn 0.995357 -0.048125 -0.083355
vn 0.995277 -0.0590941 -0.077013
vn 0.995277 -0.0962423 -0.0126705
vn 0.995357 -0.09625 4.58135e-09
vn 0.995277 -0.0962423 0.0126705
vn 0.995277 -0.059094 0.077013
vn 0.995357 -0.0481249 0.083355
vn 0.995277 -0.0371481 0.0896836
vn 0.926372 0.144123 0.347941
vn 0.927494 0.18692 0.323754
vn 0.958308 0.142869 0.247455
vn 0.957631 0.110213 0.266076
vn 0.926372 0.229265 0.298784
vn 0.957631 0.175323 0.228485
vn 0.926372 0.373387 0.0491575
vn 0.927494 0.373839 8.67733e-08
vn 0.958308 0.285737 5.68564e-08
vn 0.957631 0.285535 0.0375915
vn 0.926372 0.373387 -0.0491573
vn 0.957631 0.285535 -0.0375914
vn 0.926372 0.229265 -0.298784
vn 0.927494 0.186919 -0.323754
vn 0.958308 0.142868 -0.247455
vn 0.957631 0.175322 -0.228485
vn 0.926372 0.144122 -0.347941
vn 0.957631 0.110212 -0.266076
vn 0.926372 -0.144123 -0.347941
vn 0.927494 -0.18692 -0.323754
vn 0.958308 -0.142869 -0.247455
vn 0.957631 -0.110213 -0.266076
vn 0.926372 -0.229265 -0.298784
vn 0.957631 -0.175322 -0.228485
vn 0.926372 -0.373387 -0.0491574
vn 0.927494 -0.373839 -1.08815e-07
vn 0.958308 -0.285737 -4.55646e-08
vn 0.957631 -0.285535 -0.0375914
vn 0.926372 -0.373387 0.0491572
vn 0.957631 -0.285535 0.0375913
vn 0.926372 -0.229265 0.298784
vn 0.927494 -0.186919 0.323754
vn 0.958308 -0.142868 0.247455
vn 0.957631 -0.175322 0.228485
vn 0.926372 -0.144122 0.347941
vn 0.957631 -0.110212 0.266076
vn 0.870427 -0.468203 0.152128
vn 0.960576 -0.264409 0.0859119
vn 0.960576 -0.22492 0.163414
vn 0.870427 -0.398277 0.289365
vn 0.870427 0.398277 0.289365
vn 0.960576 0.22492 0.163414
vn 0.960576 0.26441 0.0859117
vn 0.870427 0.468203 0.152128
vn 0.870427 -0.492298 1.76774e-08
vn 0.960576 -0.278016 1.06891e-08
vn 0.870427 0.289366 0.398277
vn 0.960576 0.163414 0.22492
vn 0.870427 0.152128 -0.468203
vn 0.960576 0.0859118 -0.264409
vn 0.960576 -1.56328e-08 -0.278017
vn 0.870427 -8.80215e-08 -0.492298
vn 0.870427 -0.468203 -0.152128
vn 0.960576 -0.264409 -0.0859118
vn 0.870427 0.152128 0.468203
vn 0.960576 0.0859119 0.264409
vn 0.870427 0.289365 -0.398277
vn 0.960576 0.163414 -0.22492
vn 0.870427 -0.398277 -0.289365
vn 0.960576 -0.22492 -0.163414
vn 0.870427 7.23895e-08 0.492298
vn 0.960576 7.74219e-08 0.278016
vn 0.870427 0.398277 -0.289366
vn 0.960576 0.22492 -0.163414
vn 0.870427 -0.289365 -0.398277
vn 0.960576 -0.163414 -0.22492
vn 0.870427 -0.152128 0.468203
vn 0.960576 -0.0859117 0.264409
vn 0.870427 0.468203 -0.152128
vn 0.960576 0.264409 -0.0859118
vn 0.870427 -0.152128 -0.468203
vn 0.960576 -0.0859118 -0.264409
vn 0.870427 -0.289365 0.398277
vn 0.960576 -0.163414 0.22492
vn 0.870427 0.492298 -1.24666e-08
vn 0.960576 0.278016 1.08569e-08
vn 0 -0.809017 -0.587785
vn 8.56997e-08 -0.587785 -0.809017
vn -1.4312e-16 1.62921e-07 1
vn 2.4593e-08 -0.309017 0.951057
vn 0 0.809017 -0.587785
vn 0 0.951057 -0.309017
vn 2.56642e-08 -0.309017 -0.951057
vn 8.56997e-08 -0.587785 0.809017
vn 0 1 -1.48514e-07
vn 2.14249e-09 -1.84531e-07 -1
vn 6.85598e-08 -0.809017 0.587785
vn 0 0.951057 0.309017
vn 0 -0.951057 0.309017
vn 0 0.809017 0.587785
vn 0 -1 1.74926e-07
vn -1.71399e-08 0.587785 0.809017
vn -2.35217e-08 0.309017 -0.951057
vn 0 -0.951057 -0.309017
vn -2.35217e-08 0.309017 0.951057
vn -1.71399e-08 0.587785 -0.809017
vn -0.870427 -0.468203 0.152128
vn -0.870427 -0.398277 0.289365
vn -0.960576 -0.22492 0.163414
vn -0.960576 -0.264409 0.0859118
vn -0.870427 0.398277 0.289365
vn -0.870427 0.468203 0.152128
vn -0.960576 0.264409 0.0859118
vn -0.960576 0.22492 0.163414
vn -0.870427 -0.492298 7.49949e-08
vn -0.960576 -0.278017 4.28229e-08
vn -0.870427 0.289365 0.398277
vn -0.960576 0.163414 0.22492
vn -0.870427 0.152128 -0.468203
vn -0.870427 -8.80215e-08 -0.492298
vn -0.960576 -5.02383e-08 -0.278016
vn -0.960576 0.0859117 -0.264409
vn -0.870427 -0.468203 -0.152128
vn -0.960576 -0.264409 -0.0859118
vn -0.870427 0.152128 0.468203
vn -0.960576 0.0859117 0.264409
vn -0.870427 0.289365 -0.398277
vn -0.960576 0.163414 -0.22492
vn -0.870427 -0.398277 -0.289365
vn -0.960576 -0.22492 -0.163414
vn -0.870427 7.23894e-08 0.492298
vn -0.960576 4.0351e-08 0.278016
vn -0.870427 0.398277 -0.289365
vn -0.960576 0.22492 -0.163414
vn -0.870427 -0.289365 -0.398277
vn -0.960576 -0.163414 -0.22492
vn -0.870427 -0.152128 0.468203
vn -0.960576 -0.0859118 0.264409
vn -0.870427 0.468203 -0.152128
vn -0.960576 0.264409 -0.0859118
vn -0.870427 -0.152128 -0.468203
vn -0.960576 -0.0859119 -0.264409
vn -0.870427 -0.289365 0.398277
vn -0.960576 -0.163414 0.22492
vn -0.870427 0.492298 -1.5072e-08
vn -0.960576 0.278016 -5.74543e-09
vn -1 -6.65262e-08 5.20082e-09
vt 0.286311 -0.385513
vt 0.320147 -0.371497
vt 0.352752 -0.427972
vt 0.303188 -0.448502
vt 0.349202 -0.349202
vt 0.395313 -0.395313
vt 0.385513 -0.286311
vt 0.390293 -0.25
vt 0.455504 -0.25
vt 0.448502 -0.303188
vt 0.385513 -0.21369
vt 0.448502 -0.196812
vt 0.349202 -0.150798
vt 0.320147 -0.128503
vt 0.352752 -0.0720285
vt 0.395313 -0.104687
vt 0.286311 -0.114487
vt 0.303188 -0.0514985
vt 0.21369 -0.114487
vt 0.179853 -0.128503
vt 0.147248 -0.0720284
vt 0.196812 -0.0514985
vt 0.150798 -0.150798
vt 0.104687 -0.104687
vt 0.114487 -0.21369
vt 0.109707 -0.25
vt 0.0444961 -0.25
vt 0.0514985 -0.196812
vt 0.114487 -0.286311
vt 0.0514985 -0.303188
vt 0.150798 -0.349202
vt 0.179854 -0.371497
vt 0.147248 -0.427972
vt 0.104687 -0.395313
vt 0.21369 -0.385513
vt 0.196812 -0.448502
vt 0.256264 -0.273377
vt 0.262101 -0.270959
vt 0.287541 -0.315023
vt 0.269433 -0.322524
vt 0.267113 -0.267113
vt 0.303091 -0.303091
vt 0.273377 -0.256264
vt 0.274202 -0.25
vt 0.325082 -0.25
vt 0.322524 -0.269433
vt 0.273377 -0.243736
vt 0.322524 -0.230567
vt 0.267113 -0.232887
vt 0.262101 -0.229041
vt 0.287541 -0.184977
vt 0.303091 -0.196909
vt 0.256264 -0.226623
vt 0.269433 -0.177476
vt 0.243736 -0.226623
vt 0.237899 -0.229041
vt 0.212459 -0.184977
vt 0.230567 -0.177476
vt 0.232887 -0.232887
vt 0.196909 -0.196909
vt 0.226623 -0.243736
vt 0.225799 -0.25
vt 0.174918 -0.25
vt 0.177476 -0.230567
vt 0.226623 -0.256264
vt 0.177476 -0.269433
vt 0.232887 -0.267113
vt 0.237899 -0.270959
vt 0.212459 -0.315023
vt 0.196909 -0.303091
vt 0.243736 -0.273377
vt 0.230567 -0.322524
vt 0 0
usemtl Plastic
f 3359/1791/2851 3360/1792/2852 3361/1793/2853
f 3359/1791/2851 3361/1793/2853 3362/1794/2853
f 3360/1792/2852 3363/1795/2854 3364/1796/2853
f 3360/1792/2852 3364/1796/2853 3361/1793/2853
f 3365/1797/2855 3366/1798/2856 3367/1799/2853
f 3365/1797/2855 3367/1799/2853 3368/1800/2853
f 3366/1798/2856 3369/1801/2857 3370/1802/2853
f 3366/1798/2856 3370/1802/2853 3367/1799/2853
f 3371/1803/2858 3372/1804/2859 3373/1805/2853
f 3371/1803/2858 3373/1805/2853 3374/1806/2853
f 3372/1804/2859 3375/1807/2860 3376/1808/2853
f 3372/1804/2859 3376/1808/2853 3373/1805/2853
f 3377/1809/2861 3378/1810/2862 3379/1811/2853
f 3377/1809/2861 3379/1811/2853 3380/1812/2853
f 3378/1810/2862 3381/1813/2863 3382/1814/2853
f 3378/1810/2862 3382/1814/2853 3379/1811/2853
f 3383/1815/2864 3384/1816/2865 3385/1817/2853
f 3383/1815/2864 3385/1817/2853 3386/1818/2853
f 3384/1816/2865 3387/1819/2866 3388/1820/2853
f 3384/1816/2865 3388/1820/2853 3385/1817/2853
f 3389/1821/2867 3390/1822/2868 3391/1823/2853
f 3389/1821/2867 3391/1823/2853 3392/1824/2853
f 3390/1822/2868 3393/1825/2869 3394/1826/2853
f 3390/1822/2868 3394/1826/2853 3391/1823/2853
f 3395/1827/2870 3396/1828/2871 3397/1829/2872
f 3395/1827/2870 3397/1829/2872 3398/1830/2873
f 3396/1828/2871 3399/1831/2874 3400/1832/2875
f 3396/1828/2871 3400/1832/2875 3397/1829/2872
f 3401/1833/2876 3402/1834/2877 3403/1835/2878
f 3401/1833/2876 3403/1835/2878 3404/1836/2879
f 3402/1834/2877 3405/1837/2880 3406/1838/2881
f 3402/1834/2877 3406/1838/2881 3403/1835/2878
f 3407/1839/2882 3408/1840/2883 3409/1841/2884
f 3407/1839/2882 3409/1841/2884 3410/1842/2885
f 3408/1840/2883 3411/1843/2886 3412/1844/2887
f 3408/1840/2883 3412/1844/2887 3409/1841/2884
f 3413/1845/2888 3414/1846/2889 3415/1847/2890
f 3413/1845/2888 3415/1847/2890 3416/1848/2891
f 3414/1846/2889 3417/1849/2892 3418/1850/2893
f 3414/1846/2889 3418/1850/2893 3415/1847/2890
f 3419/1851/2894 3420/1852/2895 3421/1853/2896
f 3419/1851/2894 3421/1853/2896 3422/1854/2897
f 3420/1852/2895 3423/1855/2898 3424/1856/2899
f 3420/1852/2895 3424/1856/2899 3421/1853/2896
f 3425/1857/2900 3426/1858/2901 3427/1859/2902
f 3425/1857/2900 3427/1859/2902 3428/1860/2903
f 3426/1858/2901 3429/1861/2904 3430/1862/2905
f 3426/1858/2901 3430/1862/2905 3427/1859/2902
f 3427/1859/2902 3430/1862/2905 3393/1825/2869
f 3427/1859/2902 3393/1825/2869 3390/1822/2868
f 3428/1860/2903 3427/1859/2902 3390/1822/2868
f 3428/1860/2903 3390/1822/2868 3389/1821/2867
f 3421/1853/2896 3424/1856/2899 3387/1819/2866
f 3421/1853/2896 3387/1819/2866 3384/1816/2865
f 3422/1854/2897 3421/1853/2896 3384/1816/2865
f 3422/1854/2897 3384/1816/2865 3383/1815/2864
f 3415/1847/2890 3418/1850/2893 3381/1813/2863
f 3415/1847/2890 3381/1813/2863 3378/1810/2862
f 3416/1848/2891 3415/1847/2890 3378/1810/2862
f 3416/1848/2891 3378/1810/2862 3377/1809/2861
f 3409/1841/2884 3412/1844/2887 3375/1807/2860
f 3409/1841/2884 3375/1807/2860 3372/1804/2859
f 3410/1842/2885 3409/1841/2884 3372/1804/2859
f 3410/1842/2885 3372/1804/2859 3371/1803/2858
f 3403/1835/2878 3406/1838/2881 3369/1801/2857
f 3403/1835/2878 3369/1801/2857 3366/1798/2856
f 3404/1836/2879 3403/1835/2878 3366/1798/2856
f 3404/1836/2879 3366/1798/2856 3365/1797/2855
f 3397/1829/2872 3400/1832/2875 3363/1795/2854
f 3397/1829/2872 3363/1795/2854 3360/1792/2852
f 3398/1830/2873 3397/1829/2872 3360/1792/2852
f 3398/1830/2873 3360/1792/2852 3359/1791/2851
f 3431/1863/2906 3432/1863/2907 3433/1863/2908
f 3431/1863/2906 3433/1863/2908 3434/1863/2909
f 3435/1863/2910 3436/1863/2911 3437/1863/2912
f 3435/1863/2910 3437/1863/2912 3438/1863/2913
f 3439/1863/2914 3440/1863/2915 3432/1863/2907
f 3439/1863/2914 3432/1863/2907 3431/1863/2906
f 3441/1863/2916 3442/1863/2917 3436/1863/2911
f 3441/1863/2916 3436/1863/2911 3435/1863/2910
f 3443/1863/2918 3444/1863/2919 3445/1863/2920
f 3443/1863/2918 3445/1863/2920 3446/1863/2921
f 3447/1863/2922 3448/1863/2923 3440/1863/2915
f 3447/1863/2922 3440/1863/2915 3439/1863/2914
f 3449/1863/2924 3450/1863/2925 3442/1863/2917
f 3449/1863/2924 3442/1863/2917 3441/1863/2916
f 3451/1863/2926 3452/1863/2927 3444/1863/2919
f 3451/1863/2926 3444/1863/2919 3443/1863/2918
f 3453/1863/2928 3454/1863/2929 3448/1863/2923
f 3453/1863/2928 3448/1863/2923 3447/1863/2922
f 3455/1863/2930 3456/1863/2931 3450/1863/2925
f 3455/1863/2930 3450/1863/2925 3449/1863/2924
f 3457/1863/2932 3458/1863/2933 3452/1863/2927
f 3457/1863/2932 3452/1863/2927 3451/1863/2926
f 3459/1863/2934 3460/1863/2935 3454/1863/2929
f 3459/1863/2934 3454/1863/2929 3453/1863/2928
f 3461/1863/2936 3462/1863/2937 3456/1863/2931
f 3461/1863/2936 3456/1863/2931 3455/1863/2930
f 3463/1863/2938 3464/1863/2939 3458/1863/2933
f 3463/1863/2938 3458/1863/2933 3457/1863/2932
f 3465/1863/2940 3466/1863/2941 3460/1863/2935
f 3465/1863/2940 3460/1863/2935 3459/1863/2934
f 3467/1863/2942 3468/1863/2943 3462/1863/2937
f 3467/1863/2942 3462/1863/2937 3461/1863/2936
f 3469/1863/2944 3470/1863/2945 3464/1863/2939
f 3469/1863/2944 3464/1863/2939 3463/1863/2938
f 3446/1863/2921 3445/1863/2920 3466/1863/2941
f 3446/1863/2921 3466/1863/2941 3465/1863/2940
f 3434/1863/2909 3433/1863/2908 3468/1863/2943
f 3434/1863/2909 3468/1863/2943 3467/1863/2942
f 3438/1863/2913 3437/1863/2912 3470/1863/2945
f 3438/1863/2913 3470/1863/2945 3469/1863/2944
f 3450/1863/2925 3471/1863/2853 3472/1863/2853
f 3450/1863/2925 3472/1863/2853 3442/1863/2917
f 3452/1863/2927 3473/1863/2853 3474/1863/2853
f 3452/1863/2927 3474/1863/2853 3444/1863/2919
f 3454/1863/2929 3475/1863/2853 3476/1863/2853
f 3454/1863/2929 3476/1863/2853 3448/1863/2923
f 3456/1863/2931 3477/1863/2853 3471/1863/2853
f 3456/1863/2931 3471/1863/2853 3450/1863/2925
f 3458/1863/2933 3478/1863/2853 3473/1863/2853
f 3458/1863/2933 3473/1863/2853 3452/1863/2927
f 3460/1863/2935 3479/1863/2853 3475/1863/2853
f 3460/1863/2935 3475/1863/2853 3454/1863/2929
f 3462/1863/2937 3480/1863/2853 3477/1863/2853
f 3462/1863/2937 3477/1863/2853 3456/1863/2931
f 3464/1863/2939 3481/1863/2853 3478/1863/2853
f 3464/1863/2939 3478/1863/2853 3458/1863/2933
f 3466/1863/2941 3482/1863/2853 3479/1863/2853
f 3466/1863/2941 3479/1863/2853 3460/1863/2935
f 3468/1863/2943 3483/1863/2853 3480/1863/2853
f 3468/1863/2943 3480/1863/2853 3462/1863/2937
f 3470/1863/2945 3484/1863/2853 3481/1863/2853
f 3470/1863/2945 3481/1863/2853 3464/1863/2939
f 3445/1863/2920 3485/1863/2853 3482/1863/2853
f 3445/1863/2920 3482/1863/2853 3466/1863/2941
f 3433/1863/2908 3486/1863/2853 3483/1863/2853
f 3433/1863/2908 3483/1863/2853 3468/1863/2943
f 3437/1863/2912 3487/1863/2853 3484/1863/2853
f 3437/1863/2912 3484/1863/2853 3470/1863/2945
f 3432/1863/2907 3488/1863/2853 3486/1863/2853
f 3432/1863/2907 3486/1863/2853 3433/1863/2908
f 3436/1863/2911 3489/1863/2853 3487/1863/2853
f 3436/1863/2911 3487/1863/2853 3437/1863/2912
f 3440/1863/2915 3490/1863/2853 3488/1863/2853
f 3440/1863/2915 3488/1863/2853 3432/1863/2907
f 3442/1863/2917 3472/1863/2853 3489/1863/2853
f 3442/1863/2917 3489/1863/2853 3436/1863/2911
f 3444/1863/2919 3474/1863/2853 3485/1863/2853
f 3444/1863/2919 3485/1863/2853 3445/1863/2920
f 3448/1863/2923 3476/1863/2853 3490/1863/2853
f 3448/1863/2923 3490/1863/2853 3440/1863/2915
f 3453/1863/2946 3491/1863/2946 3492/1863/2947
f 3453/1863/2946 3492/1863/2947 3459/1863/2947
f 3455/1863/2948 3493/1863/2948 3494/1863/2949
f 3455/1863/2948 3494/1863/2949 3461/1863/2949
f 3457/1863/2950 3495/1863/2950 3496/1863/2951
f 3457/1863/2950 3496/1863/2951 3463/1863/2951
f 3459/1863/2947 3492/1863/2947 3497/1863/2952
f 3459/1863/2947 3497/1863/2952 3465/1863/2952
f 3461/1863/2949 3494/1863/2949 3498/1863/2953
f 3461/1863/2949 3498/1863/2953 3467/1863/2953
f 3463/1863/2951 3496/1863/2951 3499/1863/2954
f 3463/1863/2951 3499/1863/2954 3469/1863/2954
f 3465/1863/2952 3497/1863/2952 3500/1863/2955
f 3465/1863/2952 3500/1863/2955 3446/1863/2955
f 3467/1863/2953 3498/1863/2953 3501/1863/2956
f 3467/1863/2953 3501/1863/2956 3434/1863/2956
f 3469/1863/2954 3499/1863/2954 3502/1863/2957
f 3469/1863/2954 3502/1863/2957 3438/1863/2957
f 3434/1863/2956 3501/1863/2956 3503/1863/2958
f 3434/1863/2956 3503/1863/2958 3431/1863/2958
f 3438/1863/2957 3502/1863/2957 3504/1863/2959
f 3438/1863/2957 3504/1863/2959 3435/1863/2959
f 3431/1863/2958 3503/1863/2958 3505/1863/2960
f 3431/1863/2958 3505/1863/2960 3439/1863/2960
f 3435/1863/2959 3504/1863/2959 3506/1863/2961
f 3435/1863/2959 3506/1863/2961 3441/1863/2961
f 3446/1863/2955 3500/1863/2955 3507/1863/2962
f 3446/1863/2955 3507/1863/2962 3443/1863/2962
f 3439/1863/2960 3505/1863/2960 3508/1863/2963
f 3439/1863/2960 3508/1863/2963 3447/1863/2963
f 3441/1863/2961 3506/1863/2961 3509/1863/2964
f 3441/1863/2961 3509/1863/2964 3449/1863/2964
f 3443/1863/2962 3507/1863/2962 3510/1863/2965
f 3443/1863/2962 3510/1863/2965 3451/1863/2965
f 3447/1863/2963 3508/1863/2963 3491/1863/2946
f 3447/1863/2963 3491/1863/2946 3453/1863/2946
f 3449/1863/2964 3509/1863/2964 3493/1863/2948
f 3449/1863/2964 3493/1863/2948 3455/1863/2948
f 3451/1863/2965 3510/1863/2965 3495/1863/2950
f 3451/1863/2965 3495/1863/2950 3457/1863/2950
f 3511/1863/2966 3512/1863/2967 3513/1863/2968
f 3511/1863/2966 3513/1863/2968 3514/1863/2969
f 3515/1863/2970 3516/1863/2971 3517/1863/2972
f 3515/1863/2970 3517/1863/2972 3518/1863/2973
f 3519/1863/2974 3511/1863/2966 3514/1863/2969
f 3519/1863/2974 3514/1863/2969 3520/1863/2975
f 3521/1863/2976 3515/1863/2970 3518/1863/2973
f 3521/1863/2976 3518/1863/2973 3522/1863/2977
f 3523/1863/2978 3524/1863/2979 3525/1863/2980
f 3523/1863/2978 3525/1863/2980 3526/1863/2981
f 3527/1863/2982 3519/1863/2974 3520/1863/2975
f 3527/1863/2982 3520/1863/2975 3528/1863/2983
f 3529/1863/2984 3521/1863/2976 3522/1863/2977
f 3529/1863/2984 3522/1863/2977 3530/1863/2985
f 3531/1863/2986 3523/1863/2978 3526/1863/2981
f 3531/1863/2986 3526/1863/2981 3532/1863/2987
f 3533/1863/2988 3527/1863/2982 3528/1863/2983
f 3533/1863/2988 3528/1863/2983 3534/1863/2989
f 3535/1863/2990 3529/1863/2984 3530/1863/2985
f 3535/1863/2990 3530/1863/2985 3536/1863/2991
f 3537/1863/2992 3531/1863/2986 3532/1863/2987
f 3537/1863/2992 3532/1863/2987 3538/1863/2993
f 3539/1863/2994 3533/1863/2988 3534/1863/2989
f 3539/1863/2994 3534/1863/2989 3540/1863/2995
f 3541/1863/2996 3535/1863/2990 3536/1863/2991
f 3541/1863/2996 3536/1863/2991 3542/1863/2997
f 3543/1863/2998 3537/1863/2992 3538/1863/2993
f 3543/1863/2998 3538/1863/2993 3544/1863/2999
f 3545/1863/3000 3539/1863/2994 3540/1863/2995
f 3545/1863/3000 3540/1863/2995 3546/1863/3001
f 3547/1863/3002 3541/1863/2996 3542/1863/2997
f 3547/1863/3002 3542/1863/2997 3548/1863/3003
f 3549/1863/3004 3543/1863/2998 3544/1863/2999
f 3549/1863/3004 3544/1863/2999 3550/1863/3005
f 3524/1863/2979 3545/1863/3000 3546/1863/3001
f 3524/1863/2979 3546/1863/3001 3525/1863/2980
f 3512/1863/2967 3547/1863/3002 3548/1863/3003
f 3512/1863/2967 3548/1863/3003 3513/1863/2968
f 3516/1863/2971 3549/1863/3004 3550/1863/3005
f 3516/1863/2971 3550/1863/3005 3517/1863/2972
f 3530/1863/2985 3522/1863/2977 3551/1863/3006
f 3530/1863/2985 3551/1863/3006 3552/1863/3006
f 3532/1863/2987 3526/1863/2981 3553/1863/3006
f 3532/1863/2987 3553/1863/3006 3554/1863/3006
f 3534/1863/2989 3528/1863/2983 3555/1863/3006
f 3534/1863/2989 3555/1863/3006 3556/1863/3006
f 3536/1863/2991 3530/1863/2985 3552/1863/3006
f 3536/1863/2991 3552/1863/3006 3557/1863/3006
f 3538/1863/2993 3532/1863/2987 3554/1863/3006
f 3538/1863/2993 3554/1863/3006 3558/1863/3006
f 3540/1863/2995 3534/1863/2989 3556/1863/3006
f 3540/1863/2995 3556/1863/3006 3559/1863/3006
f 3542/1863/2997 3536/1863/2991 3557/1863/3006
f 3542/1863/2997 3557/1863/3006 3560/1863/3006
f 3544/1863/2999 3538/1863/2993 3558/1863/3006
f 3544/1863/2999 3558/1863/3006 3561/1863/3006
f 3546/1863/3001 3540/1863/2995 3559/1863/3006
f 3546/1863/3001 3559/1863/3006 3562/1863/3006
f 3548/1863/3003 3542/1863/2997 3560/1863/3006
f 3548/1863/3003 3560/1863/3006 3563/1863/3006
f 3550/1863/3005 3544/1863/2999 3561/1863/3006
f 3550/1863/3005 3561/1863/3006 3564/1863/3006
f 3525/1863/2980 3546/1863/3001 3562/1863/3006
f 3525/1863/2980 3562/1863/3006 3565/1863/3006
f 3513/1863/2968 3548/1863/3003 3563/1863/3006
f 3513/1863/2968 3563/1863/3006 3566/1863/3006
f 3517/1863/2972 3550/1863/3005 3564/1863/3006
f 3517/1863/2972 3564/1863/3006 3567/1863/3006
f 3514/1863/2969 3513/1863/2968 3566/1863/3006
f 3514/1863/2969 3566/1863/3006 3568/1863/3006
f 3518/1863/2973 3517/1863/2972 3567/1863/3006
f 3518/1863/2973 3567/1863/3006 3569/1863/3006
f 3520/1863/2975 3514/1863/2969 3568/1863/3006
f 3520/1863/2975 3568/1863/3006 3570/1863/3006
f 3522/1863/2977 3518/1863/2973 3569/1863/3006
f 3522/1863/2977 3569/1863/3006 3551/1863/3006
f 3526/1863/2981 3525/1863/2980 3565/1863/3006
f 3526/1863/2981 3565/1863/3006 3553/1863/3006
f 3528/1863/2983 3520/1863/2975 3570/1863/3006
f 3528/1863/2983 3570/1863/3006 3555/1863/3006
f 3533/1863/2946 3539/1863/2947 3492/1863/2947
f 3533/1863/2946 3492/1863/2947 3491/1863/2946
f 3535/1863/2948 3541/1863/2949 3494/1863/2949
f 3535/1863/2948 3494/1863/2949 3493/1863/2948
f 3537/1863/2950 3543/1863/2951 3496/1863/2951
f 3537/1863/2950 3496/1863/2951 3495/1863/2950
f 3539/1863/2947 3545/1863/2952 3497/1863/2952
f 3539/1863/2947 3497/1863/2952 3492/1863/2947
f 3541/1863/2949 3547/1863/2953 3498/1863/2953
f 3541/1863/2949 3498/1863/2953 3494/1863/2949
f 3543/1863/2951 3549/1863/2954 3499/1863/2954
f 3543/1863/2951 3499/1863/2954 3496/1863/2951
f 3545/1863/2952 3524/1863/2955 3500/1863/2955
f 3545/1863/2952 3500/1863/2955 3497/1863/2952
f 3547/1863/2953 3512/1863/2956 3501/1863/2956
f 3547/1863/2953 3501/1863/2956 3498/1863/2953
f 3549/1863/2954 3516/1863/2957 3502/1863/2957
f 3549/1863/2954 3502/1863/2957 3499/1863/2954
f 3512/1863/2956 3511/1863/2958 3503/1863/2958
f 3512/1863/2956 3503/1863/2958 3501/1863/2956
f 3516/1863/2957 3515/1863/2959 3504/1863/2959
f 3516/1863/2957 3504/1863/2959 3502/1863/2957
f 3511/1863/2958 3519/1863/2960 3505/1863/2960
f 3511/1863/2958 3505/1863/2960 3503/1863/2958
f 3515/1863/2959 3521/1863/2961 3506/1863/2961
f 3515/1863/2959 3506/1863/2961 3504/1863/2959
f 3524/1863/2955 3523/1863/2962 3507/1863/2962
f 3524/1863/2955 3507/1863/2962 3500/1863/2955
f 3519/1863/2960 3527/1863/2963 3508/1863/2963
f 3519/1863/2960 3508/1863/2963 3505/1863/2960
f 3521/1863/2961 3529/1863/2964 3509/1863/2964
f 3521/1863/2961 3509/1863/2964 3506/1863/2961
f 3523/1863/2962 3531/1863/2965 3510/1863/2965
f 3523/1863/2962 3510/1863/2965 3507/1863/2962
f 3527/1863/2963 3533/1863/2946 3491/1863/2946
f 3527/1863/2963 3491/1863/2946 3508/1863/2963
f 3529/1863/2964 3535/1863/2948 3493/1863/2948
f 3529/1863/2964 3493/1863/2948 3509/1863/2964
f 3531/1863/2965 3537/1863/2950 3495/1863/2950
f 3531/1863/2965 3495/1863/2950 3510/1863/2965
f 3552/1863/3006 3560/1863/3006 3557/1863/3006
f 3560/1863/3006 3552/1863/3006 3551/1863/3006
f 3560/1863/3006 3551/1863/3006 3563/1863/3006
f 3563/1863/3006 3551/1863/3006 3569/1863/3006
f 3563/1863/3006 3569/1863/3006 3566/1863/3006
f 3566/1863/3006 3569/1863/3006 3567/1863/3006
f 3566/1863/3006 3567/1863/3006 3568/1863/3006
f 3568/1863/3006 3567/1863/3006 3564/1863/3006
f 3568/1863/3006 3564/1863/3006 3570/1863/3006
f 3570/1863/3006 3564/1863/3006 3561/1863/3006
f 3570/1863/3006 3561/1863/3006 3555/1863/3006
f 3555/1863/3006 3561/1863/3006 3558/1863/3006
f 3555/1863/3006 3558/1863/3006 3556/1863/3006
f 3556/1863/3006 3558/1863/3006 3554/1863/3006
f 3556/1863/3006 3554/1863/3006 3559/1863/3006
f 3559/1863/3006 3554/1863/3006 3553/1863/3006
f 3559/1863/3006 3553/1863/3006 3562/1863/3006
f 3562/1863/3006 3553/1863/3006 3565/1863/3006
s off
